date,site,amount_usd,category,verification,source_url,notes,mapped_category,confidence,facility_name
2026-03-31,THE AMERICAN CORRECTIONAL ASSOCIATION (FL),15550.0,detention-operations,Verified,https://api.usaspending.gov/api/v2/search/spending_by_award/,ICE contract award 70CDCR26P00000004 from USAspending (award-level obligation).,detention-operations,Partial,Unknown / multi-site
2026-03-01,"COLD BOX EXPRESS, INC. (AL)",12935.0,it-services,Verified,https://api.usaspending.gov/api/v2/search/spending_by_award/,ICE contract award 70CMSD26P00000022 from USAspending (award-level obligation).,it-services,Partial,Unknown / multi-site
2026-02-20,QUANTICO TACTICAL INCORPORATED (NC),763114.7,operations-support,Verified,https://api.usaspending.gov/api/v2/search/spending_by_award/,ICE contract award 70CMSW26FR0000016 from USAspending (award-level obligation).,operations-support,Partial,Unknown / multi-site
2026-02-20,"ATLANTIC DIVING SUPPLY, INC. (VA)",2247866.28,operations-support,Verified,https://api.usaspending.gov/api/v2/search/spending_by_award/,ICE contract award 70CMSW26FR0000015 from USAspending (award-level obligation).,operations-support,Partial,Unknown / multi-site
2026-02-19,"ATLANTIC DIVING SUPPLY, INC. (FL)",62580.0,it-services,Verified,https://api.usaspending.gov/api/v2/search/spending_by_award/,ICE contract award 70CMSW26FC0000024 from USAspending (award-level obligation).,it-services,Partial,Unknown / multi-site
2026-02-19,SIG SAUER INC. (NH),4675062.21,operations-support,Verified,https://api.usaspending.gov/api/v2/search/spending_by_award/,ICE contract award 70CMSW26FC0000014 from USAspending (award-level obligation).,operations-support,Partial,Unknown / multi-site
2026-02-19,TOWN OF LANCASTER (NY),50775.0,operations-support,Verified,https://api.usaspending.gov/api/v2/search/spending_by_award/,ICE contract award 70CDCR26P00000006 from USAspending (award-level obligation).,operations-support,Partial,Unknown / multi-site
2026-02-19,"ATLANTIC DIVING SUPPLY, INC. (VA)",450996.04,it-services,Verified,https://api.usaspending.gov/api/v2/search/spending_by_award/,ICE contract award 70CMSW26FC0000023 from USAspending (award-level obligation).,it-services,Partial,Unknown / multi-site
2026-02-18,"PANAMERICA COMPUTERS, INC. (TX)",97916.6,operations-support,Verified,https://api.usaspending.gov/api/v2/search/spending_by_award/,ICE contract award 70CMSD26FR0000016 from USAspending (award-level obligation).,operations-support,Partial,Unknown / multi-site
2026-02-17,"BAYSHORE TRANSPORTATION SYSTEM, INC. (PA)",13112.0,it-services,Verified,https://api.usaspending.gov/api/v2/search/spending_by_award/,ICE contract award 70CMSW26P00000015 from USAspending (award-level obligation).,it-services,Partial,Unknown / multi-site
2026-02-17,"GARUD TECHNOLOGY SERVICES, INC. (DC)",3370770.18,it-services,Verified,https://api.usaspending.gov/api/v2/search/spending_by_award/,ICE contract award 70CMSW26FR0000012 from USAspending (award-level obligation).,it-services,Partial,Unknown / multi-site
2026-02-17,"LIONHEART ALLIANCE, LLC (VA)",935890.84,it-services,Verified,https://api.usaspending.gov/api/v2/search/spending_by_award/,ICE contract award 70CMSW26FC0000021 from USAspending (award-level obligation).,it-services,Partial,Unknown / multi-site
2026-02-13,IRON MOUNTAIN INFORMATION MANAGEMENT LLC (DC),311351.6,detention-operations,Verified,https://api.usaspending.gov/api/v2/search/spending_by_award/,ICE contract award 70CTD026FC0000010 from USAspending (award-level obligation).,detention-operations,Partial,Unknown / multi-site
2026-02-13,"FREEDMAN OFFICE FURNITURE, LLC (FL)",490600.6,it-services,Verified,https://api.usaspending.gov/api/v2/search/spending_by_award/,ICE contract award 70CMSW26P00000008 from USAspending (award-level obligation).,it-services,Partial,Unknown / multi-site
2026-02-13,"O2X HUMAN PERFORMANCE, LLC (AL)",99748.11,it-services,Verified,https://api.usaspending.gov/api/v2/search/spending_by_award/,ICE contract award 70CMSD26P00000025 from USAspending (award-level obligation).,it-services,Partial,Unknown / multi-site
2026-02-13,"MOSA TECHNOLOGY SOLUTIONS, LLC (VA)",33750.0,it-services,Verified,https://api.usaspending.gov/api/v2/search/spending_by_award/,ICE contract award 70CMSD26P00000013 from USAspending (award-level obligation).,it-services,Partial,Unknown / multi-site
2026-02-12,"ATLANTIC DIVING SUPPLY, INC. (VA)",3024698.0,operations-support,Verified,https://api.usaspending.gov/api/v2/search/spending_by_award/,ICE contract award 70CMSW26FR0000011 from USAspending (award-level obligation).,operations-support,Partial,Unknown / multi-site
2026-02-12,R M L HUNTSVILLE CHEVROLET LLC (AL),8797.36,air-transport,Verified,https://api.usaspending.gov/api/v2/search/spending_by_award/,ICE contract award 70CMSD26P00000023 from USAspending (award-level obligation).,air-transport,Partial,Unknown / multi-site
2026-02-12,"LVC COMPANIES, INC. (MN)",47953.0,it-services,Verified,https://api.usaspending.gov/api/v2/search/spending_by_award/,ICE contract award 70CMSD26P00000019 from USAspending (award-level obligation).,it-services,Partial,Unknown / multi-site
2026-02-11,PARSONS GOVERNMENT SERVICES INC. (DC),168408.0,it-services,Verified,https://api.usaspending.gov/api/v2/search/spending_by_award/,ICE contract award 70CMSD26P00000021 from USAspending (award-level obligation).,it-services,Partial,Unknown / multi-site
2026-02-11,BLUE TECH INC. (TX),1501315.02,it-services,Verified,https://api.usaspending.gov/api/v2/search/spending_by_award/,ICE contract award 70CMSD26FR0000015 from USAspending (award-level obligation).,it-services,Partial,Unknown / multi-site
2026-02-11,"GLOCK, INC. (GA)",1068147.0,operations-support,Verified,https://api.usaspending.gov/api/v2/search/spending_by_award/,ICE contract award 70CMSW26FR0000013 from USAspending (award-level obligation).,operations-support,Partial,Unknown / multi-site
2026-02-10,THOMAS J. MORRIS III (NJ),4768500.0,operations-support,Verified,https://api.usaspending.gov/api/v2/search/spending_by_award/,ICE contract award 70CMSW26P00000010 from USAspending (award-level obligation).,operations-support,Partial,Unknown / multi-site
2026-02-10,TOWN OF LANCASTER (NY),9000.0,it-services,Verified,https://api.usaspending.gov/api/v2/search/spending_by_award/,ICE contract award 70CDCR26P00000007 from USAspending (award-level obligation).,it-services,Partial,Unknown / multi-site
2026-02-10,QUANTICO TACTICAL INCORPORATED (NC),10542.4,it-services,Verified,https://api.usaspending.gov/api/v2/search/spending_by_award/,ICE contract award 70CMSW26P00000012 from USAspending (award-level obligation).,it-services,Partial,Unknown / multi-site
2026-02-09,"RESPONSE AI SOLUTIONS, LLC (MN)",2561242.44,it-services,Verified,https://api.usaspending.gov/api/v2/search/spending_by_award/,ICE contract award 70CDCR26FR0000040 from USAspending (award-level obligation).,it-services,Partial,Unknown / multi-site
2026-02-09,"UNITED TACTICAL SYSTEMS, LLC (SC)",8000.0,it-services,Verified,https://api.usaspending.gov/api/v2/search/spending_by_award/,ICE contract award 70CMSD26P00000020 from USAspending (award-level obligation).,it-services,Partial,Unknown / multi-site
2026-02-06,PRICE MODERN LLC (MD),25815028.52,detention-operations,Verified,https://api.usaspending.gov/api/v2/search/spending_by_award/,ICE contract award 70CMSW26FC0000019 from USAspending (award-level obligation).,detention-operations,Partial,Unknown / multi-site
2026-02-06,"FCN, INC. (VA)",3568032.39,it-services,Verified,https://api.usaspending.gov/api/v2/search/spending_by_award/,ICE contract award 70CTD026FC0000007 from USAspending (award-level obligation).,it-services,Partial,Unknown / multi-site
2026-02-06,"FCN, INC. (VA)",18044400.0,it-services,Verified,https://api.usaspending.gov/api/v2/search/spending_by_award/,ICE contract award 70CTD026FC0000006 from USAspending (award-level obligation).,it-services,Partial,Unknown / multi-site
2026-02-06,"FCN, INC. (VA)",4116564.0,it-services,Verified,https://api.usaspending.gov/api/v2/search/spending_by_award/,ICE contract award 70CTD026FC0000005 from USAspending (award-level obligation).,it-services,Partial,Unknown / multi-site
2026-02-04,IMPLAN GROUP LLC (DC),129000.0,it-services,Verified,https://api.usaspending.gov/api/v2/search/spending_by_award/,ICE contract award 70CTD026P00000003 from USAspending (award-level obligation).,it-services,Partial,Unknown / multi-site
2026-02-03,GUARDIAN FLEET SAFETY LLC (MN),13418.19,detention-operations,Verified,https://api.usaspending.gov/api/v2/search/spending_by_award/,ICE contract award 70CMSD26P00000018 from USAspending (award-level obligation).,detention-operations,Partial,Unknown / multi-site
2026-02-02,GUARDIAN FLEET SAFETY LLC (MN),13418.19,detention-operations,Verified,https://api.usaspending.gov/api/v2/search/spending_by_award/,ICE contract award 70CMSD26P00000015 from USAspending (award-level obligation).,detention-operations,Partial,Unknown / multi-site
2026-02-01,RED CARROT INC (DC),71876.64,air-transport,Verified,https://api.usaspending.gov/api/v2/search/spending_by_award/,ICE contract award 70CMSW26FC0000011 from USAspending (award-level obligation).,air-transport,Partial,Unknown / multi-site
2026-02-01,REGUS INTERNATIONAL LTD (MN),98103.1,it-services,Verified,https://api.usaspending.gov/api/v2/search/spending_by_award/,ICE contract award 70CMSD26P00000011 from USAspending (award-level obligation).,it-services,Partial,Unknown / multi-site
2026-01-31,G4S SECURE SOLUTIONS (USA) INC. (FL),1612243.0,detention-operations,Verified,https://api.usaspending.gov/api/v2/search/spending_by_award/,ICE contract award 70CDCR26FR0000038 from USAspending (award-level obligation).,detention-operations,Partial,Unknown / multi-site
2026-01-30,PRICE MODERN LLC (MD),99990.52,it-services,Verified,https://api.usaspending.gov/api/v2/search/spending_by_award/,ICE contract award 70CMSW26FC0000018 from USAspending (award-level obligation).,it-services,Partial,Unknown / multi-site
2026-01-30,"MACRO COMPANIES, INC. (MN)",40700.8,it-services,Verified,https://api.usaspending.gov/api/v2/search/spending_by_award/,ICE contract award 70CMSD26FR0000014 from USAspending (award-level obligation).,it-services,Partial,Unknown / multi-site
2026-01-30,MCKESSON CORPORATION (TX),5000000.0,medical-services,Verified,https://api.usaspending.gov/api/v2/search/spending_by_award/,ICE contract award 70CDCR26FR0000011 from USAspending (award-level obligation).,medical-services,Partial,Unknown / multi-site
2026-01-29,QUANTICO TACTICAL INCORPORATED (NC),15708.0,detention-operations,Verified,https://api.usaspending.gov/api/v2/search/spending_by_award/,ICE contract award 70CMSW26FC0000016 from USAspending (award-level obligation).,detention-operations,Partial,Unknown / multi-site
2026-01-29,MIRA SAFETY LLC (TX),22590.0,operations-support,Verified,https://api.usaspending.gov/api/v2/search/spending_by_award/,ICE contract award 70CMSW26P00000011 from USAspending (award-level obligation).,operations-support,Partial,Unknown / multi-site
2026-01-29,"ATLANTIC DIVING SUPPLY, INC. (FL)",20485.41,it-services,Verified,https://api.usaspending.gov/api/v2/search/spending_by_award/,ICE contract award 70CMSW26FC0000015 from USAspending (award-level obligation).,it-services,Partial,Unknown / multi-site
2026-01-28,METAPHASE CONSULTING LLC (DC),1157446.63,operations-support,Verified,https://api.usaspending.gov/api/v2/search/spending_by_award/,ICE contract award 70CMSW26FR0000004 from USAspending (award-level obligation).,operations-support,Partial,Unknown / multi-site
2026-01-28,"NEW TECH SOLUTIONS, INC. (CA)",1115395.92,it-services,Verified,https://api.usaspending.gov/api/v2/search/spending_by_award/,ICE contract award 70CMSD26FR0000010 from USAspending (award-level obligation).,it-services,Partial,Unknown / multi-site
2026-01-28,"LIONHEART ALLIANCE, LLC (VA)",736080.0,it-services,Verified,https://api.usaspending.gov/api/v2/search/spending_by_award/,ICE contract award 70CMSW26FC0000013 from USAspending (award-level obligation).,it-services,Partial,Unknown / multi-site
2026-01-27,"WORKWEAR OUTFITTERS, LLC (TN)",599680.1,it-services,Verified,https://api.usaspending.gov/api/v2/search/spending_by_award/,ICE contract award 70CMSD26FR0000013 from USAspending (award-level obligation).,it-services,Partial,Unknown / multi-site
2026-01-27,DETECTACHEM INC. (TX),24921.26,it-services,Verified,https://api.usaspending.gov/api/v2/search/spending_by_award/,ICE contract award 70CMSD26P00000010 from USAspending (award-level obligation).,it-services,Partial,Unknown / multi-site
2026-01-26,"WORKWEAR OUTFITTERS, LLC (MN)",199621.85,detention-operations,Verified,https://api.usaspending.gov/api/v2/search/spending_by_award/,ICE contract award 70CDCR26FR0000033 from USAspending (award-level obligation).,detention-operations,Partial,Unknown / multi-site
2026-01-26,"ATLANTIC DIVING SUPPLY, INC. (FL)",658549.36,it-services,Verified,https://api.usaspending.gov/api/v2/search/spending_by_award/,ICE contract award 70CMSW26FC0000010 from USAspending (award-level obligation).,it-services,Partial,Unknown / multi-site
2026-01-26,"GLOCK, INC. (GA)",557631.0,operations-support,Verified,https://api.usaspending.gov/api/v2/search/spending_by_award/,ICE contract award 70CMSW26FR0000010 from USAspending (award-level obligation).,operations-support,Partial,Unknown / multi-site
2026-01-26,BSK CONSULTING LLC (SC),15311.86,it-services,Verified,https://api.usaspending.gov/api/v2/search/spending_by_award/,ICE contract award 70CMSD26P00000008 from USAspending (award-level obligation).,it-services,Partial,Unknown / multi-site
2026-01-23,DETECTACHEM INC. (TX),24921.26,it-services,Verified,https://api.usaspending.gov/api/v2/search/spending_by_award/,ICE contract award 70CMSD26P00000009 from USAspending (award-level obligation).,it-services,Partial,Unknown / multi-site
2026-01-21,"RUSSO'S DOWNTOWN AUTO SERVICE, INC (NY)",59970.0,it-services,Verified,https://api.usaspending.gov/api/v2/search/spending_by_award/,ICE contract award 70CMSD26P00000007 from USAspending (award-level obligation).,it-services,Partial,Unknown / multi-site
2026-01-19,"AES ELECTRICAL, LLC (MD)",14685.0,it-services,Verified,https://api.usaspending.gov/api/v2/search/spending_by_award/,ICE contract award 70CMSD26P00000004 from USAspending (award-level obligation).,it-services,Partial,Unknown / multi-site
2026-01-16,"GLOBAL RECOVERY GROUP, LLC (DC)",2812500.0,detention-operations,Verified,https://api.usaspending.gov/api/v2/search/spending_by_award/,ICE contract award 70CDCR26FR0000032 from USAspending (award-level obligation).,detention-operations,Partial,Unknown / multi-site
2026-01-16,"CMI MANAGEMENT, LLC (MN)",55668.3,it-services,Verified,https://api.usaspending.gov/api/v2/search/spending_by_award/,ICE contract award 70CMSW26P00000006 from USAspending (award-level obligation).,it-services,Partial,Unknown / multi-site
2026-01-16,COHO CONSTRUCTION MANAGEMENT LLC (TX),4000000.0,it-services,Verified,https://api.usaspending.gov/api/v2/search/spending_by_award/,ICE contract award 70CMSW26C00000003 from USAspending (award-level obligation).,it-services,Partial,Unknown / multi-site
2026-01-16,"ATLANTIC DIVING SUPPLY, INC. (VA)",99967.66,operations-support,Verified,https://api.usaspending.gov/api/v2/search/spending_by_award/,ICE contract award 70CMSW26FR0000009 from USAspending (award-level obligation).,operations-support,Partial,Unknown / multi-site
2026-01-16,"UNITED TACTICAL SYSTEMS, LLC (IL)",98666.25,operations-support,Verified,https://api.usaspending.gov/api/v2/search/spending_by_award/,ICE contract award 70CMSW26FR0000008 from USAspending (award-level obligation).,operations-support,Partial,Unknown / multi-site
2026-01-15,"ESCONDIDO, CITY OF (CA)",22500.0,operations-support,Verified,https://api.usaspending.gov/api/v2/search/spending_by_award/,ICE contract award 70CMSD26P00000006 from USAspending (award-level obligation).,operations-support,Partial,Unknown / multi-site
2026-01-15,PRICE MODERN LLC (AZ),11315.35,it-services,Verified,https://api.usaspending.gov/api/v2/search/spending_by_award/,ICE contract award 70CMSW26FC0000008 from USAspending (award-level obligation).,it-services,Partial,Unknown / multi-site
2026-01-15,PRICE MODERN LLC (PR),8232.0,it-services,Verified,https://api.usaspending.gov/api/v2/search/spending_by_award/,ICE contract award 70CMSW26FC0000007 from USAspending (award-level obligation).,it-services,Partial,Unknown / multi-site
2026-01-13,"WHELEN ENGINEERING COMPANY, INC. (CT)",47330.49,it-services,Verified,https://api.usaspending.gov/api/v2/search/spending_by_award/,ICE contract award 70CMSD26FR0000009 from USAspending (award-level obligation).,it-services,Partial,Unknown / multi-site
2026-01-13,AMERICAN PUBLIC TRAINING LLC (DC),7661.0,it-services,Verified,https://api.usaspending.gov/api/v2/search/spending_by_award/,ICE contract award 70CMSW26FR0000006 from USAspending (award-level obligation).,it-services,Partial,Unknown / multi-site
2026-01-12,THE KINETIC GROUP SALES LLC (MN),17304.12,it-services,Verified,https://api.usaspending.gov/api/v2/search/spending_by_award/,ICE contract award 70CMSW26FR0000007 from USAspending (award-level obligation).,it-services,Partial,Unknown / multi-site
2026-01-11,"GUARDIAN CENTERS OF GEORGIA, LLC (GA)",486749.68,it-services,Verified,https://api.usaspending.gov/api/v2/search/spending_by_award/,ICE contract award 70CMSD26P00000002 from USAspending (award-level obligation).,it-services,Partial,Unknown / multi-site
2026-01-09,"GEO TRANSPORT, INC. (UT)",10384455.59,detention-operations,Verified,https://api.usaspending.gov/api/v2/search/spending_by_award/,ICE contract award 70CDCR26FR0000002 from USAspending (award-level obligation).,detention-operations,Partial,Unknown / multi-site
2026-01-08,"PANAMERICA COMPUTERS, INC. (DC)",439706.52,it-services,Verified,https://api.usaspending.gov/api/v2/search/spending_by_award/,ICE contract award 70CTD026FR0000011 from USAspending (award-level obligation).,it-services,Partial,Unknown / multi-site
2026-01-08,"WORKWEAR OUTFITTERS, LLC (TN)",311298.24,it-services,Verified,https://api.usaspending.gov/api/v2/search/spending_by_award/,ICE contract award 70CMSD26FR0000008 from USAspending (award-level obligation).,it-services,Partial,Unknown / multi-site
2026-01-07,PRICE MODERN LLC (MD),340927.14,detention-operations,Verified,https://api.usaspending.gov/api/v2/search/spending_by_award/,ICE contract award 70CMSW26FC0000004 from USAspending (award-level obligation).,detention-operations,Partial,Unknown / multi-site
2026-01-07,SK2 LLC (CA),5980800.0,it-services,Verified,https://api.usaspending.gov/api/v2/search/spending_by_award/,ICE contract award 70CMSW26C00000002 from USAspending (award-level obligation).,it-services,Partial,Unknown / multi-site
2026-01-06,"WORKWEAR OUTFITTERS, LLC (TN)",96780.7,it-services,Verified,https://api.usaspending.gov/api/v2/search/spending_by_award/,ICE contract award 70CMSD26FR0000007 from USAspending (award-level obligation).,it-services,Partial,Unknown / multi-site
2026-01-05,PRICE MODERN LLC (MD),8820.0,it-services,Verified,https://api.usaspending.gov/api/v2/search/spending_by_award/,ICE contract award 70CMSW26FC0000003 from USAspending (award-level obligation).,it-services,Partial,Unknown / multi-site
2026-01-05,"TECHOP SOLUTIONS INTERNATIONAL, INC. (VA)",7103923.2,it-services,Verified,https://api.usaspending.gov/api/v2/search/spending_by_award/,ICE contract award 70CMSD26FR0000002 from USAspending (award-level obligation).,it-services,Partial,Unknown / multi-site
2026-01-01,DIGITAL PATH INC (VA),25920.0,it-services,Verified,https://api.usaspending.gov/api/v2/search/spending_by_award/,ICE contract award 70CTD026P00000002 from USAspending (award-level obligation).,it-services,Partial,Unknown / multi-site
2026-01-01,"COSTAR REALTY INFORMATION, INC. (DC)",89124.0,it-services,Verified,https://api.usaspending.gov/api/v2/search/spending_by_award/,ICE contract award 70CMSW26P00000005 from USAspending (award-level obligation).,it-services,Partial,Unknown / multi-site
2026-01-01,CHARTER COMMUNICATIONS OPERATING LLC (NY),54094.56,it-services,Verified,https://api.usaspending.gov/api/v2/search/spending_by_award/,ICE contract award 70CMSD26P00000003 from USAspending (award-level obligation).,it-services,Partial,Unknown / multi-site
2026-01-01,"DH TECHNOLOGIES, INC. (DC)",98121.14,air-transport,Verified,https://api.usaspending.gov/api/v2/search/spending_by_award/,ICE contract award 70CTD026FR0000010 from USAspending (award-level obligation).,air-transport,Partial,Unknown / multi-site
2025-12-31,CHARTER COMMUNICATIONS OPERATING LLC (CA),15420.0,operations-support,Verified,https://api.usaspending.gov/api/v2/search/spending_by_award/,ICE contract award 70CMSD26P00000001 from USAspending (award-level obligation).,operations-support,Partial,Unknown / multi-site
2025-12-30,BLUE TECH INC. (DC),597744.0,it-services,Verified,https://api.usaspending.gov/api/v2/search/spending_by_award/,ICE contract award 70CTD026FR0000009 from USAspending (award-level obligation).,it-services,Partial,Unknown / multi-site
2025-12-29,"ATLANTIC DIVING SUPPLY, INC. (VA)",37238.96,it-services,Verified,https://api.usaspending.gov/api/v2/search/spending_by_award/,ICE contract award 70CMSD26FR0000004 from USAspending (award-level obligation).,it-services,Partial,Unknown / multi-site
2025-12-29,ONEIDA-STANTEC JV LLC (TX),3773406.0,it-services,Verified,https://api.usaspending.gov/api/v2/search/spending_by_award/,ICE contract award 70CMSW26C00000001 from USAspending (award-level obligation).,it-services,Partial,Unknown / multi-site
2025-12-23,TRIBALCO LLC (DC),308228191.92,it-services,Verified,https://api.usaspending.gov/api/v2/search/spending_by_award/,ICE contract award 70CTD026FR0000008 from USAspending (award-level obligation).,operations-support,Partial,Unknown / multi-site
2025-12-23,"WORKWEAR OUTFITTERS, LLC (TN)",84918.0,it-services,Verified,https://api.usaspending.gov/api/v2/search/spending_by_award/,ICE contract award 70CMSD26FR0000006 from USAspending (award-level obligation).,it-services,Partial,Unknown / multi-site
2025-12-20,"THE GEO GROUP, INC. (CA)",16762626.49,detention-operations,Verified,https://api.usaspending.gov/api/v2/search/spending_by_award/,ICE contract award 70CDCR26FR0000042 from USAspending (award-level obligation).,detention-operations,Partial,Unknown / multi-site
2025-12-20,MANAGEMENT & TRAINING CORPORATION (UT),7901037.12,detention-operations,Verified,https://api.usaspending.gov/api/v2/search/spending_by_award/,ICE contract award 70CDCR26FR0000010 from USAspending (award-level obligation).,detention-operations,Partial,Unknown / multi-site
2025-12-20,"THE GEO GROUP, INC. (FL)",9292800.0,detention-operations,Verified,https://api.usaspending.gov/api/v2/search/spending_by_award/,ICE contract award 70CDCR26FR0000031 from USAspending (award-level obligation).,detention-operations,Partial,Unknown / multi-site
2025-12-20,"THE GEO GROUP, INC. (FL)",20134000.0,detention-operations,Verified,https://api.usaspending.gov/api/v2/search/spending_by_award/,ICE contract award 70CDCR26FR0000028 from USAspending (award-level obligation).,detention-operations,Partial,Unknown / multi-site
2025-12-20,"CORECIVIC, INC. (FL)",22222221.65,detention-operations,Verified,https://api.usaspending.gov/api/v2/search/spending_by_award/,ICE contract award 70CDCR26FR0000030 from USAspending (award-level obligation).,detention-operations,Partial,Unknown / multi-site
2025-12-19,"METROTEC, INC. (VA)",145715.84,air-transport,Verified,https://api.usaspending.gov/api/v2/search/spending_by_award/,ICE contract award 70CMSW26P00000004 from USAspending (award-level obligation).,air-transport,Partial,Unknown / multi-site
2025-12-19,"WORKWEAR OUTFITTERS, LLC (TN)",77703.66,it-services,Verified,https://api.usaspending.gov/api/v2/search/spending_by_award/,ICE contract award 70CMSD26FR0000005 from USAspending (award-level obligation).,it-services,Partial,Unknown / multi-site
2025-12-17,"WORKWEAR OUTFITTERS, LLC (TN)",689553.7,it-services,Verified,https://api.usaspending.gov/api/v2/search/spending_by_award/,ICE contract award 70CMSD26FR0000003 from USAspending (award-level obligation).,it-services,Partial,Unknown / multi-site
2025-12-17,"FFF ENTERPRISES, INC. (CA)",308000.0,medical-services,Verified,https://api.usaspending.gov/api/v2/search/spending_by_award/,ICE contract award 70CDCR26C00000005 from USAspending (award-level obligation).,medical-services,Partial,Unknown / multi-site
2025-12-17,"METROTEC, INC. (DC)",23072.0,it-services,Verified,https://api.usaspending.gov/api/v2/search/spending_by_award/,ICE contract award 70CMSW26P00000003 from USAspending (award-level obligation).,it-services,Partial,Unknown / multi-site
2025-12-17,"METROTEC, INC. (DC)",14561.12,operations-support,Verified,https://api.usaspending.gov/api/v2/search/spending_by_award/,ICE contract award 70CMSW26P00000002 from USAspending (award-level obligation).,operations-support,Partial,Unknown / multi-site
2025-12-16,OMNIPLEX WORLD SERVICES CORPORATION (VA),1487580.0,detention-operations,Verified,https://api.usaspending.gov/api/v2/search/spending_by_award/,ICE contract award 70CDCR26FR0000025 from USAspending (award-level obligation).,detention-operations,Partial,Unknown / multi-site
2025-12-16,CAPGEMINI GOVERNMENT SOLUTIONS LLC (VA),4816782.5,detention-operations,Verified,https://api.usaspending.gov/api/v2/search/spending_by_award/,ICE contract award 70CDCR26FR0000024 from USAspending (award-level obligation).,detention-operations,Partial,Unknown / multi-site
2025-12-16,CONSTELLATION INC (VA),767468.75,detention-operations,Verified,https://api.usaspending.gov/api/v2/search/spending_by_award/,ICE contract award 70CDCR26FR0000023 from USAspending (award-level obligation).,detention-operations,Partial,Unknown / multi-site
2025-12-16,"NATIONAL PROTECTIVE SERVICES, LLC (TX)",909750.0,detention-operations,Verified,https://api.usaspending.gov/api/v2/search/spending_by_award/,ICE contract award 70CDCR26FR0000022 from USAspending (award-level obligation).,detention-operations,Partial,Unknown / multi-site
2025-12-16,B.I. INCORPORATED (CO),1624500.0,detention-operations,Verified,https://api.usaspending.gov/api/v2/search/spending_by_award/,ICE contract award 70CDCR26FR0000021 from USAspending (award-level obligation).,non-custodial-supervision,Verified,ISAP Program
2025-12-16,"RESPONSE AI SOLUTIONS, LLC (VA)",127920.0,detention-operations,Verified,https://api.usaspending.gov/api/v2/search/spending_by_award/,ICE contract award 70CDCR26FR0000020 from USAspending (award-level obligation).,detention-operations,Partial,Unknown / multi-site
2025-12-16,BLUEHAWK LLC (DC),2656327.5,detention-operations,Verified,https://api.usaspending.gov/api/v2/search/spending_by_award/,ICE contract award 70CDCR26FR0000019 from USAspending (award-level obligation).,detention-operations,Partial,Unknown / multi-site
2025-12-16,GSS - GOVERNMENT SUPPORT SERVICES LLC (FL),741000.0,detention-operations,Verified,https://api.usaspending.gov/api/v2/search/spending_by_award/,ICE contract award 70CDCR26FR0000018 from USAspending (award-level obligation).,detention-operations,Partial,Unknown / multi-site
2025-12-16,SOS INTERNATIONAL LLC (DC),1642226.25,detention-operations,Verified,https://api.usaspending.gov/api/v2/search/spending_by_award/,ICE contract award 70CDCR26FR0000017 from USAspending (award-level obligation).,detention-operations,Partial,Unknown / multi-site
2025-12-16,"GRAVITAS PROFESSIONAL SERVICES, LLC (OH)",427500.0,detention-operations,Verified,https://api.usaspending.gov/api/v2/search/spending_by_award/,ICE contract award 70CDCR26FR0000016 from USAspending (award-level obligation).,detention-operations,Partial,Unknown / multi-site
2025-12-16,AI SOLUTIONS 87 LLC (CO),636500.0,detention-operations,Verified,https://api.usaspending.gov/api/v2/search/spending_by_award/,ICE contract award 70CDCR26FR0000015 from USAspending (award-level obligation).,detention-operations,Partial,Unknown / multi-site
2025-12-16,FRAUD INC (DC),348000.0,operations-support,Verified,https://api.usaspending.gov/api/v2/search/spending_by_award/,ICE contract award 70CDCR26FR0000014 from USAspending (award-level obligation).,operations-support,Partial,Unknown / multi-site
2025-12-16,ENPROVERA CORP (FL),34552.0,detention-operations,Verified,https://api.usaspending.gov/api/v2/search/spending_by_award/,ICE contract award 70CDCR26FR0000013 from USAspending (award-level obligation).,detention-operations,Partial,Unknown / multi-site
2025-12-16,"RELIANCE RELOCATION SERVICES, INC (IL)",95028.08,operations-support,Verified,https://api.usaspending.gov/api/v2/search/spending_by_award/,ICE contract award 70CMSW26FC0000002 from USAspending (award-level obligation).,operations-support,Partial,Unknown / multi-site
2025-12-15,"AMAR HEALTH IT, LLC (DC)",3487624.9,medical-services,Verified,https://api.usaspending.gov/api/v2/search/spending_by_award/,ICE contract award 70CTD026FR0000002 from USAspending (award-level obligation).,medical-services,Partial,Unknown / multi-site
2025-12-11,"HOLITNA CONSTRUCTION, LLC (DC)",34585.38,operations-support,Verified,https://api.usaspending.gov/api/v2/search/spending_by_award/,ICE contract award 70CMSW26FR0000005 from USAspending (award-level obligation).,operations-support,Partial,Unknown / multi-site
2025-12-08,"ROCKWELL AMERICAN SERVICES, LTD. (IL)",349000.0,it-services,Verified,https://api.usaspending.gov/api/v2/search/spending_by_award/,ICE contract award 70CMSW26FR0000003 from USAspending (award-level obligation).,it-services,Partial,Unknown / multi-site
2025-12-03,BAHFED CORP (DC),82080.0,it-services,Verified,https://api.usaspending.gov/api/v2/search/spending_by_award/,ICE contract award 70CTD026FR0000007 from USAspending (award-level obligation).,it-services,Partial,Unknown / multi-site
2025-12-03,"DH TECHNOLOGIES, INC. (DC)",810796.5,operations-support,Verified,https://api.usaspending.gov/api/v2/search/spending_by_award/,ICE contract award 70CTD026FR0000006 from USAspending (award-level obligation).,operations-support,Partial,Unknown / multi-site
2025-12-01,AKIMA INFRASTRUCTURE PROTECTION LLC (TX),9554602.0,detention-operations,Verified,https://api.usaspending.gov/api/v2/search/spending_by_award/,ICE contract award 70CDCR26FR0000007 from USAspending (award-level obligation).,detention-operations,Partial,Unknown / multi-site
2025-11-29,KPB SERVICES LLC (KS),29914916.0,detention-operations,Verified,https://api.usaspending.gov/api/v2/search/spending_by_award/,ICE contract award 70CMSW26FR0000001 from USAspending (award-level obligation).,detention-operations,Partial,Unknown / multi-site
2025-11-28,ROSHEL LLC (DE),7234926.2,it-services,Verified,https://api.usaspending.gov/api/v2/search/spending_by_award/,ICE contract award 70CMSW26FR0000002 from USAspending (award-level obligation).,it-services,Partial,Unknown / multi-site
2025-11-22,DELL FEDERAL SYSTEMS L.P (DC),4481450.0,it-services,Verified,https://api.usaspending.gov/api/v2/search/spending_by_award/,ICE contract award 70CTD026FC0000003 from USAspending (award-level obligation).,it-services,Partial,Unknown / multi-site
2025-11-21,"FCN, INC. (MD)",98340.14,operations-support,Verified,https://api.usaspending.gov/api/v2/search/spending_by_award/,ICE contract award 70CMSD26FC0000001 from USAspending (award-level obligation).,operations-support,Partial,Unknown / multi-site
2025-11-18,"LENCO INDUSTRIES, INC. (MA)",4785895.0,it-services,Verified,https://api.usaspending.gov/api/v2/search/spending_by_award/,ICE contract award 70CMSW26FC0000001 from USAspending (award-level obligation).,it-services,Partial,Unknown / multi-site
2025-11-14,"V3GATE, LLC (DC)",24770.7,it-services,Verified,https://api.usaspending.gov/api/v2/search/spending_by_award/,ICE contract award 70CTD026FR0000004 from USAspending (award-level obligation).,it-services,Partial,Unknown / multi-site
2025-11-07,"STELLA JV, LLC (TX)",6985238.28,it-services,Verified,https://api.usaspending.gov/api/v2/search/spending_by_award/,ICE contract award 70CMSD26FR0000001 from USAspending (award-level obligation).,it-services,Partial,Unknown / multi-site
2025-11-04,"REDHAWK IT SOLUTIONS, LLC (DC)",13031.72,it-services,Verified,https://api.usaspending.gov/api/v2/search/spending_by_award/,ICE contract award 70CTD026FR0000003 from USAspending (award-level obligation).,it-services,Partial,Unknown / multi-site
2025-11-01,"RELIANCE RELOCATION SERVICES, INC (IL)",208200.0,operations-support,Verified,https://api.usaspending.gov/api/v2/search/spending_by_award/,ICE contract award 70CMSW26FCL000002 from USAspending (award-level obligation).,operations-support,Partial,Unknown / multi-site
2025-11-01,"CSI AVIATION, INC (TX)",673421847.0,detention-operations,Verified,https://api.usaspending.gov/api/v2/search/spending_by_award/,ICE contract award 70CDCR26FC0000001 from USAspending (award-level obligation).,air-transport,Verified,ICE Air / Removal Operations
2025-10-31,"FCN, INC. (VA)",8999998.0,it-services,Verified,https://api.usaspending.gov/api/v2/search/spending_by_award/,ICE contract award 70CTD026FC0000002 from USAspending (award-level obligation).,it-services,Partial,Unknown / multi-site
2025-10-27,"GLOBAL RECOVERY GROUP, LLC (VA)",1288462.0,it-services,Verified,https://api.usaspending.gov/api/v2/search/spending_by_award/,ICE contract award 70CDCR26FR0000003 from USAspending (award-level obligation).,it-services,Partial,Unknown / multi-site
2025-10-25,"ARDENT GROUP, LLC (CO)",9296000.0,medical-services,Verified,https://api.usaspending.gov/api/v2/search/spending_by_award/,ICE contract award 70CDCR26C00000003 from USAspending (award-level obligation).,medical-services,Partial,Unknown / multi-site
2025-10-22,DELL FEDERAL SYSTEMS L.P (DC),89962.05,operations-support,Verified,https://api.usaspending.gov/api/v2/search/spending_by_award/,ICE contract award 70CTD026FC0000001 from USAspending (award-level obligation).,operations-support,Partial,Unknown / multi-site
2025-10-21,SOS INTERNATIONAL LLC (DC),6954758.46,it-services,Verified,https://api.usaspending.gov/api/v2/search/spending_by_award/,ICE contract award 70CDCR26C00000001 from USAspending (award-level obligation).,it-services,Partial,Unknown / multi-site
2025-10-16,FIRST AMERICAN TITLE INSURANCE COMPANY (CA),25000.0,it-services,Verified,https://api.usaspending.gov/api/v2/search/spending_by_award/,ICE contract award 70CMSW26P00000001 from USAspending (award-level obligation).,it-services,Partial,Unknown / multi-site
2025-10-16,"THE GEO GROUP, INC. (CO)",49978696.47,detention-operations,Verified,https://api.usaspending.gov/api/v2/search/spending_by_award/,ICE contract award 70CDCR25FR0000111 from USAspending (award-level obligation).,air-transport,Verified,ICE Air / Removal Operations
2025-10-01,ACQUISITION LOGISTICS LLC (TX),598444871.04,detention-operations,Verified,https://api.usaspending.gov/api/v2/search/spending_by_award/,ICE contract award 70CDCR26FR0000001 from USAspending (award-level obligation).,air-transport,Verified,ICE Air / Removal Operations
2025-09-30,"THUNDERCAT TECHNOLOGY, LLC (PA)",106177.68,detention-operations,Verified,https://api.usaspending.gov/api/v2/search/spending_by_award/,ICE contract award 70CTD025FR0000111 from USAspending (award-level obligation).,detention-operations,Partial,Unknown / multi-site
2025-09-30,"THUNDERCAT TECHNOLOGY, LLC (VA)",528715.25,operations-support,Verified,https://api.usaspending.gov/api/v2/search/spending_by_award/,ICE contract award 70CMSD25FR0000069 from USAspending (award-level obligation).,operations-support,Partial,Unknown / multi-site
2025-09-30,BLUE TECH INC. (VA),465837.26,it-services,Verified,https://api.usaspending.gov/api/v2/search/spending_by_award/,ICE contract award 70CTD025FR0000116 from USAspending (award-level obligation).,it-services,Partial,Unknown / multi-site
2025-09-30,GREENBRIER GOVERNMENT SOLUTIONS INC (VA),1659730.0,operations-support,Verified,https://api.usaspending.gov/api/v2/search/spending_by_award/,ICE contract award 70CTD025FR0000113 from USAspending (award-level obligation).,operations-support,Partial,Unknown / multi-site
2025-09-30,BLUE TECH INC. (DC),1594800.0,it-services,Verified,https://api.usaspending.gov/api/v2/search/spending_by_award/,ICE contract award 70CTD025FR0000109 from USAspending (award-level obligation).,it-services,Partial,Unknown / multi-site
2025-09-30,"DH TECHNOLOGIES, INC. (DC)",1249129.68,it-services,Verified,https://api.usaspending.gov/api/v2/search/spending_by_award/,ICE contract award 70CTD025FR0000108 from USAspending (award-level obligation).,it-services,Partial,Unknown / multi-site
2025-09-30,BLUE TECH INC. (CA),59806.89,it-services,Verified,https://api.usaspending.gov/api/v2/search/spending_by_award/,ICE contract award 70CTD025FR0000103 from USAspending (award-level obligation).,it-services,Partial,Unknown / multi-site
2025-09-30,"DH TECHNOLOGIES, INC. (DC)",49897.01,it-services,Verified,https://api.usaspending.gov/api/v2/search/spending_by_award/,ICE contract award 70CTD025FR0000100 from USAspending (award-level obligation).,it-services,Partial,Unknown / multi-site
2025-09-30,"KONIAG IT SYSTEMS, LLC (VA)",1528559.2,it-services,Verified,https://api.usaspending.gov/api/v2/search/spending_by_award/,ICE contract award 70CTD025FR0000097 from USAspending (award-level obligation).,it-services,Partial,Unknown / multi-site
2025-09-30,"ALLIANCE TECHNOLOGY GROUP, LLC (VA)",52679.0,it-services,Verified,https://api.usaspending.gov/api/v2/search/spending_by_award/,ICE contract award 70CTD025FR0000094 from USAspending (award-level obligation).,it-services,Partial,Unknown / multi-site
2025-09-30,TRIBALCO LLC (MD),40757826.7,it-services,Verified,https://api.usaspending.gov/api/v2/search/spending_by_award/,ICE contract award 70CTD025FR0000086 from USAspending (award-level obligation).,operations-support,Partial,Unknown / multi-site
2025-09-30,BLUE TECH INC. (TX),18652.4,it-services,Verified,https://api.usaspending.gov/api/v2/search/spending_by_award/,ICE contract award 70CTD025FR0000084 from USAspending (award-level obligation).,it-services,Partial,Unknown / multi-site
2025-09-30,"DH TECHNOLOGIES, INC. (VA)",934628.66,it-services,Verified,https://api.usaspending.gov/api/v2/search/spending_by_award/,ICE contract award 70CTD025FR0000061 from USAspending (award-level obligation).,it-services,Partial,Unknown / multi-site
2025-09-30,"FCN, INC. (DC)",999784.0,it-services,Verified,https://api.usaspending.gov/api/v2/search/spending_by_award/,ICE contract award 70CTD025FC0000043 from USAspending (award-level obligation).,it-services,Partial,Unknown / multi-site
2025-09-30,"FCN, INC. (DC)",3025994.42,it-services,Verified,https://api.usaspending.gov/api/v2/search/spending_by_award/,ICE contract award 70CTD025FC0000040 from USAspending (award-level obligation).,it-services,Partial,Unknown / multi-site
2025-09-30,IRON MOUNTAIN INFORMATION MANAGEMENT LLC (VT),111571.0,operations-support,Verified,https://api.usaspending.gov/api/v2/search/spending_by_award/,ICE contract award 70CMSW25P00000071 from USAspending (award-level obligation).,operations-support,Partial,Unknown / multi-site
2025-09-30,"LIONHEART ALLIANCE, LLC (VA)",407052.46,operations-support,Verified,https://api.usaspending.gov/api/v2/search/spending_by_award/,ICE contract award 70CMSW25FR0000152 from USAspending (award-level obligation).,operations-support,Partial,Unknown / multi-site
2025-09-30,QUANTICO TACTICAL INCORPORATED (NC),9999966.1,operations-support,Verified,https://api.usaspending.gov/api/v2/search/spending_by_award/,ICE contract award 70CMSW25FR0000151 from USAspending (award-level obligation).,operations-support,Partial,Unknown / multi-site
2025-09-30,"ATLANTIC DIVING SUPPLY, INC. (GA)",1376500.0,operations-support,Verified,https://api.usaspending.gov/api/v2/search/spending_by_award/,ICE contract award 70CMSW25FR0000144 from USAspending (award-level obligation).,operations-support,Partial,Unknown / multi-site
2025-09-30,"AXON ENTERPRISE, INC. (GA)",3527756.8,operations-support,Verified,https://api.usaspending.gov/api/v2/search/spending_by_award/,ICE contract award 70CMSW25FR0000137 from USAspending (award-level obligation).,operations-support,Partial,Unknown / multi-site
2025-09-30,FEDERAL CONTRACTS LLC (FL),99999.0,it-services,Verified,https://api.usaspending.gov/api/v2/search/spending_by_award/,ICE contract award 70CMSW25FR0000133 from USAspending (award-level obligation).,it-services,Partial,Unknown / multi-site
2025-09-30,"ATLANTIC DIVING SUPPLY, INC. (VA)",127530.0,operations-support,Verified,https://api.usaspending.gov/api/v2/search/spending_by_award/,ICE contract award 70CMSW25FR0000131 from USAspending (award-level obligation).,operations-support,Partial,Unknown / multi-site
2025-09-30,"ATLANTIC DIVING SUPPLY, INC. (GA)",590535.34,it-services,Verified,https://api.usaspending.gov/api/v2/search/spending_by_award/,ICE contract award 70CMSW25FC0000135 from USAspending (award-level obligation).,it-services,Partial,Unknown / multi-site
2025-09-30,"ATLANTIC DIVING SUPPLY, INC. (GA)",763990.36,it-services,Verified,https://api.usaspending.gov/api/v2/search/spending_by_award/,ICE contract award 70CMSW25FC0000134 from USAspending (award-level obligation).,it-services,Partial,Unknown / multi-site
2025-09-30,"ATLANTIC DIVING SUPPLY, INC. (FL)",2953918.1,operations-support,Verified,https://api.usaspending.gov/api/v2/search/spending_by_award/,ICE contract award 70CMSW25FC0000133 from USAspending (award-level obligation).,operations-support,Partial,Unknown / multi-site
2025-09-30,PRICE MODERN LLC (MD),14341796.88,detention-operations,Verified,https://api.usaspending.gov/api/v2/search/spending_by_award/,ICE contract award 70CMSW25FC0000131 from USAspending (award-level obligation).,detention-operations,Partial,Unknown / multi-site
2025-09-30,"COLONIAL PARKING, INC (DC)",57680.64,it-services,Verified,https://api.usaspending.gov/api/v2/search/spending_by_award/,ICE contract award 70CMSW25C00000028 from USAspending (award-level obligation).,it-services,Partial,Unknown / multi-site
2025-09-30,"PRIME MASONRY, LLC (TX)",99999.0,detention-operations,Verified,https://api.usaspending.gov/api/v2/search/spending_by_award/,ICE contract award 70CMSW25C00000013 from USAspending (award-level obligation).,detention-operations,Partial,Unknown / multi-site
2025-09-30,"VOUND COLORADO, LTD. (AZ)",12998.0,it-services,Verified,https://api.usaspending.gov/api/v2/search/spending_by_award/,ICE contract award 70CMSD25P00000154 from USAspending (award-level obligation).,it-services,Partial,Unknown / multi-site
2025-09-30,"SAYARI ANALYTICS, LLC (DC)",45856.0,it-services,Verified,https://api.usaspending.gov/api/v2/search/spending_by_award/,ICE contract award 70CMSD25P00000150 from USAspending (award-level obligation).,it-services,Partial,Unknown / multi-site
2025-09-30,"CASTLE GLOBAL, INC (VA)",150000.0,it-services,Verified,https://api.usaspending.gov/api/v2/search/spending_by_award/,ICE contract award 70CMSD25P00000147 from USAspending (award-level obligation).,it-services,Partial,Unknown / multi-site
2025-09-30,ELLIPTIC INC (VA),650000.0,it-services,Verified,https://api.usaspending.gov/api/v2/search/spending_by_award/,ICE contract award 70CMSD25P00000145 from USAspending (award-level obligation).,it-services,Partial,Unknown / multi-site
2025-09-30,CELLEBRITE INC (VA),11112194.4,it-services,Verified,https://api.usaspending.gov/api/v2/search/spending_by_award/,ICE contract award 70CMSD25P00000141 from USAspending (award-level obligation).,it-services,Partial,Unknown / multi-site
2025-09-30,"WILLIAM S. HEIN & CO., INC. (TX)",13886.4,it-services,Verified,https://api.usaspending.gov/api/v2/search/spending_by_award/,ICE contract award 70CMSD25P00000131 from USAspending (award-level obligation).,it-services,Partial,Unknown / multi-site
2025-09-30,"MAGNET FORENSICS, LLC (GA)",89985.0,it-services,Verified,https://api.usaspending.gov/api/v2/search/spending_by_award/,ICE contract award 70CMSD25P00000130 from USAspending (award-level obligation).,it-services,Partial,Unknown / multi-site
2025-09-30,PHILADELPHIA PARKING AUTHORITY (PA),53520.0,it-services,Verified,https://api.usaspending.gov/api/v2/search/spending_by_award/,ICE contract award 70CMSD25P00000116 from USAspending (award-level obligation).,it-services,Partial,Unknown / multi-site
2025-09-30,"MOTOROLA SOLUTIONS, INC. (IL)",267300.0,it-services,Verified,https://api.usaspending.gov/api/v2/search/spending_by_award/,ICE contract award 70CMSD25P00000107 from USAspending (award-level obligation).,it-services,Partial,Unknown / multi-site
2025-09-30,"LAKOTA SOFTWARE SOLUTIONS, INC (WV)",12215.63,it-services,Verified,https://api.usaspending.gov/api/v2/search/spending_by_award/,ICE contract award 70CMSD25P00000083 from USAspending (award-level obligation).,it-services,Partial,Unknown / multi-site
2025-09-30,"NAC MECHANICAL SERVICES, LLC (MD)",29000.0,it-services,Verified,https://api.usaspending.gov/api/v2/search/spending_by_award/,ICE contract award 70CMSD25P00000082 from USAspending (award-level obligation).,it-services,Partial,Unknown / multi-site
2025-09-30,NORTH STAR IMAGING INCORPORATED (VA),23354.0,it-services,Verified,https://api.usaspending.gov/api/v2/search/spending_by_award/,ICE contract award 70CMSD25P00000063 from USAspending (award-level obligation).,it-services,Partial,Unknown / multi-site
2025-09-30,BERLA CORPORATION (VA),130000.0,it-services,Verified,https://api.usaspending.gov/api/v2/search/spending_by_award/,ICE contract award 70CMSD25P00000052 from USAspending (award-level obligation).,it-services,Partial,Unknown / multi-site
2025-09-30,"DISYS SOLUTIONS, INC. (VA)",385060.69,it-services,Verified,https://api.usaspending.gov/api/v2/search/spending_by_award/,ICE contract award 70CMSD25FR0000162 from USAspending (award-level obligation).,it-services,Partial,Unknown / multi-site
2025-09-30,ALVAREZ LLC (VA),133402.6,it-services,Verified,https://api.usaspending.gov/api/v2/search/spending_by_award/,ICE contract award 70CMSD25FR0000155 from USAspending (award-level obligation).,it-services,Partial,Unknown / multi-site
2025-09-30,"ADVANCED COMPUTER CONCEPTS, INC. (DC)",345913.5,operations-support,Verified,https://api.usaspending.gov/api/v2/search/spending_by_award/,ICE contract award 70CMSD25FR0000141 from USAspending (award-level obligation).,operations-support,Partial,Unknown / multi-site
2025-09-30,"FCN, INC. (VA)",720431.14,it-services,Verified,https://api.usaspending.gov/api/v2/search/spending_by_award/,ICE contract award 70CMSD25FR0000138 from USAspending (award-level obligation).,it-services,Partial,Unknown / multi-site
2025-09-30,SIGNALSCAPE INC (FL),27071.75,it-services,Verified,https://api.usaspending.gov/api/v2/search/spending_by_award/,ICE contract award 70CMSD25FR0000135 from USAspending (award-level obligation).,it-services,Partial,Unknown / multi-site
2025-09-30,WIDEPOINT INTEGRATED SOLUTIONS CORP (DC),5834.04,it-services,Verified,https://api.usaspending.gov/api/v2/search/spending_by_award/,ICE contract award 70CMSD25FR0000133 from USAspending (award-level obligation).,it-services,Partial,Unknown / multi-site
2025-09-30,"FCN, INC. (TX)",40895.19,it-services,Verified,https://api.usaspending.gov/api/v2/search/spending_by_award/,ICE contract award 70CMSD25FR0000105 from USAspending (award-level obligation).,it-services,Partial,Unknown / multi-site
2025-09-30,"COUNTERTRADE PRODUCTS, INC. (VA)",60378.1,it-services,Verified,https://api.usaspending.gov/api/v2/search/spending_by_award/,ICE contract award 70CMSD25FR0000104 from USAspending (award-level obligation).,it-services,Partial,Unknown / multi-site
2025-09-30,"THE KACE COMPANY, LLC. (DC)",12890156.28,it-services,Verified,https://api.usaspending.gov/api/v2/search/spending_by_award/,ICE contract award 70CMSD25FR0000101 from USAspending (award-level obligation).,it-services,Partial,Unknown / multi-site
2025-09-30,"PANAMERICA COMPUTERS, INC. (VA)",3063491.54,it-services,Verified,https://api.usaspending.gov/api/v2/search/spending_by_award/,ICE contract award 70CMSD25FR0000097 from USAspending (award-level obligation).,it-services,Partial,Unknown / multi-site
2025-09-30,"IMPRES TECHNOLOGY SOLUTIONS, INC (VA)",99999.98,it-services,Verified,https://api.usaspending.gov/api/v2/search/spending_by_award/,ICE contract award 70CMSD25FR0000088 from USAspending (award-level obligation).,it-services,Partial,Unknown / multi-site
2025-09-30,"NEW TECH SOLUTIONS, INC. (VA)",246584.03,it-services,Verified,https://api.usaspending.gov/api/v2/search/spending_by_award/,ICE contract award 70CMSD25FR0000086 from USAspending (award-level obligation).,it-services,Partial,Unknown / multi-site
2025-09-30,"NEW TECH SOLUTIONS, INC. (VA)",302350.2,it-services,Verified,https://api.usaspending.gov/api/v2/search/spending_by_award/,ICE contract award 70CMSD25FR0000085 from USAspending (award-level obligation).,it-services,Partial,Unknown / multi-site
2025-09-30,"IMPRES TECHNOLOGY SOLUTIONS, INC (VA)",222453.65,it-services,Verified,https://api.usaspending.gov/api/v2/search/spending_by_award/,ICE contract award 70CMSD25FR0000084 from USAspending (award-level obligation).,it-services,Partial,Unknown / multi-site
2025-09-30,ALVAREZ LLC (VA),51602.88,it-services,Verified,https://api.usaspending.gov/api/v2/search/spending_by_award/,ICE contract award 70CMSD25FR0000083 from USAspending (award-level obligation).,it-services,Partial,Unknown / multi-site
2025-09-30,"THUNDERCAT TECHNOLOGY, LLC (VA)",1302083.84,it-services,Verified,https://api.usaspending.gov/api/v2/search/spending_by_award/,ICE contract award 70CMSD25FR0000082 from USAspending (award-level obligation).,it-services,Partial,Unknown / multi-site
2025-09-30,SOFTWARE INFORMATION RESOURCE CORP. (DC),16361.86,operations-support,Verified,https://api.usaspending.gov/api/v2/search/spending_by_award/,ICE contract award 70CMSD25FR0000081 from USAspending (award-level obligation).,operations-support,Partial,Unknown / multi-site
2025-09-30,"ADVANCED COMPUTER CONCEPTS, INC. (VA)",149421.1,it-services,Verified,https://api.usaspending.gov/api/v2/search/spending_by_award/,ICE contract award 70CMSD25FR0000079 from USAspending (award-level obligation).,it-services,Partial,Unknown / multi-site
2025-09-30,"DH TECHNOLOGIES, INC. (VA)",464992.69,it-services,Verified,https://api.usaspending.gov/api/v2/search/spending_by_award/,ICE contract award 70CMSD25FR0000073 from USAspending (award-level obligation).,it-services,Partial,Unknown / multi-site
2025-09-30,"ANACAPA MICRO PRODUCTS, INC. (VA)",1859921.35,operations-support,Verified,https://api.usaspending.gov/api/v2/search/spending_by_award/,ICE contract award 70CMSD25FR0000067 from USAspending (award-level obligation).,operations-support,Partial,Unknown / multi-site
2025-09-30,"LYME COMPUTER SYSTEMS, INC. (VA)",60021.0,it-services,Verified,https://api.usaspending.gov/api/v2/search/spending_by_award/,ICE contract award 70CMSD25FR0000057 from USAspending (award-level obligation).,it-services,Partial,Unknown / multi-site
2025-09-30,"IMPRES TECHNOLOGY SOLUTIONS, INC (VA)",459997.46,operations-support,Verified,https://api.usaspending.gov/api/v2/search/spending_by_award/,ICE contract award 70CMSD25FR0000056 from USAspending (award-level obligation).,operations-support,Partial,Unknown / multi-site
2025-09-30,"NEW TECH SOLUTIONS, INC. (VA)",19407.1,it-services,Verified,https://api.usaspending.gov/api/v2/search/spending_by_award/,ICE contract award 70CMSD25FR0000054 from USAspending (award-level obligation).,it-services,Partial,Unknown / multi-site
2025-09-30,"THE ESCAL INSTITUTE OF ADVANCED TECHNOLOGIES, INC. (VA)",499766.0,it-services,Verified,https://api.usaspending.gov/api/v2/search/spending_by_award/,ICE contract award 70CMSD25FR0000052 from USAspending (award-level obligation).,it-services,Partial,Unknown / multi-site
2025-09-30,"NEW TECH SOLUTIONS, INC. (VA)",76400.0,it-services,Verified,https://api.usaspending.gov/api/v2/search/spending_by_award/,ICE contract award 70CMSD25FR0000049 from USAspending (award-level obligation).,it-services,Partial,Unknown / multi-site
2025-09-30,JTF BUSINESS SYSTEMS CORPORATION (VA),91791.0,detention-operations,Verified,https://api.usaspending.gov/api/v2/search/spending_by_award/,ICE contract award 70CMSD25FC0000048 from USAspending (award-level obligation).,detention-operations,Partial,Unknown / multi-site
2025-09-30,"FCN, INC. (MD)",937661.8,it-services,Verified,https://api.usaspending.gov/api/v2/search/spending_by_award/,ICE contract award 70CMSD25FC0000045 from USAspending (award-level obligation).,it-services,Partial,Unknown / multi-site
2025-09-30,JTF BUSINESS SYSTEMS CORPORATION (FL),22500.0,detention-operations,Verified,https://api.usaspending.gov/api/v2/search/spending_by_award/,ICE contract award 70CMSD25FC0000041 from USAspending (award-level obligation).,detention-operations,Partial,Unknown / multi-site
2025-09-30,"AMERICAN ALARM & COMMUNICATIONS, INC. (MA)",31066.26,it-services,Verified,https://api.usaspending.gov/api/v2/search/spending_by_award/,ICE contract award 70CMSD25C00000010 from USAspending (award-level obligation).,it-services,Partial,Unknown / multi-site
2025-09-30,"L3HARRIS TECHNOLOGIES, INC. (VA)",12626200.0,it-services,Verified,https://api.usaspending.gov/api/v2/search/spending_by_award/,ICE contract award 70CMSD25C00000009 from USAspending (award-level obligation).,it-services,Partial,Unknown / multi-site
2025-09-30,THOMSON REUTERS SPECIAL SERVICES LLC (DC),1750000.0,it-services,Verified,https://api.usaspending.gov/api/v2/search/spending_by_award/,ICE contract award 70CMSD25C00000008 from USAspending (award-level obligation).,it-services,Partial,Unknown / multi-site
2025-09-30,AMERICAN INSTITUTE IN TAIWAN (NA),898115.0,it-services,Verified,https://api.usaspending.gov/api/v2/search/spending_by_award/,ICE contract award 70CMSD25C00000003 from USAspending (award-level obligation).,it-services,Partial,Unknown / multi-site
2025-09-30,"HOMELAND SECURITY AND MANAGEMENT SOLUTIONS, INC. (TX)",71724.72,it-services,Verified,https://api.usaspending.gov/api/v2/search/spending_by_award/,ICE contract award 70CDCR25P00000039 from USAspending (award-level obligation).,it-services,Partial,Unknown / multi-site
2025-09-30,B.I. INCORPORATED (CO),108343853.0,detention-operations,Verified,https://api.usaspending.gov/api/v2/search/spending_by_award/,ICE contract award 70CDCR25FR0000127 from USAspending (award-level obligation).,non-custodial-supervision,Verified,ISAP Program
2025-09-30,G4S SECURE SOLUTIONS (USA) INC. (CA),23435583.99,detention-operations,Verified,https://api.usaspending.gov/api/v2/search/spending_by_award/,ICE contract award 70CDCR25FR0000120 from USAspending (award-level obligation).,detention-operations,Partial,Unknown / multi-site
2025-09-30,PITNEY BOWES INC. (VT),365000.0,detention-operations,Verified,https://api.usaspending.gov/api/v2/search/spending_by_award/,ICE contract award 70CDCR25FR0000118 from USAspending (award-level obligation).,detention-operations,Partial,Unknown / multi-site
2025-09-30,PARAGON PROFESSIONAL SERVICES LLC (AK),10735800.0,detention-operations,Verified,https://api.usaspending.gov/api/v2/search/spending_by_award/,ICE contract award 70CDCR25FR0000112 from USAspending (award-level obligation).,detention-operations,Partial,Unknown / multi-site
2025-09-30,"AKIMA GLOBAL SERVICES, LLC (AZ)",12313400.0,detention-operations,Verified,https://api.usaspending.gov/api/v2/search/spending_by_award/,ICE contract award 70CDCR25FR0000110 from USAspending (award-level obligation).,detention-operations,Partial,Unknown / multi-site
2025-09-30,LABORATORY CORPORATION OF AMERICA (NC),3071690.0,detention-operations,Verified,https://api.usaspending.gov/api/v2/search/spending_by_award/,ICE contract award 70CDCR25FC0000006 from USAspending (award-level obligation).,detention-operations,Partial,Unknown / multi-site
2025-09-29,"FCN, INC. (DC)",491708.03,operations-support,Verified,https://api.usaspending.gov/api/v2/search/spending_by_award/,ICE contract award 70CTD025FR0000114 from USAspending (award-level obligation).,operations-support,Partial,Unknown / multi-site
2025-09-29,"WILDFLOWER INTERNATIONAL, LTD. (DC)",606996.62,operations-support,Verified,https://api.usaspending.gov/api/v2/search/spending_by_award/,ICE contract award 70CTD025FR0000112 from USAspending (award-level obligation).,operations-support,Partial,Unknown / multi-site
2025-09-29,"ANACAPA MICRO PRODUCTS, INC. (DC)",464904.22,operations-support,Verified,https://api.usaspending.gov/api/v2/search/spending_by_award/,ICE contract award 70CTD025FR0000110 from USAspending (award-level obligation).,operations-support,Partial,Unknown / multi-site
2025-09-29,"ANACAPA MICRO PRODUCTS, INC. (DC)",3320080.72,it-services,Verified,https://api.usaspending.gov/api/v2/search/spending_by_award/,ICE contract award 70CTD025FR0000104 from USAspending (award-level obligation).,it-services,Partial,Unknown / multi-site
2025-09-29,"TELLENGER, INC. (DC)",69240.0,operations-support,Verified,https://api.usaspending.gov/api/v2/search/spending_by_award/,ICE contract award 70CTD025FR0000102 from USAspending (award-level obligation).,operations-support,Partial,Unknown / multi-site
2025-09-29,"COUNTERTRADE PRODUCTS, INC. (AZ)",10104234.76,it-services,Verified,https://api.usaspending.gov/api/v2/search/spending_by_award/,ICE contract award 70CTD025FR0000095 from USAspending (award-level obligation).,it-services,Partial,Unknown / multi-site
2025-09-29,"AVAYA FEDERAL SOLUTIONS, INC. (FL)",4417.35,operations-support,Verified,https://api.usaspending.gov/api/v2/search/spending_by_award/,ICE contract award 70CTD025FC0000042 from USAspending (award-level obligation).,operations-support,Partial,Unknown / multi-site
2025-09-29,"AVAYA FEDERAL SOLUTIONS, INC. (CA)",8733.1,operations-support,Verified,https://api.usaspending.gov/api/v2/search/spending_by_award/,ICE contract award 70CTD025FC0000039 from USAspending (award-level obligation).,operations-support,Partial,Unknown / multi-site
2025-09-29,"AVAYA FEDERAL SOLUTIONS, INC. (CO)",32940.26,it-services,Verified,https://api.usaspending.gov/api/v2/search/spending_by_award/,ICE contract award 70CTD025FC0000038 from USAspending (award-level obligation).,it-services,Partial,Unknown / multi-site
2025-09-29,"AVAYA FEDERAL SOLUTIONS, INC. (MN)",24295.78,operations-support,Verified,https://api.usaspending.gov/api/v2/search/spending_by_award/,ICE contract award 70CTD025FC0000037 from USAspending (award-level obligation).,operations-support,Partial,Unknown / multi-site
2025-09-29,"FCN, INC. (MD)",358161.1,it-services,Verified,https://api.usaspending.gov/api/v2/search/spending_by_award/,ICE contract award 70CTD025FC0000035 from USAspending (award-level obligation).,it-services,Partial,Unknown / multi-site
2025-09-29,"ATLANTIC DIVING SUPPLY, INC. (FL)",2496224.09,operations-support,Verified,https://api.usaspending.gov/api/v2/search/spending_by_award/,ICE contract award 70CMSW25P00000084 from USAspending (award-level obligation).,operations-support,Partial,Unknown / multi-site
2025-09-29,"ATLANTIC DIVING SUPPLY, INC. (VA)",659820.0,operations-support,Verified,https://api.usaspending.gov/api/v2/search/spending_by_award/,ICE contract award 70CMSW25P00000082 from USAspending (award-level obligation).,operations-support,Partial,Unknown / multi-site
2025-09-29,"HOLITNA CONSTRUCTION, LLC (AK)",92864.32,it-services,Verified,https://api.usaspending.gov/api/v2/search/spending_by_award/,ICE contract award 70CMSW25FR0000153 from USAspending (award-level obligation).,it-services,Partial,Unknown / multi-site
2025-09-29,LEADING TECHNOLOGY COMPOSITES INC (KS),5194181.43,operations-support,Verified,https://api.usaspending.gov/api/v2/search/spending_by_award/,ICE contract award 70CMSW25FR0000150 from USAspending (award-level obligation).,operations-support,Partial,Unknown / multi-site
2025-09-29,LEADING TECHNOLOGY COMPOSITES INC (KS),7586652.0,operations-support,Verified,https://api.usaspending.gov/api/v2/search/spending_by_award/,ICE contract award 70CMSW25FR0000149 from USAspending (award-level obligation).,operations-support,Partial,Unknown / multi-site
2025-09-29,"ATLANTIC DIVING SUPPLY, INC. (VA)",9751560.0,it-services,Verified,https://api.usaspending.gov/api/v2/search/spending_by_award/,ICE contract award 70CMSW25FR0000148 from USAspending (award-level obligation).,it-services,Partial,Unknown / multi-site
2025-09-29,"GLOCK, INC. (GA)",773244.0,operations-support,Verified,https://api.usaspending.gov/api/v2/search/spending_by_award/,ICE contract award 70CMSW25FR0000147 from USAspending (award-level obligation).,operations-support,Partial,Unknown / multi-site
2025-09-29,"ATLANTIC DIVING SUPPLY, INC. (VA)",16993996.5,it-services,Verified,https://api.usaspending.gov/api/v2/search/spending_by_award/,ICE contract award 70CMSW25FR0000139 from USAspending (award-level obligation).,it-services,Partial,Unknown / multi-site
2025-09-29,"LIONHEART ALLIANCE, LLC (VA)",15453481.4,operations-support,Verified,https://api.usaspending.gov/api/v2/search/spending_by_award/,ICE contract award 70CMSW25FR0000136 from USAspending (award-level obligation).,operations-support,Partial,Unknown / multi-site
2025-09-29,GEISSELE AUTOMATICS LLC (GA),9098590.16,operations-support,Verified,https://api.usaspending.gov/api/v2/search/spending_by_award/,ICE contract award 70CMSW25FR0000135 from USAspending (award-level obligation).,operations-support,Partial,Unknown / multi-site
2025-09-29,"ATLANTIC DIVING SUPPLY, INC. (FL)",3876947.47,operations-support,Verified,https://api.usaspending.gov/api/v2/search/spending_by_award/,ICE contract award 70CMSW25FC0000132 from USAspending (award-level obligation).,operations-support,Partial,Unknown / multi-site
2025-09-29,"ALL AMERICAN CABLING, LLC (MI)",5953.92,operations-support,Verified,https://api.usaspending.gov/api/v2/search/spending_by_award/,ICE contract award 70CMSD25P00000156 from USAspending (award-level obligation).,operations-support,Partial,Unknown / multi-site
2025-09-29,TARGET DOWN GROUP INC (AZ),30000.0,it-services,Verified,https://api.usaspending.gov/api/v2/search/spending_by_award/,ICE contract award 70CMSD25P00000122 from USAspending (award-level obligation).,it-services,Partial,Unknown / multi-site
2025-09-29,BAHFED CORP (TX),150134.4,it-services,Verified,https://api.usaspending.gov/api/v2/search/spending_by_award/,ICE contract award 70CMSD25FR0000159 from USAspending (award-level obligation).,it-services,Partial,Unknown / multi-site
2025-09-29,"COUNTERTRADE PRODUCTS, INC. (VA)",9087.0,it-services,Verified,https://api.usaspending.gov/api/v2/search/spending_by_award/,ICE contract award 70CMSD25FR0000117 from USAspending (award-level obligation).,it-services,Partial,Unknown / multi-site
2025-09-29,"HRWORX, LLC (TX)",151470.0,it-services,Verified,https://api.usaspending.gov/api/v2/search/spending_by_award/,ICE contract award 70CMSD25FR0000077 from USAspending (award-level obligation).,it-services,Partial,Unknown / multi-site
2025-09-29,"FCN, INC. (VA)",24528.9,it-services,Verified,https://api.usaspending.gov/api/v2/search/spending_by_award/,ICE contract award 70CMSD25FR0000063 from USAspending (award-level obligation).,it-services,Partial,Unknown / multi-site
2025-09-29,SOFTWARE INFORMATION RESOURCE CORP. (VA),14434.53,it-services,Verified,https://api.usaspending.gov/api/v2/search/spending_by_award/,ICE contract award 70CMSD25FR0000058 from USAspending (award-level obligation).,it-services,Partial,Unknown / multi-site
2025-09-29,"CACI, INC. - FEDERAL (VA)",1656456.84,it-services,Verified,https://api.usaspending.gov/api/v2/search/spending_by_award/,ICE contract award 70CMSD25FR0000031 from USAspending (award-level obligation).,it-services,Partial,Unknown / multi-site
2025-09-28,"PANAMERICA COMPUTERS, INC. (DC)",209600.0,it-services,Verified,https://api.usaspending.gov/api/v2/search/spending_by_award/,ICE contract award 70CTD025FR0000099 from USAspending (award-level obligation).,it-services,Partial,Unknown / multi-site
2025-09-28,CALLYO 2009 CORP (VA),776700.0,it-services,Verified,https://api.usaspending.gov/api/v2/search/spending_by_award/,ICE contract award 70CMSD25P00000155 from USAspending (award-level obligation).,it-services,Partial,Unknown / multi-site
2025-09-28,"ICONECTIV, LLC (VA)",98600.0,it-services,Verified,https://api.usaspending.gov/api/v2/search/spending_by_award/,ICE contract award 70CMSD25P00000137 from USAspending (award-level obligation).,it-services,Partial,Unknown / multi-site
2025-09-28,"FCN, INC. (MD)",20784.59,it-services,Verified,https://api.usaspending.gov/api/v2/search/spending_by_award/,ICE contract award 70CMSD25FR0000157 from USAspending (award-level obligation).,it-services,Partial,Unknown / multi-site
2025-09-28,"PANAMERICA COMPUTERS, INC. (TX)",57640.0,it-services,Verified,https://api.usaspending.gov/api/v2/search/spending_by_award/,ICE contract award 70CMSD25FR0000113 from USAspending (award-level obligation).,it-services,Partial,Unknown / multi-site
2025-09-28,"PANAMERICA COMPUTERS, INC. (VA)",5071907.19,it-services,Verified,https://api.usaspending.gov/api/v2/search/spending_by_award/,ICE contract award 70CMSD25FR0000075 from USAspending (award-level obligation).,it-services,Partial,Unknown / multi-site
2025-09-27,SOFTWARE INFORMATION RESOURCE CORP. (DC),97486.0,it-services,Verified,https://api.usaspending.gov/api/v2/search/spending_by_award/,ICE contract award 70CTD025FR0000107 from USAspending (award-level obligation).,it-services,Partial,Unknown / multi-site
2025-09-27,DELL FEDERAL SYSTEMS L.P (DC),496440.0,operations-support,Verified,https://api.usaspending.gov/api/v2/search/spending_by_award/,ICE contract award 70CTD025FC0000020 from USAspending (award-level obligation).,operations-support,Partial,Unknown / multi-site
2025-09-27,"FILEONQ, INC (DC)",721056.0,operations-support,Verified,https://api.usaspending.gov/api/v2/search/spending_by_award/,ICE contract award 70CMSW25C00000014 from USAspending (award-level obligation).,operations-support,Partial,Unknown / multi-site
2025-09-27,SOFTWARE INFORMATION RESOURCE CORP. (VA),29022.0,it-services,Verified,https://api.usaspending.gov/api/v2/search/spending_by_award/,ICE contract award 70CMSD25FR0000087 from USAspending (award-level obligation).,it-services,Partial,Unknown / multi-site
2025-09-26,COLOSSAL CONTRACTING LLC (VA),63000.0,it-services,Verified,https://api.usaspending.gov/api/v2/search/spending_by_award/,ICE contract award 70CTD025FR0000105 from USAspending (award-level obligation).,it-services,Partial,Unknown / multi-site
2025-09-26,"HUMANGO SOLUTIONS, LLC (DC)",421725.95,it-services,Verified,https://api.usaspending.gov/api/v2/search/spending_by_award/,ICE contract award 70CTD025FC0000031 from USAspending (award-level obligation).,it-services,Partial,Unknown / multi-site
2025-09-26,A2Z SUPPLY CORP (MT),96972.65,it-services,Verified,https://api.usaspending.gov/api/v2/search/spending_by_award/,ICE contract award 70CMSW25P00000083 from USAspending (award-level obligation).,it-services,Partial,Unknown / multi-site
2025-09-26,"MOTOROLA SOLUTIONS, INC. (DC)",95452.76,detention-operations,Verified,https://api.usaspending.gov/api/v2/search/spending_by_award/,ICE contract award 70CMSW25P00000062 from USAspending (award-level obligation).,detention-operations,Partial,Unknown / multi-site
2025-09-26,"ADVANCED HEALTHSTYLES FITNESS EQUIPMENT, INC. (CO)",86199.48,it-services,Verified,https://api.usaspending.gov/api/v2/search/spending_by_award/,ICE contract award 70CMSW25FR0000146 from USAspending (award-level obligation).,it-services,Partial,Unknown / multi-site
2025-09-26,"GOVERNMENT SALES, LLC (NC)",33996.22,it-services,Verified,https://api.usaspending.gov/api/v2/search/spending_by_award/,ICE contract award 70CMSW25FR0000145 from USAspending (award-level obligation).,it-services,Partial,Unknown / multi-site
2025-09-26,"GENERAL DYNAMICS ORDNANCE AND TACTICAL SYSTEMS - SIMUNITION OPERATIONS, INC. (CT)",99772.02,it-services,Verified,https://api.usaspending.gov/api/v2/search/spending_by_award/,ICE contract award 70CMSW25FR0000143 from USAspending (award-level obligation).,it-services,Partial,Unknown / multi-site
2025-09-26,"HOLITNA CONSTRUCTION, LLC (AK)",28900.52,it-services,Verified,https://api.usaspending.gov/api/v2/search/spending_by_award/,ICE contract award 70CMSW25FR0000142 from USAspending (award-level obligation).,it-services,Partial,Unknown / multi-site
2025-09-26,"ATLANTIC DIVING SUPPLY, INC. (GA)",3628343.5,operations-support,Verified,https://api.usaspending.gov/api/v2/search/spending_by_award/,ICE contract award 70CMSW25FR0000141 from USAspending (award-level obligation).,operations-support,Partial,Unknown / multi-site
2025-09-26,"GEORGE J. PETRONIS ENTERPRISES, INC. (NJ)",99784.98,it-services,Verified,https://api.usaspending.gov/api/v2/search/spending_by_award/,ICE contract award 70CMSW25FR0000140 from USAspending (award-level obligation).,it-services,Partial,Unknown / multi-site
2025-09-26,"AXON ENTERPRISE, INC. (GA)",3846869.6,it-services,Verified,https://api.usaspending.gov/api/v2/search/spending_by_award/,ICE contract award 70CMSW25FR0000132 from USAspending (award-level obligation).,it-services,Partial,Unknown / multi-site
2025-09-26,"AMERICAN WORDATA, INC (DC)",51014.4,it-services,Verified,https://api.usaspending.gov/api/v2/search/spending_by_award/,ICE contract award 70CMSW25FR0000130 from USAspending (award-level obligation).,it-services,Partial,Unknown / multi-site
2025-09-26,"HOLITNA CONSTRUCTION, LLC (WA)",31229.18,air-transport,Verified,https://api.usaspending.gov/api/v2/search/spending_by_award/,ICE contract award 70CMSW25FR0000071 from USAspending (award-level obligation).,air-transport,Partial,Unknown / multi-site
2025-09-26,PRICE MODERN LLC (DC),54131.09,it-services,Verified,https://api.usaspending.gov/api/v2/search/spending_by_award/,ICE contract award 70CMSW25FC0000122 from USAspending (award-level obligation).,it-services,Partial,Unknown / multi-site
2025-09-26,"CHENEGA MISSION OPERATIONS, LLC (HI)",417601.27,it-services,Verified,https://api.usaspending.gov/api/v2/search/spending_by_award/,ICE contract award 70CMSW25C00000027 from USAspending (award-level obligation).,it-services,Partial,Unknown / multi-site
2025-09-26,ARCTIC PEAK LLC (FL),299721.0,it-services,Verified,https://api.usaspending.gov/api/v2/search/spending_by_award/,ICE contract award 70CMSW25C00000025 from USAspending (award-level obligation).,it-services,Partial,Unknown / multi-site
2025-09-26,TRANSOURCE SERVICES CORP. (AZ),27863.0,it-services,Verified,https://api.usaspending.gov/api/v2/search/spending_by_award/,ICE contract award 70CMSD25FR0000161 from USAspending (award-level obligation).,it-services,Partial,Unknown / multi-site
2025-09-26,"LENCO INDUSTRIES, INC. (MA)",411124.0,it-services,Verified,https://api.usaspending.gov/api/v2/search/spending_by_award/,ICE contract award 70CMSD25FR0000160 from USAspending (award-level obligation).,it-services,Partial,Unknown / multi-site
2025-09-26,"CORECIVIC, INC. (KS)",18478836.0,detention-operations,Verified,https://api.usaspending.gov/api/v2/search/spending_by_award/,ICE contract award 70CDCR25FR0000123 from USAspending (award-level obligation).,detention-operations,Partial,Unknown / multi-site
2025-09-25,"NEW TECH SOLUTIONS, INC. (VA)",549664.95,operations-support,Verified,https://api.usaspending.gov/api/v2/search/spending_by_award/,ICE contract award 70CTD025FR0000080 from USAspending (award-level obligation).,operations-support,Partial,Unknown / multi-site
2025-09-25,SHIVWORKS LLC (FL),19979.18,operations-support,Verified,https://api.usaspending.gov/api/v2/search/spending_by_award/,ICE contract award 70CMSW25P00000081 from USAspending (award-level obligation).,operations-support,Partial,Unknown / multi-site
2025-09-25,"NORD/ATLANTIC TRADING, INC. (FL)",82246.3,operations-support,Verified,https://api.usaspending.gov/api/v2/search/spending_by_award/,ICE contract award 70CMSW25FR0000138 from USAspending (award-level obligation).,operations-support,Partial,Unknown / multi-site
2025-09-25,COMCAST GOVERNMENT SERVICES LLC (VA),10910.89,it-services,Verified,https://api.usaspending.gov/api/v2/search/spending_by_award/,ICE contract award 70CMSD25P00000153 from USAspending (award-level obligation).,it-services,Partial,Unknown / multi-site
2025-09-25,"PEN-LINK, LTD (NE)",2284750.0,it-services,Verified,https://api.usaspending.gov/api/v2/search/spending_by_award/,ICE contract award 70CMSD25P00000138 from USAspending (award-level obligation).,it-services,Partial,Unknown / multi-site
2025-09-25,"AFFIGENT, LLC (VA)",12048.0,it-services,Verified,https://api.usaspending.gov/api/v2/search/spending_by_award/,ICE contract award 70CMSD25FR0000153 from USAspending (award-level obligation).,it-services,Partial,Unknown / multi-site
2025-09-25,"FCN, INC. (VA)",217381.3,it-services,Verified,https://api.usaspending.gov/api/v2/search/spending_by_award/,ICE contract award 70CMSD25FR0000059 from USAspending (award-level obligation).,it-services,Partial,Unknown / multi-site
2025-09-24,BLUE TECH INC. (CA),59597.19,it-services,Verified,https://api.usaspending.gov/api/v2/search/spending_by_award/,ICE contract award 70CMSD25FR0000152 from USAspending (award-level obligation).,it-services,Partial,Unknown / multi-site
2025-09-24,BAHFED CORP (GA),40567.5,it-services,Verified,https://api.usaspending.gov/api/v2/search/spending_by_award/,ICE contract award 70CTD025FR0000106 from USAspending (award-level obligation).,it-services,Partial,Unknown / multi-site
2025-09-24,REGENCY CONSULTING INC (DC),145762.5,detention-operations,Verified,https://api.usaspending.gov/api/v2/search/spending_by_award/,ICE contract award 70CTD025FR0000053 from USAspending (award-level obligation).,detention-operations,Partial,Unknown / multi-site
2025-09-24,"BI2 TECHNOLOGIES, LLC (DC)",4575000.0,it-services,Verified,https://api.usaspending.gov/api/v2/search/spending_by_award/,ICE contract award 70CTD025C00000001 from USAspending (award-level obligation).,it-services,Partial,Unknown / multi-site
2025-09-24,INCIDENT COMMUNICATION SOLUTIONS LLC (GA),38400.0,operations-support,Verified,https://api.usaspending.gov/api/v2/search/spending_by_award/,ICE contract award 70CMSW25P00000077 from USAspending (award-level obligation).,operations-support,Partial,Unknown / multi-site
2025-09-24,"GLOCK, INC. (GA)",748296.0,operations-support,Verified,https://api.usaspending.gov/api/v2/search/spending_by_award/,ICE contract award 70CMSW25FR0000084 from USAspending (award-level obligation).,operations-support,Partial,Unknown / multi-site
2025-09-24,"FCN, INC. (NJ)",26100.0,it-services,Verified,https://api.usaspending.gov/api/v2/search/spending_by_award/,ICE contract award 70CMSD25P00000157 from USAspending (award-level obligation).,it-services,Partial,Unknown / multi-site
2025-09-24,GUIDEHOUSE INC. (VA),799943.05,it-services,Verified,https://api.usaspending.gov/api/v2/search/spending_by_award/,ICE contract award 70CMSD25FR0000124 from USAspending (award-level obligation).,it-services,Partial,Unknown / multi-site
2025-09-24,WIDEPOINT INTEGRATED SOLUTIONS CORP (DC),12835.1,it-services,Verified,https://api.usaspending.gov/api/v2/search/spending_by_award/,ICE contract award 70CMSD25FR0000111 from USAspending (award-level obligation).,it-services,Partial,Unknown / multi-site
2025-09-24,XEROX CORPORATION (DC),153805.68,operations-support,Verified,https://api.usaspending.gov/api/v2/search/spending_by_award/,ICE contract award 70CMSD25FR0000103 from USAspending (award-level obligation).,operations-support,Partial,Unknown / multi-site
2025-09-24,"PERSONABLE.COM, INC. (DC)",1473180.0,it-services,Verified,https://api.usaspending.gov/api/v2/search/spending_by_award/,ICE contract award 70CMSD25C00000006 from USAspending (award-level obligation).,it-services,Partial,Unknown / multi-site
2025-09-24,SUN BADGE CO. (DC),24076.75,detention-operations,Verified,https://api.usaspending.gov/api/v2/search/spending_by_award/,ICE contract award 70CDCR25P00000033 from USAspending (award-level obligation).,detention-operations,Partial,Unknown / multi-site
2025-09-23,BAHFED CORP (CA),42019.22,detention-operations,Verified,https://api.usaspending.gov/api/v2/search/spending_by_award/,ICE contract award 70CTD025FR0000101 from USAspending (award-level obligation).,detention-operations,Partial,Unknown / multi-site
2025-09-23,"HUMANGO SOLUTIONS, LLC (VA)",419740.5,air-transport,Verified,https://api.usaspending.gov/api/v2/search/spending_by_award/,ICE contract award 70CTD025FC0000036 from USAspending (award-level obligation).,air-transport,Partial,Unknown / multi-site
2025-09-23,GEISSELE AUTOMATICS LLC (PA),16543.6,operations-support,Verified,https://api.usaspending.gov/api/v2/search/spending_by_award/,ICE contract award 70CMSW25FR0000127 from USAspending (award-level obligation).,operations-support,Partial,Unknown / multi-site
2025-09-23,"GLOCK, INC. (GA)",456750.0,operations-support,Verified,https://api.usaspending.gov/api/v2/search/spending_by_award/,ICE contract award 70CMSW25FR0000117 from USAspending (award-level obligation).,operations-support,Partial,Unknown / multi-site
2025-09-23,"ATLANTIC DIVING SUPPLY, INC. (FL)",110830.0,operations-support,Verified,https://api.usaspending.gov/api/v2/search/spending_by_award/,ICE contract award 70CMSW25FC0000104 from USAspending (award-level obligation).,operations-support,Partial,Unknown / multi-site
2025-09-23,YERKES SOUTH INC. (TX),4054135.3,detention-operations,Verified,https://api.usaspending.gov/api/v2/search/spending_by_award/,ICE contract award 70CMSW25C00000019 from USAspending (award-level obligation).,detention-operations,Partial,Unknown / multi-site
2025-09-23,FOSTER & FREEMAN USA INC (VA),164752.06,it-services,Verified,https://api.usaspending.gov/api/v2/search/spending_by_award/,ICE contract award 70CMSD25P00000074 from USAspending (award-level obligation).,it-services,Partial,Unknown / multi-site
2025-09-23,CARAHSOFT TECHNOLOGY CORP (TX),1885000.0,it-services,Verified,https://api.usaspending.gov/api/v2/search/spending_by_award/,ICE contract award 70CMSD25FR0000089 from USAspending (award-level obligation).,it-services,Partial,Unknown / multi-site
2025-09-23,"ATLANTIC DIVING SUPPLY, INC. (DC)",83902.13,air-transport,Verified,https://api.usaspending.gov/api/v2/search/spending_by_award/,ICE contract award 70CMSD25FC0000047 from USAspending (award-level obligation).,air-transport,Partial,Unknown / multi-site
2025-09-23,"FCN, INC. (TX)",91479.2,operations-support,Verified,https://api.usaspending.gov/api/v2/search/spending_by_award/,ICE contract award 70CMSD25FC0000046 from USAspending (award-level obligation).,operations-support,Partial,Unknown / multi-site
2025-09-23,"FCN, INC. (GA)",98344.15,it-services,Verified,https://api.usaspending.gov/api/v2/search/spending_by_award/,ICE contract award 70CMSD25FC0000042 from USAspending (award-level obligation).,it-services,Partial,Unknown / multi-site
2025-09-23,"TEAM CARNEY, INC. (VA)",1915941.03,it-services,Verified,https://api.usaspending.gov/api/v2/search/spending_by_award/,ICE contract award 70CMSD25FC0000014 from USAspending (award-level obligation).,it-services,Partial,Unknown / multi-site
2025-09-23,"UNIT SOLUTIONS, INC. (CA)",20922.3,detention-operations,Verified,https://api.usaspending.gov/api/v2/search/spending_by_award/,ICE contract award 70CDCR25P00000038 from USAspending (award-level obligation).,detention-operations,Partial,Unknown / multi-site
2025-09-23,ORION OIL LLC (FL),6000.0,detention-operations,Verified,https://api.usaspending.gov/api/v2/search/spending_by_award/,ICE contract award 70CDCR25P00000035 from USAspending (award-level obligation).,detention-operations,Partial,Unknown / multi-site
2025-09-23,COAST2COAST SHREDDING LLC (CA),57277.92,it-services,Verified,https://api.usaspending.gov/api/v2/search/spending_by_award/,ICE contract award 70CDCR25FR0000124 from USAspending (award-level obligation).,it-services,Partial,Unknown / multi-site
2025-09-22,BLUE TECH INC. (DC),16185.59,it-services,Verified,https://api.usaspending.gov/api/v2/search/spending_by_award/,ICE contract award 70CTD025FR0000090 from USAspending (award-level obligation).,it-services,Partial,Unknown / multi-site
2025-09-22,BAHFED CORP (VA),73235.0,it-services,Verified,https://api.usaspending.gov/api/v2/search/spending_by_award/,ICE contract award 70CTD025FR0000085 from USAspending (award-level obligation).,it-services,Partial,Unknown / multi-site
2025-09-22,"AVAYA FEDERAL SOLUTIONS, INC. (TX)",18118.46,operations-support,Verified,https://api.usaspending.gov/api/v2/search/spending_by_award/,ICE contract award 70CTD025FC0000033 from USAspending (award-level obligation).,operations-support,Partial,Unknown / multi-site
2025-09-22,"ATLANTIC DIVING SUPPLY, INC. (GA)",421747.0,operations-support,Verified,https://api.usaspending.gov/api/v2/search/spending_by_award/,ICE contract award 70CMSW25P00000080 from USAspending (award-level obligation).,operations-support,Partial,Unknown / multi-site
2025-09-22,"ATLANTIC DIVING SUPPLY, INC. (FL)",94529.5,operations-support,Verified,https://api.usaspending.gov/api/v2/search/spending_by_award/,ICE contract award 70CMSW25P00000079 from USAspending (award-level obligation).,operations-support,Partial,Unknown / multi-site
2025-09-22,QUANTICO TACTICAL INCORPORATED (NC),61218.82,operations-support,Verified,https://api.usaspending.gov/api/v2/search/spending_by_award/,ICE contract award 70CMSW25P00000078 from USAspending (award-level obligation).,operations-support,Partial,Unknown / multi-site
2025-09-22,RETICENCE GROUP LLC (TX),22750.0,operations-support,Verified,https://api.usaspending.gov/api/v2/search/spending_by_award/,ICE contract award 70CMSW25P00000031 from USAspending (award-level obligation).,operations-support,Partial,Unknown / multi-site
2025-09-22,OLIN WINCHESTER LLC (IL),99803.0,it-services,Verified,https://api.usaspending.gov/api/v2/search/spending_by_award/,ICE contract award 70CMSW25FR0000129 from USAspending (award-level obligation).,it-services,Partial,Unknown / multi-site
2025-09-22,"LIONHEART ALLIANCE, LLC (VA)",189210.75,operations-support,Verified,https://api.usaspending.gov/api/v2/search/spending_by_award/,ICE contract award 70CMSW25FR0000128 from USAspending (award-level obligation).,operations-support,Partial,Unknown / multi-site
2025-09-22,"GLOCK, INC. (GA)",102375.0,operations-support,Verified,https://api.usaspending.gov/api/v2/search/spending_by_award/,ICE contract award 70CMSW25FR0000126 from USAspending (award-level obligation).,operations-support,Partial,Unknown / multi-site
2025-09-22,AD & RESOURCES LLC (DC),3640243.3,it-services,Verified,https://api.usaspending.gov/api/v2/search/spending_by_award/,ICE contract award 70CMSW25FR0000093 from USAspending (award-level obligation).,it-services,Partial,Unknown / multi-site
2025-09-22,"ATLANTIC DIVING SUPPLY, INC. (VA)",299567.97,operations-support,Verified,https://api.usaspending.gov/api/v2/search/spending_by_award/,ICE contract award 70CMSW25FR0000090 from USAspending (award-level obligation).,operations-support,Partial,Unknown / multi-site
2025-09-22,PRICE MODERN LLC (MD),76231.33,detention-operations,Verified,https://api.usaspending.gov/api/v2/search/spending_by_award/,ICE contract award 70CMSW25FC0000129 from USAspending (award-level obligation).,detention-operations,Partial,Unknown / multi-site
2025-09-22,"SUPPLYSOURCE DC, LLC (VA)",95734.19,air-transport,Verified,https://api.usaspending.gov/api/v2/search/spending_by_award/,ICE contract award 70CMSW25FC0000125 from USAspending (award-level obligation).,air-transport,Partial,Unknown / multi-site
2025-09-22,PRICE MODERN LLC (AL),55985.0,it-services,Verified,https://api.usaspending.gov/api/v2/search/spending_by_award/,ICE contract award 70CMSW25FC0000114 from USAspending (award-level obligation).,it-services,Partial,Unknown / multi-site
2025-09-22,BRISTOL BUILDING CONSTRUCTORS LLC (TX),5692573.0,detention-operations,Verified,https://api.usaspending.gov/api/v2/search/spending_by_award/,ICE contract award 70CMSW25C00000023 from USAspending (award-level obligation).,detention-operations,Partial,Unknown / multi-site
2025-09-22,"SPECIALIZED TESTING AND CONSTRUCTION, INC. (AZ)",1620599.0,detention-operations,Verified,https://api.usaspending.gov/api/v2/search/spending_by_award/,ICE contract award 70CMSW25C00000022 from USAspending (award-level obligation).,detention-operations,Partial,Unknown / multi-site
2025-09-22,TORMACH INC (VA),29823.25,it-services,Verified,https://api.usaspending.gov/api/v2/search/spending_by_award/,ICE contract award 70CMSD25P00000158 from USAspending (award-level obligation).,it-services,Partial,Unknown / multi-site
2025-09-22,SOURCE CODE LLC (MA),38925.0,it-services,Verified,https://api.usaspending.gov/api/v2/search/spending_by_award/,ICE contract award 70CMSD25P00000152 from USAspending (award-level obligation).,it-services,Partial,Unknown / multi-site
2025-09-22,"IMPRES TECHNOLOGY SOLUTIONS, INC (TX)",473827.0,it-services,Verified,https://api.usaspending.gov/api/v2/search/spending_by_award/,ICE contract award 70CMSD25FR0000154 from USAspending (award-level obligation).,it-services,Partial,Unknown / multi-site
2025-09-22,"LIFE FITNESS SALES, INC. (PR)",57867.0,operations-support,Verified,https://api.usaspending.gov/api/v2/search/spending_by_award/,ICE contract award 70CMSD25FR0000150 from USAspending (award-level obligation).,operations-support,Partial,Unknown / multi-site
2025-09-22,"FCN, INC. (MD)",2099028.46,it-services,Verified,https://api.usaspending.gov/api/v2/search/spending_by_award/,ICE contract award 70CMSD25FR0000143 from USAspending (award-level obligation).,it-services,Partial,Unknown / multi-site
2025-09-22,AMIVERO LLC (DC),3353718.27,it-services,Verified,https://api.usaspending.gov/api/v2/search/spending_by_award/,ICE contract award 70CMSD25FR0000140 from USAspending (award-level obligation).,it-services,Partial,Unknown / multi-site
2025-09-22,"DYNAMIS, INC. (VA)",1553878.94,it-services,Verified,https://api.usaspending.gov/api/v2/search/spending_by_award/,ICE contract award 70CMSD25FR0000132 from USAspending (award-level obligation).,it-services,Partial,Unknown / multi-site
2025-09-22,"THE NAKAMOTO GROUP, INC. (MD)",180029.22,detention-operations,Verified,https://api.usaspending.gov/api/v2/search/spending_by_award/,ICE contract award 70CDCR25P00000027 from USAspending (award-level obligation).,detention-operations,Partial,Unknown / multi-site
2025-09-22,"CAPRICE ELECTRONICS, INC (CA)",44939.74,detention-operations,Verified,https://api.usaspending.gov/api/v2/search/spending_by_award/,ICE contract award 70CDCR25FR0000121 from USAspending (award-level obligation).,detention-operations,Partial,Unknown / multi-site
2025-09-21,BARBARICUM LLC (DC),94998.0,it-services,Verified,https://api.usaspending.gov/api/v2/search/spending_by_award/,ICE contract award 70CMSD25P00000146 from USAspending (award-level obligation).,it-services,Partial,Unknown / multi-site
2025-09-21,"PANAMERICA COMPUTERS, INC. (VA)",26657.5,it-services,Verified,https://api.usaspending.gov/api/v2/search/spending_by_award/,ICE contract award 70CMSD25FR0000102 from USAspending (award-level obligation).,it-services,Partial,Unknown / multi-site
2025-09-20,"COX VIRGINIA TELCOM, L.L.C (VA)",99898.0,it-services,Verified,https://api.usaspending.gov/api/v2/search/spending_by_award/,ICE contract award 70CMSD25P00000103 from USAspending (award-level obligation).,it-services,Partial,Unknown / multi-site
2025-09-20,SOFTWARE INFORMATION RESOURCE CORP. (VA),11448.57,it-services,Verified,https://api.usaspending.gov/api/v2/search/spending_by_award/,ICE contract award 70CMSD25FR0000066 from USAspending (award-level obligation).,it-services,Partial,Unknown / multi-site
2025-09-19,BAHFED CORP (DC),30746.87,it-services,Verified,https://api.usaspending.gov/api/v2/search/spending_by_award/,ICE contract award 70CTD025FR0000098 from USAspending (award-level obligation).,it-services,Partial,Unknown / multi-site
2025-09-19,"THUNDERCAT TECHNOLOGY, LLC (DC)",72428.04,it-services,Verified,https://api.usaspending.gov/api/v2/search/spending_by_award/,ICE contract award 70CTD025FR0000096 from USAspending (award-level obligation).,it-services,Partial,Unknown / multi-site
2025-09-19,"FCN, INC. (DC)",705315.0,operations-support,Verified,https://api.usaspending.gov/api/v2/search/spending_by_award/,ICE contract award 70CTD025FR0000092 from USAspending (award-level obligation).,operations-support,Partial,Unknown / multi-site
2025-09-19,"HUMANGO SOLUTIONS, LLC (WI)",27245.71,detention-operations,Verified,https://api.usaspending.gov/api/v2/search/spending_by_award/,ICE contract award 70CTD025FC0000034 from USAspending (award-level obligation).,detention-operations,Partial,Unknown / multi-site
2025-09-19,"HUMANGO SOLUTIONS, LLC (IL)",36071.44,detention-operations,Verified,https://api.usaspending.gov/api/v2/search/spending_by_award/,ICE contract award 70CTD025FC0000032 from USAspending (award-level obligation).,detention-operations,Partial,Unknown / multi-site
2025-09-19,"HUMANGO SOLUTIONS, LLC (TX)",678886.03,it-services,Verified,https://api.usaspending.gov/api/v2/search/spending_by_award/,ICE contract award 70CTD025FC0000030 from USAspending (award-level obligation).,it-services,Partial,Unknown / multi-site
2025-09-19,"FCN, INC. (DC)",2721758.48,it-services,Verified,https://api.usaspending.gov/api/v2/search/spending_by_award/,ICE contract award 70CTD025FC0000028 from USAspending (award-level obligation).,it-services,Partial,Unknown / multi-site
2025-09-19,"LIONHEART ALLIANCE, LLC (VA)",75000.6,operations-support,Verified,https://api.usaspending.gov/api/v2/search/spending_by_award/,ICE contract award 70CMSW25P00000076 from USAspending (award-level obligation).,operations-support,Partial,Unknown / multi-site
2025-09-19,BULFINCH UNIT A OWNER LLC (MA),29125.0,it-services,Verified,https://api.usaspending.gov/api/v2/search/spending_by_award/,ICE contract award 70CMSW25P00000075 from USAspending (award-level obligation).,it-services,Partial,Unknown / multi-site
2025-09-19,"ATLANTIC DIVING SUPPLY, INC. (FL)",6999510.0,it-services,Verified,https://api.usaspending.gov/api/v2/search/spending_by_award/,ICE contract award 70CMSW25P00000069 from USAspending (award-level obligation).,it-services,Partial,Unknown / multi-site
2025-09-19,"ENTERPRISE TECHNOLOGY SOLUTIONS, INC. (DC)",88226.85,operations-support,Verified,https://api.usaspending.gov/api/v2/search/spending_by_award/,ICE contract award 70CMSW25FR0000123 from USAspending (award-level obligation).,operations-support,Partial,Unknown / multi-site
2025-09-19,THE KINETIC GROUP SALES LLC (MN),99970.8,it-services,Verified,https://api.usaspending.gov/api/v2/search/spending_by_award/,ICE contract award 70CMSW25FR0000121 from USAspending (award-level obligation).,it-services,Partial,Unknown / multi-site
2025-09-19,"ATLANTIC DIVING SUPPLY, INC. (VA)",190287.5,operations-support,Verified,https://api.usaspending.gov/api/v2/search/spending_by_award/,ICE contract award 70CMSW25FR0000120 from USAspending (award-level obligation).,operations-support,Partial,Unknown / multi-site
2025-09-19,"APL ACCESS & SECURITY, INC. (AZ)",99912.95,detention-operations,Verified,https://api.usaspending.gov/api/v2/search/spending_by_award/,ICE contract award 70CMSW25FR0000116 from USAspending (award-level obligation).,detention-operations,Partial,Unknown / multi-site
2025-09-19,QUANTICO TACTICAL INCORPORATED (NC),273928.2,operations-support,Verified,https://api.usaspending.gov/api/v2/search/spending_by_award/,ICE contract award 70CMSW25FR0000108 from USAspending (award-level obligation).,operations-support,Partial,Unknown / multi-site
2025-09-19,"LIONHEART ALLIANCE, LLC (VA)",137815.83,operations-support,Verified,https://api.usaspending.gov/api/v2/search/spending_by_award/,ICE contract award 70CMSW25FR0000088 from USAspending (award-level obligation).,operations-support,Partial,Unknown / multi-site
2025-09-19,"ATLANTIC DIVING SUPPLY, INC. (VA)",661245.0,it-services,Verified,https://api.usaspending.gov/api/v2/search/spending_by_award/,ICE contract award 70CMSW25FR0000074 from USAspending (award-level obligation).,it-services,Partial,Unknown / multi-site
2025-09-19,"HOLITNA CONSTRUCTION, LLC (NV)",908443.17,it-services,Verified,https://api.usaspending.gov/api/v2/search/spending_by_award/,ICE contract award 70CMSW25FR0000052 from USAspending (award-level obligation).,it-services,Partial,Unknown / multi-site
2025-09-19,"RMF ENGINEERING, INC., P.C. (TX)",36647.0,detention-operations,Verified,https://api.usaspending.gov/api/v2/search/spending_by_award/,ICE contract award 70CMSW25FR0000028 from USAspending (award-level obligation).,detention-operations,Partial,Unknown / multi-site
2025-09-19,PRICE MODERN LLC (DC),94551.26,it-services,Verified,https://api.usaspending.gov/api/v2/search/spending_by_award/,ICE contract award 70CMSW25FC0000126 from USAspending (award-level obligation).,it-services,Partial,Unknown / multi-site
2025-09-19,FULCRUM CONTRACTING GROUP LLC (TX),209621.9,detention-operations,Verified,https://api.usaspending.gov/api/v2/search/spending_by_award/,ICE contract award 70CMSW25C00000026 from USAspending (award-level obligation).,detention-operations,Partial,Unknown / multi-site
2025-09-19,PBCI-PKS JV LLC (TX),2299789.0,detention-operations,Verified,https://api.usaspending.gov/api/v2/search/spending_by_award/,ICE contract award 70CMSW25C00000020 from USAspending (award-level obligation).,detention-operations,Partial,Unknown / multi-site
2025-09-19,COWBOY CONCEALMENTS LLC (TX),99025.0,it-services,Verified,https://api.usaspending.gov/api/v2/search/spending_by_award/,ICE contract award 70CMSD25P00000144 from USAspending (award-level obligation).,it-services,Partial,Unknown / multi-site
2025-09-19,LOCKHEED MARTIN CORPORATION (MD),568100.0,it-services,Verified,https://api.usaspending.gov/api/v2/search/spending_by_award/,ICE contract award 70CMSD25P00000125 from USAspending (award-level obligation).,it-services,Partial,Unknown / multi-site
2025-09-19,"SAYARI ANALYTICS, LLC (DC)",91712.0,it-services,Verified,https://api.usaspending.gov/api/v2/search/spending_by_award/,ICE contract award 70CMSD25P00000068 from USAspending (award-level obligation).,it-services,Partial,Unknown / multi-site
2025-09-19,"VOLEXITY, INC. (VA)",72000.0,it-services,Verified,https://api.usaspending.gov/api/v2/search/spending_by_award/,ICE contract award 70CMSD25P00000046 from USAspending (award-level obligation).,it-services,Partial,Unknown / multi-site
2025-09-19,"TRM LABS, INC. (VA)",1948677.0,it-services,Verified,https://api.usaspending.gov/api/v2/search/spending_by_award/,ICE contract award 70CMSD25FR0000144 from USAspending (award-level obligation).,it-services,Partial,Unknown / multi-site
2025-09-19,FISHER SCIENTIFIC COMPANY L.L.C. (CO),32951.8,it-services,Verified,https://api.usaspending.gov/api/v2/search/spending_by_award/,ICE contract award 70CMSD25FR0000142 from USAspending (award-level obligation).,it-services,Partial,Unknown / multi-site
2025-09-19,"ATLANTIC DIVING SUPPLY, INC. (VA)",514169.68,air-transport,Verified,https://api.usaspending.gov/api/v2/search/spending_by_award/,ICE contract award 70CMSD25FC0000039 from USAspending (award-level obligation).,air-transport,Partial,Unknown / multi-site
2025-09-19,"FCN, INC. (VA)",1959310.99,it-services,Verified,https://api.usaspending.gov/api/v2/search/spending_by_award/,ICE contract award 70CMSD25FC0000037 from USAspending (award-level obligation).,it-services,Partial,Unknown / multi-site
2025-09-19,KINRO MANUFACTURING LLC (MD),233460.0,operations-support,Verified,https://api.usaspending.gov/api/v2/search/spending_by_award/,ICE contract award 70CDCR25P00000037 from USAspending (award-level obligation).,operations-support,Partial,Unknown / multi-site
2025-09-19,PROALLIANCE CORP (IL),389350.0,detention-operations,Verified,https://api.usaspending.gov/api/v2/search/spending_by_award/,ICE contract award 70CDCR25P00000025 from USAspending (award-level obligation).,detention-operations,Partial,Unknown / multi-site
2025-09-18,REGAN TECHNOLOGIES CORP (FL),135097.81,it-services,Verified,https://api.usaspending.gov/api/v2/search/spending_by_award/,ICE contract award 70CTD025FR0000069 from USAspending (award-level obligation).,it-services,Partial,Unknown / multi-site
2025-09-18,"FCN, INC. (DC)",3420130.44,it-services,Verified,https://api.usaspending.gov/api/v2/search/spending_by_award/,ICE contract award 70CTD025FR0000057 from USAspending (award-level obligation).,it-services,Partial,Unknown / multi-site
2025-09-18,"LIONHEART ALLIANCE, LLC (VA)",90058.45,operations-support,Verified,https://api.usaspending.gov/api/v2/search/spending_by_award/,ICE contract award 70CMSW25FR0000125 from USAspending (award-level obligation).,operations-support,Partial,Unknown / multi-site
2025-09-18,CHEVIN FLEET SOLUTIONS LLC (DC),1588387.56,it-services,Verified,https://api.usaspending.gov/api/v2/search/spending_by_award/,ICE contract award 70CMSW25FR0000106 from USAspending (award-level obligation).,it-services,Partial,Unknown / multi-site
2025-09-18,PRICE MODERN LLC (DC),99420.68,it-services,Verified,https://api.usaspending.gov/api/v2/search/spending_by_award/,ICE contract award 70CMSW25FC0000124 from USAspending (award-level obligation).,it-services,Partial,Unknown / multi-site
2025-09-18,DNA LABS INTERNATIONAL INC (FL),36070.0,operations-support,Verified,https://api.usaspending.gov/api/v2/search/spending_by_award/,ICE contract award 70CMSD25P00000151 from USAspending (award-level obligation).,operations-support,Partial,Unknown / multi-site
2025-09-18,THE MITRE CORPORATION (VA),375000.0,it-services,Verified,https://api.usaspending.gov/api/v2/search/spending_by_award/,ICE contract award 70CMSD25P00000149 from USAspending (award-level obligation).,it-services,Partial,Unknown / multi-site
2025-09-18,FOSTER & FREEMAN USA INC (VA),395728.12,it-services,Verified,https://api.usaspending.gov/api/v2/search/spending_by_award/,ICE contract award 70CMSD25P00000087 from USAspending (award-level obligation).,it-services,Partial,Unknown / multi-site
2025-09-18,BLUE TECH INC. (CA),119275.0,it-services,Verified,https://api.usaspending.gov/api/v2/search/spending_by_award/,ICE contract award 70CMSD25P00000055 from USAspending (award-level obligation).,it-services,Partial,Unknown / multi-site
2025-09-18,"PANAMERICA COMPUTERS, INC. (VA)",66500.0,it-services,Verified,https://api.usaspending.gov/api/v2/search/spending_by_award/,ICE contract award 70CMSD25FR0000149 from USAspending (award-level obligation).,it-services,Partial,Unknown / multi-site
2025-09-18,"FOUR POINTS TECHNOLOGY, L.L.C. (VA)",465197.04,it-services,Verified,https://api.usaspending.gov/api/v2/search/spending_by_award/,ICE contract award 70CMSD25FR0000121 from USAspending (award-level obligation).,it-services,Partial,Unknown / multi-site
2025-09-18,CORRECTIONS CONSULTING SERVICES LLC (TX),1118115.0,detention-operations,Verified,https://api.usaspending.gov/api/v2/search/spending_by_award/,ICE contract award 70CDCR25FR0000093 from USAspending (award-level obligation).,detention-operations,Partial,Unknown / multi-site
2025-09-17,BLUE TECH INC. (DC),471392.67,it-services,Verified,https://api.usaspending.gov/api/v2/search/spending_by_award/,ICE contract award 70CTD025FR0000093 from USAspending (award-level obligation).,it-services,Partial,Unknown / multi-site
2025-09-17,"ATLANTIC DIVING SUPPLY, INC. (VA)",19063.94,operations-support,Verified,https://api.usaspending.gov/api/v2/search/spending_by_award/,ICE contract award 70CMSW25P00000074 from USAspending (award-level obligation).,operations-support,Partial,Unknown / multi-site
2025-09-17,"GLOCK, INC. (GA)",739962.0,operations-support,Verified,https://api.usaspending.gov/api/v2/search/spending_by_award/,ICE contract award 70CMSW25FR0000122 from USAspending (award-level obligation).,operations-support,Partial,Unknown / multi-site
2025-09-17,"GLOCK, INC. (GA)",99996.0,operations-support,Verified,https://api.usaspending.gov/api/v2/search/spending_by_award/,ICE contract award 70CMSW25FR0000118 from USAspending (award-level obligation).,operations-support,Partial,Unknown / multi-site
2025-09-17,"ATLANTIC DIVING SUPPLY, INC. (VA)",584914.5,operations-support,Verified,https://api.usaspending.gov/api/v2/search/spending_by_award/,ICE contract award 70CMSW25FR0000113 from USAspending (award-level obligation).,operations-support,Partial,Unknown / multi-site
2025-09-17,"ATLANTIC DIVING SUPPLY, INC. (VA)",12122825.0,it-services,Verified,https://api.usaspending.gov/api/v2/search/spending_by_award/,ICE contract award 70CMSW25FR0000107 from USAspending (award-level obligation).,it-services,Partial,Unknown / multi-site
2025-09-17,THE KINETIC GROUP SALES LLC (MN),1427042.8,it-services,Verified,https://api.usaspending.gov/api/v2/search/spending_by_award/,ICE contract award 70CMSW25FR0000068 from USAspending (award-level obligation).,it-services,Partial,Unknown / multi-site
2025-09-17,"ATLANTIC DIVING SUPPLY, INC. (FL)",260339.67,operations-support,Verified,https://api.usaspending.gov/api/v2/search/spending_by_award/,ICE contract award 70CMSW25FC0000130 from USAspending (award-level obligation).,operations-support,Partial,Unknown / multi-site
2025-09-17,PRICE MODERN LLC (CA),10891.0,it-services,Verified,https://api.usaspending.gov/api/v2/search/spending_by_award/,ICE contract award 70CMSW25FC0000105 from USAspending (award-level obligation).,it-services,Partial,Unknown / multi-site
2025-09-17,METTLER-TOLEDO LLC (MT),13145.0,it-services,Verified,https://api.usaspending.gov/api/v2/search/spending_by_award/,ICE contract award 70CMSD25P00000148 from USAspending (award-level obligation).,it-services,Partial,Unknown / multi-site
2025-09-17,"MAGNET FORENSICS, LLC (VA)",145000.0,it-services,Verified,https://api.usaspending.gov/api/v2/search/spending_by_award/,ICE contract award 70CMSD25P00000140 from USAspending (award-level obligation).,it-services,Partial,Unknown / multi-site
2025-09-17,"FCN, INC. (MD)",89192.22,it-services,Verified,https://api.usaspending.gov/api/v2/search/spending_by_award/,ICE contract award 70CMSD25FC0000044 from USAspending (award-level obligation).,it-services,Partial,Unknown / multi-site
2025-09-17,HORWITZ LLC (MN),14225.0,air-transport,Verified,https://api.usaspending.gov/api/v2/search/spending_by_award/,ICE contract award 70CDCR25P00000036 from USAspending (award-level obligation).,air-transport,Partial,Unknown / multi-site
2025-09-17,SERCO INC (GA),766380.31,detention-operations,Verified,https://api.usaspending.gov/api/v2/search/spending_by_award/,ICE contract award 70CDCR25FR0000119 from USAspending (award-level obligation).,detention-operations,Partial,Unknown / multi-site
2025-09-16,"FCN, INC. (DC)",15999988.21,it-services,Verified,https://api.usaspending.gov/api/v2/search/spending_by_award/,ICE contract award 70CTD025FC0000019 from USAspending (award-level obligation).,it-services,Partial,Unknown / multi-site
2025-09-16,CHATTAHOOCHEE TRAILER LLC (GA),7895.0,operations-support,Verified,https://api.usaspending.gov/api/v2/search/spending_by_award/,ICE contract award 70CMSW25P00000073 from USAspending (award-level obligation).,operations-support,Partial,Unknown / multi-site
2025-09-16,"ATLANTIC DIVING SUPPLY, INC. (VA)",158130.0,operations-support,Verified,https://api.usaspending.gov/api/v2/search/spending_by_award/,ICE contract award 70CMSW25P00000072 from USAspending (award-level obligation).,operations-support,Partial,Unknown / multi-site
2025-09-16,"ATLANTIC DIVING SUPPLY, INC. (VA)",848975.0,operations-support,Verified,https://api.usaspending.gov/api/v2/search/spending_by_award/,ICE contract award 70CMSW25FR0000119 from USAspending (award-level obligation).,operations-support,Partial,Unknown / multi-site
2025-09-16,REGUPOL ZEBRA ATHLETICS LLC (PA),26498.11,operations-support,Verified,https://api.usaspending.gov/api/v2/search/spending_by_award/,ICE contract award 70CMSW25FR0000115 from USAspending (award-level obligation).,operations-support,Partial,Unknown / multi-site
2025-09-16,ICOR TECHNOLOGY INC (GA),77634.37,operations-support,Verified,https://api.usaspending.gov/api/v2/search/spending_by_award/,ICE contract award 70CMSW25FR0000114 from USAspending (award-level obligation).,operations-support,Partial,Unknown / multi-site
2025-09-16,"ATLANTIC DIVING SUPPLY, INC. (VA)",1373583.0,operations-support,Verified,https://api.usaspending.gov/api/v2/search/spending_by_award/,ICE contract award 70CMSW25FR0000086 from USAspending (award-level obligation).,operations-support,Partial,Unknown / multi-site
2025-09-16,PRICE MODERN LLC (CA),78827.4,detention-operations,Verified,https://api.usaspending.gov/api/v2/search/spending_by_award/,ICE contract award 70CMSW25FC0000128 from USAspending (award-level obligation).,detention-operations,Partial,Unknown / multi-site
2025-09-16,PRICE MODERN LLC (MA),317024.97,it-services,Verified,https://api.usaspending.gov/api/v2/search/spending_by_award/,ICE contract award 70CMSW25FC0000127 from USAspending (award-level obligation).,it-services,Partial,Unknown / multi-site
2025-09-16,PRICE MODERN LLC (CA),30123.36,detention-operations,Verified,https://api.usaspending.gov/api/v2/search/spending_by_award/,ICE contract award 70CMSW25FC0000048 from USAspending (award-level obligation).,detention-operations,Partial,Unknown / multi-site
2025-09-16,ONEIDA-STANTEC JV LLC (WI),2601211.89,it-services,Verified,https://api.usaspending.gov/api/v2/search/spending_by_award/,ICE contract award 70CMSW25C00000021 from USAspending (award-level obligation).,it-services,Partial,Unknown / multi-site
2025-09-16,CERIFI LLC (DC),159075.0,it-services,Verified,https://api.usaspending.gov/api/v2/search/spending_by_award/,ICE contract award 70CMSD25P00000136 from USAspending (award-level obligation).,it-services,Partial,Unknown / multi-site
2025-09-16,"O2X HUMAN PERFORMANCE, LLC (AL)",99748.11,it-services,Verified,https://api.usaspending.gov/api/v2/search/spending_by_award/,ICE contract award 70CMSD25P00000132 from USAspending (award-level obligation).,it-services,Partial,Unknown / multi-site
2025-09-16,"ATLANTIC DIVING SUPPLY, INC. (VA)",88527.0,it-services,Verified,https://api.usaspending.gov/api/v2/search/spending_by_award/,ICE contract award 70CMSD25FR0000148 from USAspending (award-level obligation).,it-services,Partial,Unknown / multi-site
2025-09-16,"CHAINALYSIS GOVERNMENT SOLUTIONS, LLC (VA)",3568858.16,it-services,Verified,https://api.usaspending.gov/api/v2/search/spending_by_award/,ICE contract award 70CMSD25FR0000137 from USAspending (award-level obligation).,it-services,Partial,Unknown / multi-site
2025-09-16,GUIDEHOUSE INC. (AL),256016.8,it-services,Verified,https://api.usaspending.gov/api/v2/search/spending_by_award/,ICE contract award 70CMSD25FR0000078 from USAspending (award-level obligation).,it-services,Partial,Unknown / multi-site
2025-09-16,SOFTWARE INFORMATION RESOURCE CORP. (VA),24098.42,it-services,Verified,https://api.usaspending.gov/api/v2/search/spending_by_award/,ICE contract award 70CMSD25FR0000050 from USAspending (award-level obligation).,it-services,Partial,Unknown / multi-site
2025-09-16,"VERATO, INC. (TX)",371000.0,it-services,Verified,https://api.usaspending.gov/api/v2/search/spending_by_award/,ICE contract award 70CMSD25FC0000033 from USAspending (award-level obligation).,it-services,Partial,Unknown / multi-site
2025-09-16,ALTITUDE TECHNOLOGIES INC. (OK),22372.0,medical-services,Verified,https://api.usaspending.gov/api/v2/search/spending_by_award/,ICE contract award 70CDCR25P00000029 from USAspending (award-level obligation).,medical-services,Partial,Unknown / multi-site
2025-09-15,REGAN TECHNOLOGIES CORP (OK),28481.86,detention-operations,Verified,https://api.usaspending.gov/api/v2/search/spending_by_award/,ICE contract award 70CTD025FR0000073 from USAspending (award-level obligation).,detention-operations,Partial,Unknown / multi-site
2025-09-15,"FOUR POINTS TECHNOLOGY, L.L.C. (VA)",527723.42,it-services,Verified,https://api.usaspending.gov/api/v2/search/spending_by_award/,ICE contract award 70CTD025FC0000026 from USAspending (award-level obligation).,it-services,Partial,Unknown / multi-site
2025-09-15,"ATLANTIC DIVING SUPPLY, INC. (VA)",92137.5,operations-support,Verified,https://api.usaspending.gov/api/v2/search/spending_by_award/,ICE contract award 70CMSW25P00000070 from USAspending (award-level obligation).,operations-support,Partial,Unknown / multi-site
2025-09-15,REALLY RIGHT STUFF LLC (UT),26676.0,operations-support,Verified,https://api.usaspending.gov/api/v2/search/spending_by_award/,ICE contract award 70CMSW25P00000063 from USAspending (award-level obligation).,operations-support,Partial,Unknown / multi-site
2025-09-15,"ATLANTIC DIVING SUPPLY, INC. (VA)",363409.25,operations-support,Verified,https://api.usaspending.gov/api/v2/search/spending_by_award/,ICE contract award 70CMSW25P00000047 from USAspending (award-level obligation).,operations-support,Partial,Unknown / multi-site
2025-09-15,"ATLANTIC DIVING SUPPLY, INC. (VA)",99983.52,operations-support,Verified,https://api.usaspending.gov/api/v2/search/spending_by_award/,ICE contract award 70CMSW25FR0000105 from USAspending (award-level obligation).,operations-support,Partial,Unknown / multi-site
2025-09-15,PRICE MODERN LLC (DC),64764.34,it-services,Verified,https://api.usaspending.gov/api/v2/search/spending_by_award/,ICE contract award 70CMSW25FC0000123 from USAspending (award-level obligation).,it-services,Partial,Unknown / multi-site
2025-09-15,"ATLANTIC DIVING SUPPLY, INC. (FL)",2014354.87,operations-support,Verified,https://api.usaspending.gov/api/v2/search/spending_by_award/,ICE contract award 70CMSW25FC0000102 from USAspending (award-level obligation).,operations-support,Partial,Unknown / multi-site
2025-09-15,WAZER INC (VA),20063.0,it-services,Verified,https://api.usaspending.gov/api/v2/search/spending_by_award/,ICE contract award 70CMSD25P00000143 from USAspending (award-level obligation).,it-services,Partial,Unknown / multi-site
2025-09-15,"UNIVERSALTRADES, LLC (VA)",7210.0,it-services,Verified,https://api.usaspending.gov/api/v2/search/spending_by_award/,ICE contract award 70CMSD25P00000135 from USAspending (award-level obligation).,it-services,Partial,Unknown / multi-site
2025-09-15,"SHRED N GO, INC. (MN)",3907.8,it-services,Verified,https://api.usaspending.gov/api/v2/search/spending_by_award/,ICE contract award 70CMSD25P00000123 from USAspending (award-level obligation).,it-services,Partial,Unknown / multi-site
2025-09-15,"LEADSONLINE, LLC (VA)",393616.0,operations-support,Verified,https://api.usaspending.gov/api/v2/search/spending_by_award/,ICE contract award 70CMSD25P00000117 from USAspending (award-level obligation).,operations-support,Partial,Unknown / multi-site
2025-09-15,"VITAL RECORDS HOLDINGS, LLC (NJ)",6630.0,it-services,Verified,https://api.usaspending.gov/api/v2/search/spending_by_award/,ICE contract award 70CMSD25P00000113 from USAspending (award-level obligation).,it-services,Partial,Unknown / multi-site
2025-09-15,"TRIVAN TRUCK BODY, LLC (WA)",131400.0,it-services,Verified,https://api.usaspending.gov/api/v2/search/spending_by_award/,ICE contract award 70CMSD25P00000048 from USAspending (award-level obligation).,it-services,Partial,Unknown / multi-site
2025-09-15,REGULA FORENSICS INC (DC),199700.0,it-services,Verified,https://api.usaspending.gov/api/v2/search/spending_by_award/,ICE contract award 70CMSD25P00000040 from USAspending (award-level obligation).,it-services,Partial,Unknown / multi-site
2025-09-15,"ATLANTIC DIVING SUPPLY, INC. (VA)",28965.98,air-transport,Verified,https://api.usaspending.gov/api/v2/search/spending_by_award/,ICE contract award 70CMSD25FR0000139 from USAspending (award-level obligation).,air-transport,Partial,Unknown / multi-site
2025-09-15,"IMPRES TECHNOLOGY SOLUTIONS, INC (TX)",2406231.0,it-services,Verified,https://api.usaspending.gov/api/v2/search/spending_by_award/,ICE contract award 70CMSD25FR0000136 from USAspending (award-level obligation).,it-services,Partial,Unknown / multi-site
2025-09-15,"LYME COMPUTER SYSTEMS, INC. (VA)",251896.0,it-services,Verified,https://api.usaspending.gov/api/v2/search/spending_by_award/,ICE contract award 70CMSD25FR0000134 from USAspending (award-level obligation).,it-services,Partial,Unknown / multi-site
2025-09-15,VETS2 SYNERGY LLC (VA),2809744.69,operations-support,Verified,https://api.usaspending.gov/api/v2/search/spending_by_award/,ICE contract award 70CMSD25FR0000112 from USAspending (award-level obligation).,operations-support,Partial,Unknown / multi-site
2025-09-15,DC LANGUAGE CENTER LLC (VA),29800.0,it-services,Verified,https://api.usaspending.gov/api/v2/search/spending_by_award/,ICE contract award 70CMSD25FR0000068 from USAspending (award-level obligation).,it-services,Partial,Unknown / multi-site
2025-09-15,"FCN, INC. (TX)",19125.0,it-services,Verified,https://api.usaspending.gov/api/v2/search/spending_by_award/,ICE contract award 70CMSD25FC0000038 from USAspending (award-level obligation).,it-services,Partial,Unknown / multi-site
2025-09-15,"ATLANTIC DIVING SUPPLY, INC. (AZ)",25650.56,air-transport,Verified,https://api.usaspending.gov/api/v2/search/spending_by_award/,ICE contract award 70CMSD25FC0000031 from USAspending (award-level obligation).,air-transport,Partial,Unknown / multi-site
2025-09-15,"OMNI BUSINESS SYSTEMS, INC (TX)",21633.24,operations-support,Verified,https://api.usaspending.gov/api/v2/search/spending_by_award/,ICE contract award 70CMSD25FC0000021 from USAspending (award-level obligation).,operations-support,Partial,Unknown / multi-site
2025-09-15,"WOLFLAND, INC. (MD)",60031.57,operations-support,Verified,https://api.usaspending.gov/api/v2/search/spending_by_award/,ICE contract award 70CDCR25P00000034 from USAspending (award-level obligation).,operations-support,Partial,Unknown / multi-site
2025-09-14,ECLINICALWORKS LLC (DC),1515524.0,detention-operations,Verified,https://api.usaspending.gov/api/v2/search/spending_by_award/,ICE contract award 70CTD025C00000002 from USAspending (award-level obligation).,detention-operations,Partial,Unknown / multi-site
2025-09-13,"GOVSMART, INC. (DC)",79975.8,operations-support,Verified,https://api.usaspending.gov/api/v2/search/spending_by_award/,ICE contract award 70CTD025FR0000063 from USAspending (award-level obligation).,operations-support,Partial,Unknown / multi-site
2025-09-13,BAHFED CORP (DC),2086913.53,it-services,Verified,https://api.usaspending.gov/api/v2/search/spending_by_award/,ICE contract award 70CTD025FR0000055 from USAspending (award-level obligation).,it-services,Partial,Unknown / multi-site
2025-09-13,"CREATIVE CORRECTIONS, LLC (TX)",1090697.92,it-services,Verified,https://api.usaspending.gov/api/v2/search/spending_by_award/,ICE contract award 70CDCR25FR0000117 from USAspending (award-level obligation).,it-services,Partial,Unknown / multi-site
2025-09-12,BAHFED CORP (DC),27222.78,it-services,Verified,https://api.usaspending.gov/api/v2/search/spending_by_award/,ICE contract award 70CTD025FR0000091 from USAspending (award-level obligation).,it-services,Partial,Unknown / multi-site
2025-09-12,"ADVANTAGE TECHNOLOGIES, INC (DC)",8881.6,it-services,Verified,https://api.usaspending.gov/api/v2/search/spending_by_award/,ICE contract award 70CTD025FR0000088 from USAspending (award-level obligation).,it-services,Partial,Unknown / multi-site
2025-09-12,GOVERNMENT ACQUISITIONS INC (DC),1521867.84,operations-support,Verified,https://api.usaspending.gov/api/v2/search/spending_by_award/,ICE contract award 70CTD025FR0000038 from USAspending (award-level obligation).,operations-support,Partial,Unknown / multi-site
2025-09-12,"FOUR POINTS TECHNOLOGY, L.L.C. (VA)",749916.61,operations-support,Verified,https://api.usaspending.gov/api/v2/search/spending_by_award/,ICE contract award 70CTD025FC0000029 from USAspending (award-level obligation).,operations-support,Partial,Unknown / multi-site
2025-09-12,SIG SAUER INC. (GA),13147.68,operations-support,Verified,https://api.usaspending.gov/api/v2/search/spending_by_award/,ICE contract award 70CMSW25P00000068 from USAspending (award-level obligation).,operations-support,Partial,Unknown / multi-site
2025-09-12,"ATLANTIC DIVING SUPPLY, INC. (VA)",49973.76,operations-support,Verified,https://api.usaspending.gov/api/v2/search/spending_by_award/,ICE contract award 70CMSW25FR0000112 from USAspending (award-level obligation).,operations-support,Partial,Unknown / multi-site
2025-09-12,RED CARROT INC (DC),156245.68,air-transport,Verified,https://api.usaspending.gov/api/v2/search/spending_by_award/,ICE contract award 70CMSW25FC0000121 from USAspending (award-level obligation).,air-transport,Partial,Unknown / multi-site
2025-09-12,"ACCESS COMMUNICATIONS GROUP, LLC (TX)",807073.28,it-services,Verified,https://api.usaspending.gov/api/v2/search/spending_by_award/,ICE contract award 70CMSW25C00000018 from USAspending (award-level obligation).,it-services,Partial,Unknown / multi-site
2025-09-12,ENSURITY MOBILE CORP. (FL),311250.0,it-services,Verified,https://api.usaspending.gov/api/v2/search/spending_by_award/,ICE contract award 70CMSD25P00000139 from USAspending (award-level obligation).,it-services,Partial,Unknown / multi-site
2025-09-11,BAHFED CORP (DC),125090.0,it-services,Verified,https://api.usaspending.gov/api/v2/search/spending_by_award/,ICE contract award 70CTD025FR0000089 from USAspending (award-level obligation).,it-services,Partial,Unknown / multi-site
2025-09-11,"DH TECHNOLOGIES, INC. (VA)",38959.2,it-services,Verified,https://api.usaspending.gov/api/v2/search/spending_by_award/,ICE contract award 70CTD025FR0000087 from USAspending (award-level obligation).,it-services,Partial,Unknown / multi-site
2025-09-11,SOUTHSIDE GARAGE AND USED AUTO PARTS LLC (GA),80000.0,operations-support,Verified,https://api.usaspending.gov/api/v2/search/spending_by_award/,ICE contract award 70CMSW25P00000039 from USAspending (award-level obligation).,operations-support,Partial,Unknown / multi-site
2025-09-11,"ATLANTIC DIVING SUPPLY, INC. (VA)",286942.5,operations-support,Verified,https://api.usaspending.gov/api/v2/search/spending_by_award/,ICE contract award 70CMSW25FR0000111 from USAspending (award-level obligation).,operations-support,Partial,Unknown / multi-site
2025-09-11,"ATLANTIC DIVING SUPPLY, INC. (FL)",260666.45,operations-support,Verified,https://api.usaspending.gov/api/v2/search/spending_by_award/,ICE contract award 70CMSW25FC0000059 from USAspending (award-level obligation).,operations-support,Partial,Unknown / multi-site
2025-09-11,"LAFAYETTE INSTRUMENT COMPANY, LLC (TX)",92396.5,it-services,Verified,https://api.usaspending.gov/api/v2/search/spending_by_award/,ICE contract award 70CMSD25P00000129 from USAspending (award-level obligation).,it-services,Partial,Unknown / multi-site
2025-09-11,SLAM TECHNICAL SERVICES LLC (VA),457039.57,it-services,Verified,https://api.usaspending.gov/api/v2/search/spending_by_award/,ICE contract award 70CMSD25P00000049 from USAspending (award-level obligation).,it-services,Partial,Unknown / multi-site
2025-09-10,STERLING COMPUTERS CORPORATION (KS),34873.25,it-services,Verified,https://api.usaspending.gov/api/v2/search/spending_by_award/,ICE contract award 70CTD025FR0000079 from USAspending (award-level obligation).,it-services,Partial,Unknown / multi-site
2025-09-10,"DH TECHNOLOGIES, INC. (DC)",40498.01,it-services,Verified,https://api.usaspending.gov/api/v2/search/spending_by_award/,ICE contract award 70CTD025FR0000071 from USAspending (award-level obligation).,it-services,Partial,Unknown / multi-site
2025-09-10,"DH TECHNOLOGIES, INC. (DC)",59090.11,it-services,Verified,https://api.usaspending.gov/api/v2/search/spending_by_award/,ICE contract award 70CTD025FR0000070 from USAspending (award-level obligation).,it-services,Partial,Unknown / multi-site
2025-09-10,INDEV LLC (DC),1850621.15,it-services,Verified,https://api.usaspending.gov/api/v2/search/spending_by_award/,ICE contract award 70CTD025FR0000068 from USAspending (award-level obligation).,it-services,Partial,Unknown / multi-site
2025-09-10,"GLOCK, INC. (GA)",315000.0,operations-support,Verified,https://api.usaspending.gov/api/v2/search/spending_by_award/,ICE contract award 70CMSW25FR0000087 from USAspending (award-level obligation).,operations-support,Partial,Unknown / multi-site
2025-09-10,"ATLANTIC DIVING SUPPLY, INC. (FL)",1301566.5,operations-support,Verified,https://api.usaspending.gov/api/v2/search/spending_by_award/,ICE contract award 70CMSW25FR0000083 from USAspending (award-level obligation).,operations-support,Partial,Unknown / multi-site
2025-09-10,"ATLANTIC DIVING SUPPLY, INC. (VA)",99944.4,operations-support,Verified,https://api.usaspending.gov/api/v2/search/spending_by_award/,ICE contract award 70CMSW25FC0000120 from USAspending (award-level obligation).,operations-support,Partial,Unknown / multi-site
2025-09-10,"NEW TECH SOLUTIONS, INC. (VA)",449884.72,it-services,Verified,https://api.usaspending.gov/api/v2/search/spending_by_award/,ICE contract award 70CMSD25FR0000098 from USAspending (award-level obligation).,it-services,Partial,Unknown / multi-site
2025-09-10,GUIDEHOUSE INC. (VA),467467.2,it-services,Verified,https://api.usaspending.gov/api/v2/search/spending_by_award/,ICE contract award 70CMSD25FR0000076 from USAspending (award-level obligation).,it-services,Partial,Unknown / multi-site
2025-09-10,"FCN, INC. (TX)",59400.0,it-services,Verified,https://api.usaspending.gov/api/v2/search/spending_by_award/,ICE contract award 70CMSD25FC0000035 from USAspending (award-level obligation).,it-services,Partial,Unknown / multi-site
2025-09-10,"FCN, INC. (TX)",29700.0,it-services,Verified,https://api.usaspending.gov/api/v2/search/spending_by_award/,ICE contract award 70CMSD25FC0000034 from USAspending (award-level obligation).,it-services,Partial,Unknown / multi-site
2025-09-10,"FCN, INC. (TX)",556806.74,it-services,Verified,https://api.usaspending.gov/api/v2/search/spending_by_award/,ICE contract award 70CMSD25FC0000028 from USAspending (award-level obligation).,it-services,Partial,Unknown / multi-site
2025-09-09,"KUIU, LLC (VA)",21741.6,it-services,Verified,https://api.usaspending.gov/api/v2/search/spending_by_award/,ICE contract award 70CMSW25P00000067 from USAspending (award-level obligation).,it-services,Partial,Unknown / multi-site
2025-09-09,"CASTLE HILL PARTNERS, INC (CA)",2221250.0,it-services,Verified,https://api.usaspending.gov/api/v2/search/spending_by_award/,ICE contract award 70CMSW25P00000057 from USAspending (award-level obligation).,it-services,Partial,Unknown / multi-site
2025-09-09,"MIG GOV, LLC (VA)",364414.0,it-services,Verified,https://api.usaspending.gov/api/v2/search/spending_by_award/,ICE contract award 70CMSW25P00000052 from USAspending (award-level obligation).,it-services,Partial,Unknown / multi-site
2025-09-09,"ATLANTIC DIVING SUPPLY, INC. (FL)",2927500.0,operations-support,Verified,https://api.usaspending.gov/api/v2/search/spending_by_award/,ICE contract award 70CMSW25FR0000110 from USAspending (award-level obligation).,operations-support,Partial,Unknown / multi-site
2025-09-09,"GLOCK, INC. (GA)",1575000.0,operations-support,Verified,https://api.usaspending.gov/api/v2/search/spending_by_award/,ICE contract award 70CMSW25FR0000109 from USAspending (award-level obligation).,operations-support,Partial,Unknown / multi-site
2025-09-09,AARDVARK (MO),12750.0,it-services,Verified,https://api.usaspending.gov/api/v2/search/spending_by_award/,ICE contract award 70CMSD25FR0000129 from USAspending (award-level obligation).,it-services,Partial,Unknown / multi-site
2025-09-09,BLUE TECH INC. (CA),380926.62,it-services,Verified,https://api.usaspending.gov/api/v2/search/spending_by_award/,ICE contract award 70CMSD25FR0000116 from USAspending (award-level obligation).,it-services,Partial,Unknown / multi-site
2025-09-09,"NEW TECH SOLUTIONS, INC. (CA)",150570.0,it-services,Verified,https://api.usaspending.gov/api/v2/search/spending_by_award/,ICE contract award 70CMSD25FR0000092 from USAspending (award-level obligation).,it-services,Partial,Unknown / multi-site
2025-09-08,"DH TECHNOLOGIES, INC. (CO)",37679.18,detention-operations,Verified,https://api.usaspending.gov/api/v2/search/spending_by_award/,ICE contract award 70CTD025FR0000083 from USAspending (award-level obligation).,detention-operations,Partial,Unknown / multi-site
2025-09-08,BAHFED CORP (DC),15216.53,it-services,Verified,https://api.usaspending.gov/api/v2/search/spending_by_award/,ICE contract award 70CTD025FR0000082 from USAspending (award-level obligation).,it-services,Partial,Unknown / multi-site
2025-09-08,"FCN, INC. (TX)",42000.0,operations-support,Verified,https://api.usaspending.gov/api/v2/search/spending_by_award/,ICE contract award 70CTD025FR0000081 from USAspending (award-level obligation).,operations-support,Partial,Unknown / multi-site
2025-09-08,"FOUR POINTS TECHNOLOGY, L.L.C. (VA)",7397705.61,operations-support,Verified,https://api.usaspending.gov/api/v2/search/spending_by_award/,ICE contract award 70CTD025FC0000025 from USAspending (award-level obligation).,operations-support,Partial,Unknown / multi-site
2025-09-08,"FOUR POINTS TECHNOLOGY, L.L.C. (VA)",24105505.29,it-services,Verified,https://api.usaspending.gov/api/v2/search/spending_by_award/,ICE contract award 70CTD025FC0000024 from USAspending (award-level obligation).,it-services,Partial,Unknown / multi-site
2025-09-08,RESCUE PHONE INC (GA),17995.0,operations-support,Verified,https://api.usaspending.gov/api/v2/search/spending_by_award/,ICE contract award 70CMSW25P00000064 from USAspending (award-level obligation).,operations-support,Partial,Unknown / multi-site
2025-09-08,VITAL GROUP SOLUTIONS LLC (GA),610643.0,medical-services,Verified,https://api.usaspending.gov/api/v2/search/spending_by_award/,ICE contract award 70CMSW25P00000027 from USAspending (award-level obligation).,medical-services,Partial,Unknown / multi-site
2025-09-08,"10GFEDSUPPLY, LLC (NC)",704996.57,it-services,Verified,https://api.usaspending.gov/api/v2/search/spending_by_award/,ICE contract award 70CMSW25FR0000069 from USAspending (award-level obligation).,it-services,Partial,Unknown / multi-site
2025-09-08,PRICE MODERN LLC (VA),36315.02,it-services,Verified,https://api.usaspending.gov/api/v2/search/spending_by_award/,ICE contract award 70CMSW25FC0000100 from USAspending (award-level obligation).,it-services,Partial,Unknown / multi-site
2025-09-08,ASET PARTNERS CORP. (MD),701644.32,it-services,Verified,https://api.usaspending.gov/api/v2/search/spending_by_award/,ICE contract award 70CMSW25FC0000092 from USAspending (award-level obligation).,it-services,Partial,Unknown / multi-site
2025-09-08,PRICE MODERN LLC (MD),471265.98,it-services,Verified,https://api.usaspending.gov/api/v2/search/spending_by_award/,ICE contract award 70CMSW25FC0000062 from USAspending (award-level obligation).,it-services,Partial,Unknown / multi-site
2025-09-08,LCEO LLC (PA),16600.0,it-services,Verified,https://api.usaspending.gov/api/v2/search/spending_by_award/,ICE contract award 70CMSD25P00000134 from USAspending (award-level obligation).,it-services,Partial,Unknown / multi-site
2025-09-08,MATTHEW P BAACKE (VA),35950.0,it-services,Verified,https://api.usaspending.gov/api/v2/search/spending_by_award/,ICE contract award 70CMSD25P00000128 from USAspending (award-level obligation).,it-services,Partial,Unknown / multi-site
2025-09-08,WALK PROCUREMENT LLC (FL),26729.68,it-services,Verified,https://api.usaspending.gov/api/v2/search/spending_by_award/,ICE contract award 70CMSD25P00000126 from USAspending (award-level obligation).,it-services,Partial,Unknown / multi-site
2025-09-08,PERFECT FIT (ME),333000.0,it-services,Verified,https://api.usaspending.gov/api/v2/search/spending_by_award/,ICE contract award 70CMSD25FR0000131 from USAspending (award-level obligation).,it-services,Partial,Unknown / multi-site
2025-09-08,"IMPRES TECHNOLOGY SOLUTIONS, INC (TX)",424000.0,it-services,Verified,https://api.usaspending.gov/api/v2/search/spending_by_award/,ICE contract award 70CMSD25FR0000125 from USAspending (award-level obligation).,it-services,Partial,Unknown / multi-site
2025-09-08,PYROCOM SYSTEMS INC (TX),43919.42,air-transport,Verified,https://api.usaspending.gov/api/v2/search/spending_by_award/,ICE contract award 70CDCR25P00000032 from USAspending (award-level obligation).,air-transport,Partial,Unknown / multi-site
2025-09-06,"THUNDERCAT TECHNOLOGY, LLC (VA)",90354.0,it-services,Verified,https://api.usaspending.gov/api/v2/search/spending_by_award/,ICE contract award 70CMSD25FR0000110 from USAspending (award-level obligation).,it-services,Partial,Unknown / multi-site
2025-09-06,"FCN, INC. (VA)",49967.77,it-services,Verified,https://api.usaspending.gov/api/v2/search/spending_by_award/,ICE contract award 70CMSD25FR0000053 from USAspending (award-level obligation).,it-services,Partial,Unknown / multi-site
2025-09-05,"HUMANGO SOLUTIONS, LLC (VA)",30422.37,it-services,Verified,https://api.usaspending.gov/api/v2/search/spending_by_award/,ICE contract award 70CTD025FC0000027 from USAspending (award-level obligation).,it-services,Partial,Unknown / multi-site
2025-09-05,BEAVERFIT NORTH AMERICA LLC (NV),91570.1,detention-operations,Verified,https://api.usaspending.gov/api/v2/search/spending_by_award/,ICE contract award 70CMSW25P00000065 from USAspending (award-level obligation).,detention-operations,Partial,Unknown / multi-site
2025-09-05,"ATLANTIC DIVING SUPPLY, INC. (GA)",19862.5,operations-support,Verified,https://api.usaspending.gov/api/v2/search/spending_by_award/,ICE contract award 70CMSW25FR0000104 from USAspending (award-level obligation).,operations-support,Partial,Unknown / multi-site
2025-09-05,"ATLANTIC DIVING SUPPLY, INC. (VA)",80694.6,operations-support,Verified,https://api.usaspending.gov/api/v2/search/spending_by_award/,ICE contract award 70CMSW25FR0000102 from USAspending (award-level obligation).,operations-support,Partial,Unknown / multi-site
2025-09-05,STEPHEN PAUL MANGUM (VA),82689.99,it-services,Verified,https://api.usaspending.gov/api/v2/search/spending_by_award/,ICE contract award 70CMSD25P00000133 from USAspending (award-level obligation).,it-services,Partial,Unknown / multi-site
2025-09-05,PARSONS GOVERNMENT SERVICES INC. (VA),94068.62,air-transport,Verified,https://api.usaspending.gov/api/v2/search/spending_by_award/,ICE contract award 70CMSD25P00000115 from USAspending (award-level obligation).,air-transport,Partial,Unknown / multi-site
2025-09-05,"CLEARVIEW AI, INC. (NY)",3750000.0,it-services,Verified,https://api.usaspending.gov/api/v2/search/spending_by_award/,ICE contract award 70CMSD25P00000111 from USAspending (award-level obligation).,it-services,Partial,Unknown / multi-site
2025-09-05,THORN (CA),933920.0,it-services,Verified,https://api.usaspending.gov/api/v2/search/spending_by_award/,ICE contract award 70CMSD25P00000070 from USAspending (award-level obligation).,it-services,Partial,Unknown / multi-site
2025-09-05,"ATLANTIC DIVING SUPPLY, INC. (VA)",93120.0,it-services,Verified,https://api.usaspending.gov/api/v2/search/spending_by_award/,ICE contract award 70CMSD25FR0000127 from USAspending (award-level obligation).,it-services,Partial,Unknown / multi-site
2025-09-05,"TEAM CARNEY, INC. (VA)",99999.0,it-services,Verified,https://api.usaspending.gov/api/v2/search/spending_by_award/,ICE contract award 70CMSD25FC0000032 from USAspending (award-level obligation).,it-services,Partial,Unknown / multi-site
2025-09-05,"SALIENT CRGT, INC. (CA)",7882827.0,detention-operations,Verified,https://api.usaspending.gov/api/v2/search/spending_by_award/,ICE contract award 70CDCR25FR0000101 from USAspending (award-level obligation).,detention-operations,Partial,Unknown / multi-site
2025-09-04,"ATLANTIC DIVING SUPPLY, INC. (FL)",92711.0,it-services,Verified,https://api.usaspending.gov/api/v2/search/spending_by_award/,ICE contract award 70CMSW25FC0000119 from USAspending (award-level obligation).,it-services,Partial,Unknown / multi-site
2025-09-04,ACE VEDO LLC (TX),15897.0,operations-support,Verified,https://api.usaspending.gov/api/v2/search/spending_by_award/,ICE contract award 70CMSD25P00000127 from USAspending (award-level obligation).,operations-support,Partial,Unknown / multi-site
2025-09-04,MEMMERT USA LLC (WI),15445.38,it-services,Verified,https://api.usaspending.gov/api/v2/search/spending_by_award/,ICE contract award 70CMSD25P00000121 from USAspending (award-level obligation).,it-services,Partial,Unknown / multi-site
2025-09-04,"COUNTERTRADE PRODUCTS, INC. (CO)",495027.36,it-services,Verified,https://api.usaspending.gov/api/v2/search/spending_by_award/,ICE contract award 70CMSD25FR0000130 from USAspending (award-level obligation).,it-services,Partial,Unknown / multi-site
2025-09-04,"ATLANTIC DIVING SUPPLY, INC. (PA)",57187.42,it-services,Verified,https://api.usaspending.gov/api/v2/search/spending_by_award/,ICE contract award 70CMSD25FR0000128 from USAspending (award-level obligation).,it-services,Partial,Unknown / multi-site
2025-09-04,"FCN, INC. (MD)",1855325.45,it-services,Verified,https://api.usaspending.gov/api/v2/search/spending_by_award/,ICE contract award 70CMSD25FR0000115 from USAspending (award-level obligation).,it-services,Partial,Unknown / multi-site
2025-09-04,"WILDFLOWER INTERNATIONAL, LTD. (NM)",126749.9,it-services,Verified,https://api.usaspending.gov/api/v2/search/spending_by_award/,ICE contract award 70CMSD25FR0000065 from USAspending (award-level obligation).,it-services,Partial,Unknown / multi-site
2025-09-03,BAHFED CORP (NJ),61176.56,it-services,Verified,https://api.usaspending.gov/api/v2/search/spending_by_award/,ICE contract award 70CTD025FR0000074 from USAspending (award-level obligation).,it-services,Partial,Unknown / multi-site
2025-09-03,"K-LOG, INC (TX)",23090.74,detention-operations,Verified,https://api.usaspending.gov/api/v2/search/spending_by_award/,ICE contract award 70CMSW25P00000066 from USAspending (award-level obligation).,detention-operations,Partial,Unknown / multi-site
2025-09-03,AGILENT TECHNOLOGIES INC (VA),80921.8,it-services,Verified,https://api.usaspending.gov/api/v2/search/spending_by_award/,ICE contract award 70CMSD25P00000090 from USAspending (award-level obligation).,it-services,Partial,Unknown / multi-site
2025-09-03,"PANAMERICA COMPUTERS, INC. (DC)",46698.6,it-services,Verified,https://api.usaspending.gov/api/v2/search/spending_by_award/,ICE contract award 70CMSD25FR0000126 from USAspending (award-level obligation).,it-services,Partial,Unknown / multi-site
2025-09-03,FORMLABS INC. (MA),29923.25,it-services,Verified,https://api.usaspending.gov/api/v2/search/spending_by_award/,ICE contract award 70CMSD25FR0000123 from USAspending (award-level obligation).,it-services,Partial,Unknown / multi-site
2025-09-02,BAHFED CORP (DC),36937.7,it-services,Verified,https://api.usaspending.gov/api/v2/search/spending_by_award/,ICE contract award 70CTD025FR0000078 from USAspending (award-level obligation).,it-services,Partial,Unknown / multi-site
2025-09-02,"FCN, INC. (DC)",44259.45,it-services,Verified,https://api.usaspending.gov/api/v2/search/spending_by_award/,ICE contract award 70CTD025FC0000022 from USAspending (award-level obligation).,it-services,Partial,Unknown / multi-site
2025-09-02,PRICE MODERN LLC (SC),6300.0,detention-operations,Verified,https://api.usaspending.gov/api/v2/search/spending_by_award/,ICE contract award 70CMSW25FC0000112 from USAspending (award-level obligation).,detention-operations,Partial,Unknown / multi-site
2025-09-02,"BLUE STEEL RANGES, LLC (MI)",44180.0,it-services,Verified,https://api.usaspending.gov/api/v2/search/spending_by_award/,ICE contract award 70CMSD25P00000120 from USAspending (award-level obligation).,it-services,Partial,Unknown / multi-site
2025-09-02,TRIEX LLC (VT),16653.21,it-services,Verified,https://api.usaspending.gov/api/v2/search/spending_by_award/,ICE contract award 70CMSD25P00000119 from USAspending (award-level obligation).,it-services,Partial,Unknown / multi-site
2025-09-02,"STOCKTON FORD, INC. (TX)",11722.0,air-transport,Verified,https://api.usaspending.gov/api/v2/search/spending_by_award/,ICE contract award 70CMSD25P00000118 from USAspending (award-level obligation).,air-transport,Partial,Unknown / multi-site
2025-09-02,AKIRA TECHNOLOGIES INC. (DC),55890.0,it-services,Verified,https://api.usaspending.gov/api/v2/search/spending_by_award/,ICE contract award 70CMSD25P00000054 from USAspending (award-level obligation).,it-services,Partial,Unknown / multi-site
2025-09-02,"ATLANTIC DIVING SUPPLY, INC. (VA)",28420.53,it-services,Verified,https://api.usaspending.gov/api/v2/search/spending_by_award/,ICE contract award 70CMSD25FR0000122 from USAspending (award-level obligation).,it-services,Partial,Unknown / multi-site
2025-09-02,"STAHLA SERVICES, LLC (NE)",104696.3,detention-operations,Verified,https://api.usaspending.gov/api/v2/search/spending_by_award/,ICE contract award 70CDCR25P00000031 from USAspending (award-level obligation).,detention-operations,Partial,Unknown / multi-site
2025-09-01,"RELIANCE RELOCATION SERVICES, INC (IL)",3640641.86,operations-support,Verified,https://api.usaspending.gov/api/v2/search/spending_by_award/,ICE contract award 70CMSW26FCL000001 from USAspending (award-level obligation).,operations-support,Partial,Unknown / multi-site
2025-09-01,"AFFIGENT, LLC (VA)",98091.18,operations-support,Verified,https://api.usaspending.gov/api/v2/search/spending_by_award/,ICE contract award 70CTD025FR0000077 from USAspending (award-level obligation).,operations-support,Partial,Unknown / multi-site
2025-09-01,"FCN, INC. (DC)",83367.45,it-services,Verified,https://api.usaspending.gov/api/v2/search/spending_by_award/,ICE contract award 70CTD025FR0000075 from USAspending (award-level obligation).,it-services,Partial,Unknown / multi-site
2025-09-01,"ENTERPRISE TECHNOLOGY SOLUTIONS, INC. (DC)",75505.0,operations-support,Verified,https://api.usaspending.gov/api/v2/search/spending_by_award/,ICE contract award 70CTD025FR0000064 from USAspending (award-level obligation).,operations-support,Partial,Unknown / multi-site
2025-09-01,PERATON TECHNOLOGY SERVICES INC. (DC),179490.0,operations-support,Verified,https://api.usaspending.gov/api/v2/search/spending_by_award/,ICE contract award 70CTD025FR0000058 from USAspending (award-level obligation).,operations-support,Partial,Unknown / multi-site
2025-09-01,HARMONBK LLC (FL),2595.6,operations-support,Verified,https://api.usaspending.gov/api/v2/search/spending_by_award/,ICE contract award 70CMSW25P00000045 from USAspending (award-level obligation).,operations-support,Partial,Unknown / multi-site
2025-09-01,"LAZ PARKING LTD, LLC (CT)",8607.48,operations-support,Verified,https://api.usaspending.gov/api/v2/search/spending_by_award/,ICE contract award 70CMSD25PZ0000001 from USAspending (award-level obligation).,operations-support,Partial,Unknown / multi-site
2025-09-01,CHARTER COMMUNICATIONS OPERATING LLC (KY),20007.12,it-services,Verified,https://api.usaspending.gov/api/v2/search/spending_by_award/,ICE contract award 70CMSD25P00000105 from USAspending (award-level obligation).,it-services,Partial,Unknown / multi-site
2025-09-01,PARSONS GOVERNMENT SERVICES INC. (DC),94008.78,it-services,Verified,https://api.usaspending.gov/api/v2/search/spending_by_award/,ICE contract award 70CMSD25P00000100 from USAspending (award-level obligation).,it-services,Partial,Unknown / multi-site
2025-09-01,"MAGNET FORENSICS, LLC (GA)",12410.0,it-services,Verified,https://api.usaspending.gov/api/v2/search/spending_by_award/,ICE contract award 70CMSD25P00000091 from USAspending (award-level obligation).,it-services,Partial,Unknown / multi-site
2025-09-01,"MARRIOTT INTERNATIONAL, INC. (NY)",36630.0,it-services,Verified,https://api.usaspending.gov/api/v2/search/spending_by_award/,ICE contract award 70CMSD25P00000084 from USAspending (award-level obligation).,it-services,Partial,Unknown / multi-site
2025-09-01,LBISAT LLC (VA),17100.0,it-services,Verified,https://api.usaspending.gov/api/v2/search/spending_by_award/,ICE contract award 70CMSD25FR0000107 from USAspending (award-level obligation).,it-services,Partial,Unknown / multi-site
2025-09-01,JTF BUSINESS SYSTEMS CORPORATION (CT),3312.0,operations-support,Verified,https://api.usaspending.gov/api/v2/search/spending_by_award/,ICE contract award 70CMSD25FR0000106 from USAspending (award-level obligation).,operations-support,Partial,Unknown / multi-site
2025-09-01,"ATLANTIC DIVING SUPPLY, INC. (TX)",51301.92,air-transport,Verified,https://api.usaspending.gov/api/v2/search/spending_by_award/,ICE contract award 70CMSD25FC0000027 from USAspending (award-level obligation).,air-transport,Partial,Unknown / multi-site
2025-09-01,DELL FEDERAL SYSTEMS L.P (TX),12770.3,it-services,Verified,https://api.usaspending.gov/api/v2/search/spending_by_award/,ICE contract award 70CMSD25FC0000026 from USAspending (award-level obligation).,it-services,Partial,Unknown / multi-site
2025-09-01,AMERITEL COMMUNICATIONS CORPORATION (MD),31195.0,detention-operations,Verified,https://api.usaspending.gov/api/v2/search/spending_by_award/,ICE contract award 70CMSD25FC0000024 from USAspending (award-level obligation).,detention-operations,Partial,Unknown / multi-site
2025-09-01,"AT&T ENTERPRISES, LLC (VA)",2102798.37,it-services,Verified,https://api.usaspending.gov/api/v2/search/spending_by_award/,ICE contract award 70CMSD25C00000005 from USAspending (award-level obligation).,it-services,Partial,Unknown / multi-site
2025-09-01,"CORECIVIC, INC. (CA)",35652682.25,detention-operations,Verified,https://api.usaspending.gov/api/v2/search/spending_by_award/,ICE contract award 70CDCR25FR0000122 from USAspending (award-level obligation).,air-transport,Verified,ICE Air / Removal Operations
2025-09-01,COAST2COAST SHREDDING LLC (CA),8925.0,operations-support,Verified,https://api.usaspending.gov/api/v2/search/spending_by_award/,ICE contract award 70CDCR25FR0000116 from USAspending (award-level obligation).,operations-support,Partial,Unknown / multi-site
2025-09-01,"THE GEO GROUP, INC. (FL)",38691835.0,detention-operations,Verified,https://api.usaspending.gov/api/v2/search/spending_by_award/,ICE contract award 70CDCR25FR0000100 from USAspending (award-level obligation).,detention-operations,Partial,Unknown / multi-site
2025-09-01,AKIMA INFRASTRUCTURE PROTECTION LLC (NA),14216322.0,detention-operations,Verified,https://api.usaspending.gov/api/v2/search/spending_by_award/,ICE contract award 70CDCR25FR0000099 from USAspending (award-level obligation).,detention-operations,Partial,Unknown / multi-site
2025-09-01,LOW KOUNTRY INK MOBILE NOTARY LLC (CA),167400.99,it-services,Verified,https://api.usaspending.gov/api/v2/search/spending_by_award/,ICE contract award 70CDCR25FR0000098 from USAspending (award-level obligation).,it-services,Partial,Unknown / multi-site
2025-09-01,AKIMA INFRASTRUCTURE PROTECTION LLC (FL),19023899.76,detention-operations,Verified,https://api.usaspending.gov/api/v2/search/spending_by_award/,ICE contract award 70CDCR25FR0000092 from USAspending (award-level obligation).,detention-operations,Partial,Unknown / multi-site
2025-09-01,"NAR MEDICAL DEPOT, LLC (SC)",160277.95,detention-operations,Verified,https://api.usaspending.gov/api/v2/search/spending_by_award/,ICE contract award 70CDCR25FC0000005 from USAspending (award-level obligation).,detention-operations,Partial,Unknown / multi-site
2025-08-30,"EMERGENT, LLC (VA)",99548.98,operations-support,Verified,https://api.usaspending.gov/api/v2/search/spending_by_award/,ICE contract award 70CTD025FR0000076 from USAspending (award-level obligation).,operations-support,Partial,Unknown / multi-site
2025-08-29,"THUNDERCAT TECHNOLOGY, LLC (CA)",183452.72,it-services,Verified,https://api.usaspending.gov/api/v2/search/spending_by_award/,ICE contract award 70CTD025FR0000054 from USAspending (award-level obligation).,it-services,Partial,Unknown / multi-site
2025-08-29,"HUMANGO SOLUTIONS, LLC (CA)",18795.94,detention-operations,Verified,https://api.usaspending.gov/api/v2/search/spending_by_award/,ICE contract award 70CTD025FC0000023 from USAspending (award-level obligation).,detention-operations,Partial,Unknown / multi-site
2025-08-29,"CIH EQUIPMENT CO., INC. (DC)",24410.06,it-services,Verified,https://api.usaspending.gov/api/v2/search/spending_by_award/,ICE contract award 70CMSW25P00000049 from USAspending (award-level obligation).,it-services,Partial,Unknown / multi-site
2025-08-29,"ATLANTIC DIVING SUPPLY, INC. (VA)",99535.0,operations-support,Verified,https://api.usaspending.gov/api/v2/search/spending_by_award/,ICE contract award 70CMSW25FR0000103 from USAspending (award-level obligation).,operations-support,Partial,Unknown / multi-site
2025-08-29,TIDEWATER DISTRIBUTORS LLC (VA),12535.04,it-services,Verified,https://api.usaspending.gov/api/v2/search/spending_by_award/,ICE contract award 70CMSW25FR0000100 from USAspending (award-level obligation).,it-services,Partial,Unknown / multi-site
2025-08-29,PRICE MODERN LLC (GA),658609.57,it-services,Verified,https://api.usaspending.gov/api/v2/search/spending_by_award/,ICE contract award 70CMSW25FC0000113 from USAspending (award-level obligation).,it-services,Partial,Unknown / multi-site
2025-08-29,ETS-LINDGREN INC (IL),110400.0,it-services,Verified,https://api.usaspending.gov/api/v2/search/spending_by_award/,ICE contract award 70CMSW25C00000015 from USAspending (award-level obligation).,it-services,Partial,Unknown / multi-site
2025-08-29,VH BLACKINTON & CO INC (MA),1272600.0,it-services,Verified,https://api.usaspending.gov/api/v2/search/spending_by_award/,ICE contract award 70CMSD25P00000112 from USAspending (award-level obligation).,it-services,Partial,Unknown / multi-site
2025-08-29,"DH TECHNOLOGIES, INC. (VA)",34137.75,it-services,Verified,https://api.usaspending.gov/api/v2/search/spending_by_award/,ICE contract award 70CMSD25FR0000118 from USAspending (award-level obligation).,it-services,Partial,Unknown / multi-site
2025-08-28,QUANTICO TACTICAL INCORPORATED (NC),52490.0,operations-support,Verified,https://api.usaspending.gov/api/v2/search/spending_by_award/,ICE contract award 70CMSW25P00000060 from USAspending (award-level obligation).,operations-support,Partial,Unknown / multi-site
2025-08-28,INCIDENT COMMUNICATION SOLUTIONS LLC (GA),21616.0,operations-support,Verified,https://api.usaspending.gov/api/v2/search/spending_by_award/,ICE contract award 70CMSW25FR0000099 from USAspending (award-level obligation).,operations-support,Partial,Unknown / multi-site
2025-08-28,"ATLANTIC DIVING SUPPLY, INC. (VA)",31281.0,operations-support,Verified,https://api.usaspending.gov/api/v2/search/spending_by_award/,ICE contract award 70CMSW25FR0000092 from USAspending (award-level obligation).,operations-support,Partial,Unknown / multi-site
2025-08-28,PRICE MODERN LLC (TX),354598.79,detention-operations,Verified,https://api.usaspending.gov/api/v2/search/spending_by_award/,ICE contract award 70CMSW25FC0000111 from USAspending (award-level obligation).,detention-operations,Partial,Unknown / multi-site
2025-08-28,DISTRICT SOLUTIONS LC (VA),11762.89,it-services,Verified,https://api.usaspending.gov/api/v2/search/spending_by_award/,ICE contract award 70CMSD25P00000109 from USAspending (award-level obligation).,it-services,Partial,Unknown / multi-site
2025-08-28,PARSONS GOVERNMENT SERVICES INC. (DC),82310.05,air-transport,Verified,https://api.usaspending.gov/api/v2/search/spending_by_award/,ICE contract award 70CMSD25P00000098 from USAspending (award-level obligation).,air-transport,Partial,Unknown / multi-site
2025-08-28,"DH TECHNOLOGIES, INC. (VA)",32708.46,it-services,Verified,https://api.usaspending.gov/api/v2/search/spending_by_award/,ICE contract award 70CMSD25FR0000072 from USAspending (award-level obligation).,it-services,Partial,Unknown / multi-site
2025-08-27,"OPEN PLAN SYSTEMS, LLC (SC)",97928.6,operations-support,Verified,https://api.usaspending.gov/api/v2/search/spending_by_award/,ICE contract award 70CMSW25P00000043 from USAspending (award-level obligation).,operations-support,Partial,Unknown / multi-site
2025-08-27,"HOLITNA CONSTRUCTION, LLC (DC)",5951.4,operations-support,Verified,https://api.usaspending.gov/api/v2/search/spending_by_award/,ICE contract award 70CMSW25FR0000098 from USAspending (award-level obligation).,operations-support,Partial,Unknown / multi-site
2025-08-27,BIALEK CORPORATION OF MARYLAND (HI),99976.6,it-services,Verified,https://api.usaspending.gov/api/v2/search/spending_by_award/,ICE contract award 70CMSW25FC0000107 from USAspending (award-level obligation).,it-services,Partial,Unknown / multi-site
2025-08-26,"LIONHEART ALLIANCE, LLC (VA)",99046.59,it-services,Verified,https://api.usaspending.gov/api/v2/search/spending_by_award/,ICE contract award 70CMSW25P00000061 from USAspending (award-level obligation).,it-services,Partial,Unknown / multi-site
2025-08-26,"LIONHEART ALLIANCE, LLC (VA)",74660.0,operations-support,Verified,https://api.usaspending.gov/api/v2/search/spending_by_award/,ICE contract award 70CMSW25FR0000095 from USAspending (award-level obligation).,operations-support,Partial,Unknown / multi-site
2025-08-26,"ATLANTIC DIVING SUPPLY, INC. (VA)",74188.0,detention-operations,Verified,https://api.usaspending.gov/api/v2/search/spending_by_award/,ICE contract award 70CMSW25FC0000108 from USAspending (award-level obligation).,detention-operations,Partial,Unknown / multi-site
2025-08-26,PRICE MODERN LLC (WI),636125.81,it-services,Verified,https://api.usaspending.gov/api/v2/search/spending_by_award/,ICE contract award 70CMSW25FC0000099 from USAspending (award-level obligation).,it-services,Partial,Unknown / multi-site
2025-08-26,TEXAS BEB INVESTMENTS CORP (TX),5460.0,it-services,Verified,https://api.usaspending.gov/api/v2/search/spending_by_award/,ICE contract award 70CMSD25P00000102 from USAspending (award-level obligation).,it-services,Partial,Unknown / multi-site
2025-08-25,"GOVSMART, INC. (DC)",2147096.47,operations-support,Verified,https://api.usaspending.gov/api/v2/search/spending_by_award/,ICE contract award 70CTD025FR0000052 from USAspending (award-level obligation).,operations-support,Partial,Unknown / multi-site
2025-08-25,"FCN, INC. (DC)",337737.5,it-services,Verified,https://api.usaspending.gov/api/v2/search/spending_by_award/,ICE contract award 70CTD025FC0000013 from USAspending (award-level obligation).,it-services,Partial,Unknown / multi-site
2025-08-25,TOMAHAWK STRATEGIC SOLUTIONS LLC (TN),43500.0,operations-support,Verified,https://api.usaspending.gov/api/v2/search/spending_by_award/,ICE contract award 70CMSW25P00000034 from USAspending (award-level obligation).,operations-support,Partial,Unknown / multi-site
2025-08-25,"AXON ENTERPRISE, INC. (GA)",18403.56,it-services,Verified,https://api.usaspending.gov/api/v2/search/spending_by_award/,ICE contract award 70CMSW25FR0000080 from USAspending (award-level obligation).,it-services,Partial,Unknown / multi-site
2025-08-25,BLUE TECH INC. (CA),16665.0,it-services,Verified,https://api.usaspending.gov/api/v2/search/spending_by_award/,ICE contract award 70CMSD25P00000104 from USAspending (award-level obligation).,it-services,Partial,Unknown / multi-site
2025-08-25,OPSEC SECURITY INC (TX),70400.0,it-services,Verified,https://api.usaspending.gov/api/v2/search/spending_by_award/,ICE contract award 70CMSD25FR0000114 from USAspending (award-level obligation).,it-services,Partial,Unknown / multi-site
2025-08-25,GUIDEHOUSE INC. (VA),1799735.48,it-services,Verified,https://api.usaspending.gov/api/v2/search/spending_by_award/,ICE contract award 70CMSD25FR0000055 from USAspending (award-level obligation).,it-services,Partial,Unknown / multi-site
2025-08-25,JTF BUSINESS SYSTEMS CORPORATION (LA),60086.0,detention-operations,Verified,https://api.usaspending.gov/api/v2/search/spending_by_award/,ICE contract award 70CMSD25FC0000015 from USAspending (award-level obligation).,detention-operations,Partial,Unknown / multi-site
2025-08-24,"ANACAPA MICRO PRODUCTS, INC. (DC)",12764.5,operations-support,Verified,https://api.usaspending.gov/api/v2/search/spending_by_award/,ICE contract award 70CTD025P00000008 from USAspending (award-level obligation).,operations-support,Partial,Unknown / multi-site
2025-08-23,"GOVSMART, INC. (DC)",16234.49,it-services,Verified,https://api.usaspending.gov/api/v2/search/spending_by_award/,ICE contract award 70CMSW25FR0000094 from USAspending (award-level obligation).,it-services,Partial,Unknown / multi-site
2025-08-22,"AXON ENTERPRISE, INC. (GA)",64361.73,operations-support,Verified,https://api.usaspending.gov/api/v2/search/spending_by_award/,ICE contract award 70CMSW25FR0000097 from USAspending (award-level obligation).,operations-support,Partial,Unknown / multi-site
2025-08-22,"ATLANTIC DIVING SUPPLY, INC. (VA)",84321.6,it-services,Verified,https://api.usaspending.gov/api/v2/search/spending_by_award/,ICE contract award 70CMSW25FR0000096 from USAspending (award-level obligation).,it-services,Partial,Unknown / multi-site
2025-08-22,"PRIME MASONRY, LLC (TX)",102500.01,detention-operations,Verified,https://api.usaspending.gov/api/v2/search/spending_by_award/,ICE contract award 70CMSW25C00000017 from USAspending (award-level obligation).,detention-operations,Partial,Unknown / multi-site
2025-08-22,THERMO SCIENTIFIC PORTABLE ANALYTICAL INSTRUMENTS INC. (MA),35309.32,it-services,Verified,https://api.usaspending.gov/api/v2/search/spending_by_award/,ICE contract award 70CMSD25FR0000109 from USAspending (award-level obligation).,it-services,Partial,Unknown / multi-site
2025-08-22,"FCN, INC. (GA)",981475.76,it-services,Verified,https://api.usaspending.gov/api/v2/search/spending_by_award/,ICE contract award 70CMSD25FC0000025 from USAspending (award-level obligation).,it-services,Partial,Unknown / multi-site
2025-08-21,"FCN, INC. (MO)",20649.0,it-services,Verified,https://api.usaspending.gov/api/v2/search/spending_by_award/,ICE contract award 70CTD025FC0000018 from USAspending (award-level obligation).,it-services,Partial,Unknown / multi-site
2025-08-21,OFFICE CONCEPTS ARIZONA LLC (AZ),23712.75,it-services,Verified,https://api.usaspending.gov/api/v2/search/spending_by_award/,ICE contract award 70CMSW25P00000058 from USAspending (award-level obligation).,it-services,Partial,Unknown / multi-site
2025-08-21,PRICE MODERN LLC (LA),301707.65,it-services,Verified,https://api.usaspending.gov/api/v2/search/spending_by_award/,ICE contract award 70CMSW25FC0000057 from USAspending (award-level obligation).,it-services,Partial,Unknown / multi-site
2025-08-21,PRICE MODERN LLC (GA),717125.47,it-services,Verified,https://api.usaspending.gov/api/v2/search/spending_by_award/,ICE contract award 70CMSW25FC0000051 from USAspending (award-level obligation).,it-services,Partial,Unknown / multi-site
2025-08-21,PROQUEST LLC (TX),58362.77,it-services,Verified,https://api.usaspending.gov/api/v2/search/spending_by_award/,ICE contract award 70CMSD25P00000108 from USAspending (award-level obligation).,it-services,Partial,Unknown / multi-site
2025-08-21,"FAST FORENSICS, LLC (FL)",13150.0,it-services,Verified,https://api.usaspending.gov/api/v2/search/spending_by_award/,ICE contract award 70CMSD25P00000106 from USAspending (award-level obligation).,it-services,Partial,Unknown / multi-site
2025-08-21,PROJECTINA AG (DC),14209.0,it-services,Verified,https://api.usaspending.gov/api/v2/search/spending_by_award/,ICE contract award 70CMSD25P00000099 from USAspending (award-level obligation).,it-services,Partial,Unknown / multi-site
2025-08-21,"REDHAWK IT SOLUTIONS, LLC (VA)",228342.0,it-services,Verified,https://api.usaspending.gov/api/v2/search/spending_by_award/,ICE contract award 70CMSD25FR0000071 from USAspending (award-level obligation).,it-services,Partial,Unknown / multi-site
2025-08-21,"GOLD TYPE BUSINESS MACHINES, INC. (NJ)",12600.0,detention-operations,Verified,https://api.usaspending.gov/api/v2/search/spending_by_award/,ICE contract award 70CDCR25P00000028 from USAspending (award-level obligation).,detention-operations,Partial,Unknown / multi-site
2025-08-20,"FCN, INC. (CA)",11418.5,it-services,Verified,https://api.usaspending.gov/api/v2/search/spending_by_award/,ICE contract award 70CTD025FC0000017 from USAspending (award-level obligation).,it-services,Partial,Unknown / multi-site
2025-08-20,"ATLANTIC DIVING SUPPLY, INC. (FL)",26758.8,it-services,Verified,https://api.usaspending.gov/api/v2/search/spending_by_award/,ICE contract award 70CMSW25P00000056 from USAspending (award-level obligation).,it-services,Partial,Unknown / multi-site
2025-08-20,QUANTICO TACTICAL INCORPORATED (NC),50591.36,operations-support,Verified,https://api.usaspending.gov/api/v2/search/spending_by_award/,ICE contract award 70CMSW25FC0000110 from USAspending (award-level obligation).,operations-support,Partial,Unknown / multi-site
2025-08-20,QUANTICO TACTICAL INCORPORATED (NC),22500.0,operations-support,Verified,https://api.usaspending.gov/api/v2/search/spending_by_award/,ICE contract award 70CMSW25FC0000109 from USAspending (award-level obligation).,operations-support,Partial,Unknown / multi-site
2025-08-20,PRICE MODERN LLC (NV),58799.5,it-services,Verified,https://api.usaspending.gov/api/v2/search/spending_by_award/,ICE contract award 70CMSW25FC0000106 from USAspending (award-level obligation).,it-services,Partial,Unknown / multi-site
2025-08-20,EDGESOURCE CORPORATION (DC),515611.2,air-transport,Verified,https://api.usaspending.gov/api/v2/search/spending_by_award/,ICE contract award 70CMSD25P00000095 from USAspending (award-level obligation).,air-transport,Partial,Unknown / multi-site
2025-08-19,"EMERGENT, LLC (VA)",82899.56,operations-support,Verified,https://api.usaspending.gov/api/v2/search/spending_by_award/,ICE contract award 70CTD025FR0000072 from USAspending (award-level obligation).,operations-support,Partial,Unknown / multi-site
2025-08-19,SOFTWARE INFORMATION RESOURCE CORP. (VA),49830.0,operations-support,Verified,https://api.usaspending.gov/api/v2/search/spending_by_award/,ICE contract award 70CTD025FR0000067 from USAspending (award-level obligation).,operations-support,Partial,Unknown / multi-site
2025-08-19,"FEDERAL RESOURCES SUPPLY COMPANY, LLC (NJ)",79000.0,it-services,Verified,https://api.usaspending.gov/api/v2/search/spending_by_award/,ICE contract award 70CMSD25FR0000099 from USAspending (award-level obligation).,it-services,Partial,Unknown / multi-site
2025-08-19,"WORKWEAR OUTFITTERS, LLC (GA)",80496.2,it-services,Verified,https://api.usaspending.gov/api/v2/search/spending_by_award/,ICE contract award 70CMSD25FR0000093 from USAspending (award-level obligation).,it-services,Partial,Unknown / multi-site
2025-08-18,"FCN, INC. (NJ)",14834.3,it-services,Verified,https://api.usaspending.gov/api/v2/search/spending_by_award/,ICE contract award 70CTD025FC0000016 from USAspending (award-level obligation).,it-services,Partial,Unknown / multi-site
2025-08-18,"LIONHEART ALLIANCE, LLC (VA)",27550.0,operations-support,Verified,https://api.usaspending.gov/api/v2/search/spending_by_award/,ICE contract award 70CMSW25FR0000091 from USAspending (award-level obligation).,operations-support,Partial,Unknown / multi-site
2025-08-18,"PER-GEESH TEKSOL JV, LLC (PR)",3590244.0,operations-support,Verified,https://api.usaspending.gov/api/v2/search/spending_by_award/,ICE contract award 70CMSW25C00000012 from USAspending (award-level obligation).,operations-support,Partial,Unknown / multi-site
2025-08-18,"GENESIS ONE THREE, LLC (CO)",11408.0,it-services,Verified,https://api.usaspending.gov/api/v2/search/spending_by_award/,ICE contract award 70CMSD25P00000086 from USAspending (award-level obligation).,it-services,Partial,Unknown / multi-site
2025-08-18,"CORECIVIC, INC. (TX)",11348200.0,detention-operations,Verified,https://api.usaspending.gov/api/v2/search/spending_by_award/,ICE contract award 70CDCR25FR0000095 from USAspending (award-level obligation).,detention-operations,Partial,Unknown / multi-site
2025-08-16,"VALOR NETWORK, INC. (NJ)",2115722.0,medical-services,Verified,https://api.usaspending.gov/api/v2/search/spending_by_award/,ICE contract award 70CDCR25FR0000089 from USAspending (award-level obligation).,medical-services,Partial,Unknown / multi-site
2025-08-15,IRON MOUNTAIN INFORMATION MANAGEMENT LLC (DC),31930.92,detention-operations,Verified,https://api.usaspending.gov/api/v2/search/spending_by_award/,ICE contract award 70CTD025FR0000066 from USAspending (award-level obligation).,detention-operations,Partial,Unknown / multi-site
2025-08-15,HENDRICK MOTORSPORTS LLC (NC),1468500.0,it-services,Verified,https://api.usaspending.gov/api/v2/search/spending_by_award/,ICE contract award 70CMSW25P00000055 from USAspending (award-level obligation).,it-services,Partial,Unknown / multi-site
2025-08-15,"LIONHEART ALLIANCE, LLC (VA)",53300.0,detention-operations,Verified,https://api.usaspending.gov/api/v2/search/spending_by_award/,ICE contract award 70CMSW25P00000044 from USAspending (award-level obligation).,detention-operations,Partial,Unknown / multi-site
2025-08-15,SAFE AMERICA MEDIA LLC (VA),15000000.0,air-transport,Verified,https://api.usaspending.gov/api/v2/search/spending_by_award/,ICE contract award 70CMSW25FR0000082 from USAspending (award-level obligation).,air-transport,Partial,Unknown / multi-site
2025-08-15,"PEOPLE WHO THINK, L.L.C. (LA)",24974000.0,air-transport,Verified,https://api.usaspending.gov/api/v2/search/spending_by_award/,ICE contract award 70CMSW25FR0000081 from USAspending (award-level obligation).,air-transport,Partial,Unknown / multi-site
2025-08-15,"5.11, INC. (CA)",68390.0,it-services,Verified,https://api.usaspending.gov/api/v2/search/spending_by_award/,ICE contract award 70CMSD25P00000092 from USAspending (award-level obligation).,it-services,Partial,Unknown / multi-site
2025-08-15,"FLAIR EVENT STAFFING, INC. (TX)",25764.0,it-services,Verified,https://api.usaspending.gov/api/v2/search/spending_by_award/,ICE contract award 70CMSD25P00000079 from USAspending (award-level obligation).,it-services,Partial,Unknown / multi-site
2025-08-15,"INSPIRE EVENT TECHNOLOGIES, LLC (TX)",14642.9,it-services,Verified,https://api.usaspending.gov/api/v2/search/spending_by_award/,ICE contract award 70CMSD25P00000078 from USAspending (award-level obligation).,it-services,Partial,Unknown / multi-site
2025-08-15,CITY OF ARLINGTON (TX),61700.0,it-services,Verified,https://api.usaspending.gov/api/v2/search/spending_by_award/,ICE contract award 70CMSD25P00000077 from USAspending (award-level obligation).,it-services,Partial,Unknown / multi-site
2025-08-15,"LEADSONLINE, LLC (TX)",11891.0,it-services,Verified,https://api.usaspending.gov/api/v2/search/spending_by_award/,ICE contract award 70CMSD25P00000064 from USAspending (award-level obligation).,it-services,Partial,Unknown / multi-site
2025-08-15,"DATAWATCH SYSTEMS, INC. (VA)",3808.2,it-services,Verified,https://api.usaspending.gov/api/v2/search/spending_by_award/,ICE contract award 70CMSD25FR0000100 from USAspending (award-level obligation).,it-services,Partial,Unknown / multi-site
2025-08-15,"WORKWEAR OUTFITTERS, LLC (TN)",73283.76,it-services,Verified,https://api.usaspending.gov/api/v2/search/spending_by_award/,ICE contract award 70CMSD25FR0000094 from USAspending (award-level obligation).,it-services,Partial,Unknown / multi-site
2025-08-15,"WORKWEAR OUTFITTERS, LLC (TN)",99857.9,it-services,Verified,https://api.usaspending.gov/api/v2/search/spending_by_award/,ICE contract award 70CMSD25FR0000091 from USAspending (award-level obligation).,it-services,Partial,Unknown / multi-site
2025-08-15,"THUNDERCAT TECHNOLOGY, LLC (VA)",583856.0,it-services,Verified,https://api.usaspending.gov/api/v2/search/spending_by_award/,ICE contract award 70CMSD25FR0000060 from USAspending (award-level obligation).,it-services,Partial,Unknown / multi-site
2025-08-15,"DH TECHNOLOGIES, INC. (VA)",66210.4,it-services,Verified,https://api.usaspending.gov/api/v2/search/spending_by_award/,ICE contract award 70CMSD25FR0000046 from USAspending (award-level obligation).,it-services,Partial,Unknown / multi-site
2025-08-14,"ATLANTIC DIVING SUPPLY, INC. (FL)",55929.6,it-services,Verified,https://api.usaspending.gov/api/v2/search/spending_by_award/,ICE contract award 70CMSW25P00000050 from USAspending (award-level obligation).,it-services,Partial,Unknown / multi-site
2025-08-14,LEARNING TREE INTERNATIONAL USA INC (VA),10173.0,operations-support,Verified,https://api.usaspending.gov/api/v2/search/spending_by_award/,ICE contract award 70CMSW25FR0000061 from USAspending (award-level obligation).,operations-support,Partial,Unknown / multi-site
2025-08-14,PRICE MODERN LLC (CO),76172.98,it-services,Verified,https://api.usaspending.gov/api/v2/search/spending_by_award/,ICE contract award 70CMSW25FC0000103 from USAspending (award-level obligation).,it-services,Partial,Unknown / multi-site
2025-08-14,"KCORP RELIANCE COMPANY, INC. (AK)",899000.0,it-services,Verified,https://api.usaspending.gov/api/v2/search/spending_by_award/,ICE contract award 70CMSW25C00000016 from USAspending (award-level obligation).,it-services,Partial,Unknown / multi-site
2025-08-14,BLUE TECH INC. (TX),97748.81,operations-support,Verified,https://api.usaspending.gov/api/v2/search/spending_by_award/,ICE contract award 70CMSD25FR0000090 from USAspending (award-level obligation).,operations-support,Partial,Unknown / multi-site
2025-08-14,"TEAM CARNEY, INC. (VA)",99999.0,it-services,Verified,https://api.usaspending.gov/api/v2/search/spending_by_award/,ICE contract award 70CMSD25FC0000022 from USAspending (award-level obligation).,it-services,Partial,Unknown / multi-site
2025-08-13,"ADVANCED GRAPHIX, LLC (PA)",75000.0,it-services,Verified,https://api.usaspending.gov/api/v2/search/spending_by_award/,ICE contract award 70CMSW25P00000054 from USAspending (award-level obligation).,it-services,Partial,Unknown / multi-site
2025-08-13,ABSOLUTE PERFECTION INC (MD),54527.0,it-services,Verified,https://api.usaspending.gov/api/v2/search/spending_by_award/,ICE contract award 70CMSW25P00000053 from USAspending (award-level obligation).,it-services,Partial,Unknown / multi-site
2025-08-13,PCFIX INC (MD),105350.0,it-services,Verified,https://api.usaspending.gov/api/v2/search/spending_by_award/,ICE contract award 70CMSW25P00000051 from USAspending (award-level obligation).,it-services,Partial,Unknown / multi-site
2025-08-13,BIALEK CORPORATION OF MARYLAND (AZ),88943.75,air-transport,Verified,https://api.usaspending.gov/api/v2/search/spending_by_award/,ICE contract award 70CMSW25FC0000101 from USAspending (award-level obligation).,air-transport,Partial,Unknown / multi-site
2025-08-13,AUTOS VEGA INC (PR),4772.82,detention-operations,Verified,https://api.usaspending.gov/api/v2/search/spending_by_award/,ICE contract award 70CMSD25P00000089 from USAspending (award-level obligation).,detention-operations,Partial,Unknown / multi-site
2025-08-13,"ELEMENTAL SCIENTIFIC LASERS, LLC (MT)",87000.0,operations-support,Verified,https://api.usaspending.gov/api/v2/search/spending_by_award/,ICE contract award 70CMSD25P00000088 from USAspending (award-level obligation).,operations-support,Partial,Unknown / multi-site
2025-08-12,"NEW TECH SOLUTIONS, INC. (CA)",39193.9,operations-support,Verified,https://api.usaspending.gov/api/v2/search/spending_by_award/,ICE contract award 70CMSD25FR0000095 from USAspending (award-level obligation).,operations-support,Partial,Unknown / multi-site
2025-08-12,"FCN, INC. (MD)",19323.2,it-services,Verified,https://api.usaspending.gov/api/v2/search/spending_by_award/,ICE contract award 70CMSD25FC0000023 from USAspending (award-level obligation).,it-services,Partial,Unknown / multi-site
2025-08-12,"FCN, INC. (MD)",15700.38,operations-support,Verified,https://api.usaspending.gov/api/v2/search/spending_by_award/,ICE contract award 70CMSD25FC0000020 from USAspending (award-level obligation).,operations-support,Partial,Unknown / multi-site
2025-08-11,I3 FEDERAL LLC (CO),56875.0,detention-operations,Verified,https://api.usaspending.gov/api/v2/search/spending_by_award/,ICE contract award 70CTD025FR0000059 from USAspending (award-level obligation).,detention-operations,Partial,Unknown / multi-site
2025-08-11,CAPITAL WRAPPERS LLC (MD),53600.0,it-services,Verified,https://api.usaspending.gov/api/v2/search/spending_by_award/,ICE contract award 70CMSW25P00000048 from USAspending (award-level obligation).,it-services,Partial,Unknown / multi-site
2025-08-11,BANISTER FORD OF MARLOW HEIGHTS LLC (MD),121450.0,it-services,Verified,https://api.usaspending.gov/api/v2/search/spending_by_award/,ICE contract award 70CMSW25P00000046 from USAspending (award-level obligation).,it-services,Partial,Unknown / multi-site
2025-08-11,GREAT FALLS PAPER COMPANY (MT),27315.6,it-services,Verified,https://api.usaspending.gov/api/v2/search/spending_by_award/,ICE contract award 70CMSW25FR0000076 from USAspending (award-level obligation).,it-services,Partial,Unknown / multi-site
2025-08-11,GOVERNMENT SCIENTIFIC SOURCE INC (VA),41611.4,it-services,Verified,https://api.usaspending.gov/api/v2/search/spending_by_award/,ICE contract award 70CMSD25P00000081 from USAspending (award-level obligation).,it-services,Partial,Unknown / multi-site
2025-08-11,CARAHSOFT TECHNOLOGY CORP (TX),69900.0,operations-support,Verified,https://api.usaspending.gov/api/v2/search/spending_by_award/,ICE contract award 70CMSD25P00000076 from USAspending (award-level obligation).,operations-support,Partial,Unknown / multi-site
2025-08-08,CAPITAL TRACTOR INC (AL),25496.75,it-services,Verified,https://api.usaspending.gov/api/v2/search/spending_by_award/,ICE contract award 70CMSW25FR0000077 from USAspending (award-level obligation).,it-services,Partial,Unknown / multi-site
2025-08-08,SOLV LLC (DC),1334825.6,it-services,Verified,https://api.usaspending.gov/api/v2/search/spending_by_award/,ICE contract award 70CMSW25FR0000034 from USAspending (award-level obligation).,it-services,Partial,Unknown / multi-site
2025-08-08,"ATLANTIC DIVING SUPPLY, INC. (VA)",1361192.5,it-services,Verified,https://api.usaspending.gov/api/v2/search/spending_by_award/,ICE contract award 70CMSW25FC0000052 from USAspending (award-level obligation).,it-services,Partial,Unknown / multi-site
2025-08-08,"AMERICAN DEFENSE STRUCTURES, LLC (AZ)",81462.5,it-services,Verified,https://api.usaspending.gov/api/v2/search/spending_by_award/,ICE contract award 70CMSD25P00000085 from USAspending (award-level obligation).,it-services,Partial,Unknown / multi-site
2025-08-08,VETERANS BUSINESS SUPPLY INC (LA),28370.8,operations-support,Verified,https://api.usaspending.gov/api/v2/search/spending_by_award/,ICE contract award 70CDCR25FR0000109 from USAspending (award-level obligation).,operations-support,Partial,Unknown / multi-site
2025-08-07,"NEW TECH SOLUTIONS, INC. (VA)",35244.04,it-services,Verified,https://api.usaspending.gov/api/v2/search/spending_by_award/,ICE contract award 70CTD025FR0000056 from USAspending (award-level obligation).,it-services,Partial,Unknown / multi-site
2025-08-07,"ATLANTIC DIVING SUPPLY, INC. (VA)",551037.5,it-services,Verified,https://api.usaspending.gov/api/v2/search/spending_by_award/,ICE contract award 70CMSW25FR0000066 from USAspending (award-level obligation).,it-services,Partial,Unknown / multi-site
2025-08-07,"CPR SAVERS & FIRST AID SUPPLY, LLC (AZ)",41980.0,it-services,Verified,https://api.usaspending.gov/api/v2/search/spending_by_award/,ICE contract award 70CMSD25P00000075 from USAspending (award-level obligation).,it-services,Partial,Unknown / multi-site
2025-08-07,"FRONTLINE MOBILE TECH, LLC (MD)",7241.51,detention-operations,Verified,https://api.usaspending.gov/api/v2/search/spending_by_award/,ICE contract award 70CMSD25P00000073 from USAspending (award-level obligation).,detention-operations,Partial,Unknown / multi-site
2025-08-07,"MAGNET FORENSICS, LLC (GA)",24000.0,it-services,Verified,https://api.usaspending.gov/api/v2/search/spending_by_award/,ICE contract award 70CMSD25P00000065 from USAspending (award-level obligation).,it-services,Partial,Unknown / multi-site
2025-08-06,"HUMANGO SOLUTIONS, LLC (OK)",51202.41,detention-operations,Verified,https://api.usaspending.gov/api/v2/search/spending_by_award/,ICE contract award 70CTD025FC0000012 from USAspending (award-level obligation).,detention-operations,Partial,Unknown / multi-site
2025-08-06,QUANTICO TACTICAL INCORPORATED (NC),99993.99,it-services,Verified,https://api.usaspending.gov/api/v2/search/spending_by_award/,ICE contract award 70CMSW25FR0000075 from USAspending (award-level obligation).,it-services,Partial,Unknown / multi-site
2025-08-06,"ATLANTIC DIVING SUPPLY, INC. (VA)",26184.0,detention-operations,Verified,https://api.usaspending.gov/api/v2/search/spending_by_award/,ICE contract award 70CMSW25FC0000097 from USAspending (award-level obligation).,detention-operations,Partial,Unknown / multi-site
2025-08-06,"THE GEO GROUP, INC. (TX)",31374522.85,detention-operations,Verified,https://api.usaspending.gov/api/v2/search/spending_by_award/,ICE contract award 70CDCR25FR0000091 from USAspending (award-level obligation).,detention-operations,Partial,Unknown / multi-site
2025-08-05,"EMERGENT, LLC (VA)",99548.98,operations-support,Verified,https://api.usaspending.gov/api/v2/search/spending_by_award/,ICE contract award 70CTD025FR0000062 from USAspending (award-level obligation).,operations-support,Partial,Unknown / multi-site
2025-08-05,NORTHSIDE AUTOMOTIVE LLC (WV),100341.0,it-services,Verified,https://api.usaspending.gov/api/v2/search/spending_by_award/,ICE contract award 70CMSW25P00000042 from USAspending (award-level obligation).,it-services,Partial,Unknown / multi-site
2025-08-05,"ATLANTIC DIVING SUPPLY, INC. (VA)",54264.0,operations-support,Verified,https://api.usaspending.gov/api/v2/search/spending_by_award/,ICE contract award 70CMSW25FR0000073 from USAspending (award-level obligation).,operations-support,Partial,Unknown / multi-site
2025-08-05,"DISYS SOLUTIONS, INC. (VA)",30255.19,it-services,Verified,https://api.usaspending.gov/api/v2/search/spending_by_award/,ICE contract award 70CMSD25FR0000070 from USAspending (award-level obligation).,it-services,Partial,Unknown / multi-site
2025-08-04,TRIBALCO LLC (MD),96828.94,it-services,Verified,https://api.usaspending.gov/api/v2/search/spending_by_award/,ICE contract award 70CMSW25FR0000072 from USAspending (award-level obligation).,operations-support,Partial,Unknown / multi-site
2025-08-04,"MAGNET FORENSICS, LLC (VA)",68230.5,it-services,Verified,https://api.usaspending.gov/api/v2/search/spending_by_award/,ICE contract award 70CMSD25P00000051 from USAspending (award-level obligation).,it-services,Partial,Unknown / multi-site
2025-08-04,SOFTWARE INFORMATION RESOURCE CORP. (DC),85254.61,operations-support,Verified,https://api.usaspending.gov/api/v2/search/spending_by_award/,ICE contract award 70CMSD25FR0000074 from USAspending (award-level obligation).,operations-support,Partial,Unknown / multi-site
2025-08-03,"O'REILLY MEDIA, INC. (CA)",74153.1,it-services,Verified,https://api.usaspending.gov/api/v2/search/spending_by_award/,ICE contract award 70CMSD25FR0000047 from USAspending (award-level obligation).,it-services,Partial,Unknown / multi-site
2025-08-01,"NATIONAL LAW ENFORCEMENT TELECOMMUNICATION SYSTEM (NLETS), INC (AZ)",98755.9,it-services,Verified,https://api.usaspending.gov/api/v2/search/spending_by_award/,ICE contract award 70CTD025P00000004 from USAspending (award-level obligation).,it-services,Partial,Unknown / multi-site
2025-08-01,COLOSSAL CONTRACTING LLC (VA),73709.3,it-services,Verified,https://api.usaspending.gov/api/v2/search/spending_by_award/,ICE contract award 70CTD025FR0000034 from USAspending (award-level obligation).,it-services,Partial,Unknown / multi-site
2025-08-01,"HOLITNA CONSTRUCTION, LLC (CA)",87723.43,it-services,Verified,https://api.usaspending.gov/api/v2/search/spending_by_award/,ICE contract award 70CMSW25FR0000060 from USAspending (award-level obligation).,it-services,Partial,Unknown / multi-site
2025-08-01,"RELIANCE RELOCATION SERVICES, INC (IL)",1940997.04,operations-support,Verified,https://api.usaspending.gov/api/v2/search/spending_by_award/,ICE contract award 70CMSW25FCL000004 from USAspending (award-level obligation).,operations-support,Partial,Unknown / multi-site
2025-08-01,SKOPENOW INC. (VA),19500.0,it-services,Verified,https://api.usaspending.gov/api/v2/search/spending_by_award/,ICE contract award 70CMSD25P00000110 from USAspending (award-level obligation).,it-services,Partial,Unknown / multi-site
2025-08-01,COMCAST GOVERNMENT SERVICES LLC (TX),26099.4,it-services,Verified,https://api.usaspending.gov/api/v2/search/spending_by_award/,ICE contract award 70CMSD25P00000071 from USAspending (award-level obligation).,it-services,Partial,Unknown / multi-site
2025-08-01,LEXISNEXIS SPECIAL SERVICES INC (DC),90000.0,it-services,Verified,https://api.usaspending.gov/api/v2/search/spending_by_award/,ICE contract award 70CMSD25FC0000019 from USAspending (award-level obligation).,it-services,Partial,Unknown / multi-site
2025-08-01,"LEIDOS SECURITY DETECTION & AUTOMATION, INC. (MA)",8000.0,detention-operations,Verified,https://api.usaspending.gov/api/v2/search/spending_by_award/,ICE contract award 70CDCR25P00000022 from USAspending (award-level obligation).,operations-support,Partial,Unknown / multi-site
2025-08-01,CITY OF COTTAGE GROVE (MN),74600.0,it-services,Verified,https://api.usaspending.gov/api/v2/search/spending_by_award/,ICE contract award 70CDCR25P00000021 from USAspending (award-level obligation).,it-services,Partial,Unknown / multi-site
2025-08-01,TALTON COMMUNICATIONS INC (AL),10400.0,operations-support,Verified,https://api.usaspending.gov/api/v2/search/spending_by_award/,ICE contract award 70CDCR25FR0000105 from USAspending (award-level obligation).,operations-support,Partial,Unknown / multi-site
2025-08-01,AKIMA INFRASTRUCTURE PROTECTION LLC (NY),4461680.12,detention-operations,Verified,https://api.usaspending.gov/api/v2/search/spending_by_award/,ICE contract award 70CDCR25FR0000094 from USAspending (award-level obligation).,detention-operations,Partial,Unknown / multi-site
2025-08-01,"CORECIVIC, INC. (TN)",13769015.4,detention-operations,Verified,https://api.usaspending.gov/api/v2/search/spending_by_award/,ICE contract award 70CDCR25FR0000090 from USAspending (award-level obligation).,detention-operations,Partial,Unknown / multi-site
2025-07-31,HERTRICH FLEET SERVICES INC (DE),86380.0,it-services,Verified,https://api.usaspending.gov/api/v2/search/spending_by_award/,ICE contract award 70CMSW25P00000041 from USAspending (award-level obligation).,it-services,Partial,Unknown / multi-site
2025-07-31,BANISTER FORD OF MARLOW HEIGHTS LLC (MD),196220.26,it-services,Verified,https://api.usaspending.gov/api/v2/search/spending_by_award/,ICE contract award 70CMSW25P00000040 from USAspending (award-level obligation).,it-services,Partial,Unknown / multi-site
2025-07-31,"SRT SUPPLY, LLC (FL)",13094.82,operations-support,Verified,https://api.usaspending.gov/api/v2/search/spending_by_award/,ICE contract award 70CMSW25FR0000070 from USAspending (award-level obligation).,operations-support,Partial,Unknown / multi-site
2025-07-31,PRICE MODERN LLC (PR),8125.0,it-services,Verified,https://api.usaspending.gov/api/v2/search/spending_by_award/,ICE contract award 70CMSW25FC0000096 from USAspending (award-level obligation).,it-services,Partial,Unknown / multi-site
2025-07-31,KEYENCE CORPORATION OF AMERICA (VA),99326.0,it-services,Verified,https://api.usaspending.gov/api/v2/search/spending_by_award/,ICE contract award 70CMSD25P00000072 from USAspending (award-level obligation).,it-services,Partial,Unknown / multi-site
2025-07-30,PRICE MODERN LLC (DC),3612.0,detention-operations,Verified,https://api.usaspending.gov/api/v2/search/spending_by_award/,ICE contract award 70CMSW25FC0000095 from USAspending (award-level obligation).,detention-operations,Partial,Unknown / multi-site
2025-07-30,REGAN TECHNOLOGIES CORP (CT),43080.0,it-services,Verified,https://api.usaspending.gov/api/v2/search/spending_by_award/,ICE contract award 70CMSD25FR0000064 from USAspending (award-level obligation).,it-services,Partial,Unknown / multi-site
2025-07-29,"FREEDMAN OFFICE FURNITURE, LLC (FL)",84270.75,it-services,Verified,https://api.usaspending.gov/api/v2/search/spending_by_award/,ICE contract award 70CMSW25P00000038 from USAspending (award-level obligation).,it-services,Partial,Unknown / multi-site
2025-07-29,"AJAX OFFICE FURNITURE, INC (FL)",55747.0,it-services,Verified,https://api.usaspending.gov/api/v2/search/spending_by_award/,ICE contract award 70CMSW25P00000037 from USAspending (award-level obligation).,it-services,Partial,Unknown / multi-site
2025-07-29,FEDERAL CONTRACTS LLC (FL),97394.0,it-services,Verified,https://api.usaspending.gov/api/v2/search/spending_by_award/,ICE contract award 70CMSW25FR0000065 from USAspending (award-level obligation).,it-services,Partial,Unknown / multi-site
2025-07-29,PRICE MODERN LLC (NY),3173.8,it-services,Verified,https://api.usaspending.gov/api/v2/search/spending_by_award/,ICE contract award 70CMSW25FC0000093 from USAspending (award-level obligation).,it-services,Partial,Unknown / multi-site
2025-07-29,"TLI CONSTRUCTION, INC. (GA)",3067675.42,it-services,Verified,https://api.usaspending.gov/api/v2/search/spending_by_award/,ICE contract award 70CMSW25C00000011 from USAspending (award-level obligation).,it-services,Partial,Unknown / multi-site
2025-07-28,DOCUMENT IMAGING DIMENSIONS INC. (IL),10486.68,it-services,Verified,https://api.usaspending.gov/api/v2/search/spending_by_award/,ICE contract award 70CMSW25FR0000067 from USAspending (award-level obligation).,it-services,Partial,Unknown / multi-site
2025-07-28,"ATLANTIC DIVING SUPPLY, INC. (VA)",30535.37,it-services,Verified,https://api.usaspending.gov/api/v2/search/spending_by_award/,ICE contract award 70CMSW25FR0000062 from USAspending (award-level obligation).,it-services,Partial,Unknown / multi-site
2025-07-28,"ATLANTIC DIVING SUPPLY, INC. (VA)",76806.4,detention-operations,Verified,https://api.usaspending.gov/api/v2/search/spending_by_award/,ICE contract award 70CMSW25FC0000094 from USAspending (award-level obligation).,detention-operations,Partial,Unknown / multi-site
2025-07-28,"ATLANTIC DIVING SUPPLY, INC. (VA)",42767.2,detention-operations,Verified,https://api.usaspending.gov/api/v2/search/spending_by_award/,ICE contract award 70CMSW25FC0000089 from USAspending (award-level obligation).,detention-operations,Partial,Unknown / multi-site
2025-07-28,"ATLANTIC DIVING SUPPLY, INC. (VA)",15319.0,detention-operations,Verified,https://api.usaspending.gov/api/v2/search/spending_by_award/,ICE contract award 70CMSW25FC0000088 from USAspending (award-level obligation).,detention-operations,Partial,Unknown / multi-site
2025-07-28,"ATLANTIC DIVING SUPPLY, INC. (VA)",56774.96,it-services,Verified,https://api.usaspending.gov/api/v2/search/spending_by_award/,ICE contract award 70CMSW25FC0000084 from USAspending (award-level obligation).,it-services,Partial,Unknown / multi-site
2025-07-28,PRICE MODERN LLC (AL),92968.72,it-services,Verified,https://api.usaspending.gov/api/v2/search/spending_by_award/,ICE contract award 70CMSW25FC0000081 from USAspending (award-level obligation).,it-services,Partial,Unknown / multi-site
2025-07-27,DELL FEDERAL SYSTEMS L.P (DC),29964.96,it-services,Verified,https://api.usaspending.gov/api/v2/search/spending_by_award/,ICE contract award 70CTD025FC0000011 from USAspending (award-level obligation).,it-services,Partial,Unknown / multi-site
2025-07-27,DELL FEDERAL SYSTEMS L.P (DC),333854.64,operations-support,Verified,https://api.usaspending.gov/api/v2/search/spending_by_award/,ICE contract award 70CTD025FC0000007 from USAspending (award-level obligation).,operations-support,Partial,Unknown / multi-site
2025-07-25,FEDERAL CONTRACTS LLC (AZ),13871.0,it-services,Verified,https://api.usaspending.gov/api/v2/search/spending_by_award/,ICE contract award 70CMSW25FR0000063 from USAspending (award-level obligation).,it-services,Partial,Unknown / multi-site
2025-07-25,"ATLANTIC DIVING SUPPLY, INC. (VA)",872.8,detention-operations,Verified,https://api.usaspending.gov/api/v2/search/spending_by_award/,ICE contract award 70CMSW25FC0000091 from USAspending (award-level obligation).,detention-operations,Partial,Unknown / multi-site
2025-07-25,MCKESSON MEDICAL-SURGICAL GOVERNMENT SOLUTIONS LLC (VA),20708.85,medical-services,Verified,https://api.usaspending.gov/api/v2/search/spending_by_award/,ICE contract award 70CMSW25FC0000090 from USAspending (award-level obligation).,medical-services,Partial,Unknown / multi-site
2025-07-25,"ATLANTIC DIVING SUPPLY, INC. (FL)",88773.0,it-services,Verified,https://api.usaspending.gov/api/v2/search/spending_by_award/,ICE contract award 70CMSW25FC0000087 from USAspending (award-level obligation).,it-services,Partial,Unknown / multi-site
2025-07-25,FOSTER & FREEMAN USA INC (VA),99408.44,it-services,Verified,https://api.usaspending.gov/api/v2/search/spending_by_award/,ICE contract award 70CMSD25P00000066 from USAspending (award-level obligation).,it-services,Partial,Unknown / multi-site
2025-07-25,JOHNSON CONTROLS SECURITY SOLUTIONS LLC (VA),47595.88,air-transport,Verified,https://api.usaspending.gov/api/v2/search/spending_by_award/,ICE contract award 70CMSD25FR0000062 from USAspending (award-level obligation).,air-transport,Partial,Unknown / multi-site
2025-07-24,"MAGNET FORENSICS, LLC (GA)",154750.4,it-services,Verified,https://api.usaspending.gov/api/v2/search/spending_by_award/,ICE contract award 70CMSD25P00000047 from USAspending (award-level obligation).,it-services,Partial,Unknown / multi-site
2025-07-24,AMERITEL COMMUNICATIONS CORPORATION (TX),6234.96,detention-operations,Verified,https://api.usaspending.gov/api/v2/search/spending_by_award/,ICE contract award 70CMSD25FC0000017 from USAspending (award-level obligation).,detention-operations,Partial,Unknown / multi-site
2025-07-23,"THE GEO GROUP, INC. (GA)",188600.0,detention-operations,Verified,https://api.usaspending.gov/api/v2/search/spending_by_award/,ICE contract award 70CDCR25FC0000007 from USAspending (award-level obligation).,detention-operations,Partial,Unknown / multi-site
2025-07-22,"EMERGENT, LLC (VA)",99548.98,it-services,Verified,https://api.usaspending.gov/api/v2/search/spending_by_award/,ICE contract award 70CTD025FR0000049 from USAspending (award-level obligation).,it-services,Partial,Unknown / multi-site
2025-07-22,"LIONHEART ALLIANCE, LLC (VA)",79332.0,operations-support,Verified,https://api.usaspending.gov/api/v2/search/spending_by_award/,ICE contract award 70CMSW25FR0000064 from USAspending (award-level obligation).,operations-support,Partial,Unknown / multi-site
2025-07-22,"ATLANTIC DIVING SUPPLY, INC. (VA)",960.08,detention-operations,Verified,https://api.usaspending.gov/api/v2/search/spending_by_award/,ICE contract award 70CMSW25FC0000083 from USAspending (award-level obligation).,detention-operations,Partial,Unknown / multi-site
2025-07-22,"ATLANTIC DIVING SUPPLY, INC. (VA)",29950.27,operations-support,Verified,https://api.usaspending.gov/api/v2/search/spending_by_award/,ICE contract award 70CMSW25FC0000080 from USAspending (award-level obligation).,operations-support,Partial,Unknown / multi-site
2025-07-22,"FCN, INC. (MD)",26511.87,operations-support,Verified,https://api.usaspending.gov/api/v2/search/spending_by_award/,ICE contract award 70CMSD25FC0000018 from USAspending (award-level obligation).,operations-support,Partial,Unknown / multi-site
2025-07-21,"ATLANTIC DIVING SUPPLY, INC. (VA)",45068.5,detention-operations,Verified,https://api.usaspending.gov/api/v2/search/spending_by_award/,ICE contract award 70CMSW25FC0000078 from USAspending (award-level obligation).,detention-operations,Partial,Unknown / multi-site
2025-07-21,"COUNTERTRADE PRODUCTS, INC. (CO)",63225.2,it-services,Verified,https://api.usaspending.gov/api/v2/search/spending_by_award/,ICE contract award 70CMSD25FR0000061 from USAspending (award-level obligation).,it-services,Partial,Unknown / multi-site
2025-07-21,"THE GEO GROUP, INC. (MI)",69900421.0,detention-operations,Verified,https://api.usaspending.gov/api/v2/search/spending_by_award/,ICE contract award 70CDCR25FR0000096 from USAspending (award-level obligation).,detention-operations,Verified,Detention Operations
2025-07-20,"CHILD RESCUE COALITION, INC. (VA)",95000.0,it-services,Verified,https://api.usaspending.gov/api/v2/search/spending_by_award/,ICE contract award 70CMSD25P00000042 from USAspending (award-level obligation).,it-services,Partial,Unknown / multi-site
2025-07-18,SUVI GLOBAL SERVICES LLC (DC),75269.84,operations-support,Verified,https://api.usaspending.gov/api/v2/search/spending_by_award/,ICE contract award 70CTD025P00000007 from USAspending (award-level obligation).,operations-support,Partial,Unknown / multi-site
2025-07-18,"THUNDERCAT TECHNOLOGY, LLC (AZ)",41428.76,it-services,Verified,https://api.usaspending.gov/api/v2/search/spending_by_award/,ICE contract award 70CTD025FR0000045 from USAspending (award-level obligation).,it-services,Partial,Unknown / multi-site
2025-07-18,"NEW TECH SOLUTIONS, INC. (VA)",83147.0,it-services,Verified,https://api.usaspending.gov/api/v2/search/spending_by_award/,ICE contract award 70CTD025FR0000041 from USAspending (award-level obligation).,it-services,Partial,Unknown / multi-site
2025-07-18,"ATLANTIC DIVING SUPPLY, INC. (VA)",24150.65,detention-operations,Verified,https://api.usaspending.gov/api/v2/search/spending_by_award/,ICE contract award 70CMSW25FC0000079 from USAspending (award-level obligation).,detention-operations,Partial,Unknown / multi-site
2025-07-18,PRICE MODERN LLC (TX),16239.49,it-services,Verified,https://api.usaspending.gov/api/v2/search/spending_by_award/,ICE contract award 70CMSW25FC0000077 from USAspending (award-level obligation).,it-services,Partial,Unknown / multi-site
2025-07-18,"LANGUAGE BANK, INC. (TX)",2788.5,operations-support,Verified,https://api.usaspending.gov/api/v2/search/spending_by_award/,ICE contract award 70CMSD25FC0000016 from USAspending (award-level obligation).,operations-support,Partial,Unknown / multi-site
2025-07-15,"EMERGENT, LLC (VA)",49636.43,operations-support,Verified,https://api.usaspending.gov/api/v2/search/spending_by_award/,ICE contract award 70CTD025FR0000048 from USAspending (award-level obligation).,operations-support,Partial,Unknown / multi-site
2025-07-15,"INTEGRATED BIOMETRICS, LLC (SC)",26226.48,it-services,Verified,https://api.usaspending.gov/api/v2/search/spending_by_award/,ICE contract award 70CMSD25P00000062 from USAspending (award-level obligation).,it-services,Partial,Unknown / multi-site
2025-07-14,QUANTICO TACTICAL INCORPORATED (NC),43427.6,detention-operations,Verified,https://api.usaspending.gov/api/v2/search/spending_by_award/,ICE contract award 70CMSW25FC0000076 from USAspending (award-level obligation).,detention-operations,Partial,Unknown / multi-site
2025-07-14,QUANTICO TACTICAL INCORPORATED (NC),14042.2,detention-operations,Verified,https://api.usaspending.gov/api/v2/search/spending_by_award/,ICE contract award 70CMSW25FC0000075 from USAspending (award-level obligation).,detention-operations,Partial,Unknown / multi-site
2025-07-14,QUANTICO TACTICAL INCORPORATED (NC),14052.45,detention-operations,Verified,https://api.usaspending.gov/api/v2/search/spending_by_award/,ICE contract award 70CMSW25FC0000074 from USAspending (award-level obligation).,detention-operations,Partial,Unknown / multi-site
2025-07-14,QUANTICO TACTICAL INCORPORATED (NC),34292.0,detention-operations,Verified,https://api.usaspending.gov/api/v2/search/spending_by_award/,ICE contract award 70CMSW25FC0000070 from USAspending (award-level obligation).,detention-operations,Partial,Unknown / multi-site
2025-07-14,QUANTICO TACTICAL INCORPORATED (NC),34701.4,detention-operations,Verified,https://api.usaspending.gov/api/v2/search/spending_by_award/,ICE contract award 70CMSW25FC0000069 from USAspending (award-level obligation).,detention-operations,Partial,Unknown / multi-site
2025-07-14,"AMBITEC, INC. (FL)",17657.68,it-services,Verified,https://api.usaspending.gov/api/v2/search/spending_by_award/,ICE contract award 70CMSD25P00000061 from USAspending (award-level obligation).,it-services,Partial,Unknown / multi-site
2025-07-14,LIGHTSENSE TECHNOLOGY INC (AZ),32000.0,it-services,Verified,https://api.usaspending.gov/api/v2/search/spending_by_award/,ICE contract award 70CMSD25P00000060 from USAspending (award-level obligation).,it-services,Partial,Unknown / multi-site
2025-07-14,JOHANN ESPINO (CA),10000.0,it-services,Verified,https://api.usaspending.gov/api/v2/search/spending_by_award/,ICE contract award 70CMSD25P00000058 from USAspending (award-level obligation).,it-services,Partial,Unknown / multi-site
2025-07-14,PATH CONSULTING LLC (VA),35000.0,it-services,Verified,https://api.usaspending.gov/api/v2/search/spending_by_award/,ICE contract award 70CMSD25P00000057 from USAspending (award-level obligation).,it-services,Partial,Unknown / multi-site
2025-07-14,PACER SERVICE CENTER (TX),8000.0,it-services,Verified,https://api.usaspending.gov/api/v2/search/spending_by_award/,ICE contract award 70CDCR25P00000018 from USAspending (award-level obligation).,it-services,Partial,Unknown / multi-site
2025-07-12,"NEW TECH SOLUTIONS, INC. (DC)",24128.79,it-services,Verified,https://api.usaspending.gov/api/v2/search/spending_by_award/,ICE contract award 70CTD025FR0000039 from USAspending (award-level obligation).,it-services,Partial,Unknown / multi-site
2025-07-11,"FCN, INC. (OK)",10738.6,it-services,Verified,https://api.usaspending.gov/api/v2/search/spending_by_award/,ICE contract award 70CTD025FC0000009 from USAspending (award-level obligation).,it-services,Partial,Unknown / multi-site
2025-07-11,"FCN, INC. (DC)",54038.0,it-services,Verified,https://api.usaspending.gov/api/v2/search/spending_by_award/,ICE contract award 70CTD025FC0000008 from USAspending (award-level obligation).,it-services,Partial,Unknown / multi-site
2025-07-11,"ATLANTIC DIVING SUPPLY, INC. (FL)",35872.08,detention-operations,Verified,https://api.usaspending.gov/api/v2/search/spending_by_award/,ICE contract award 70CMSW25FC0000073 from USAspending (award-level obligation).,detention-operations,Partial,Unknown / multi-site
2025-07-11,"ATLANTIC DIVING SUPPLY, INC. (FL)",78088.4,detention-operations,Verified,https://api.usaspending.gov/api/v2/search/spending_by_award/,ICE contract award 70CMSW25FC0000071 from USAspending (award-level obligation).,detention-operations,Partial,Unknown / multi-site
2025-07-11,"ATLANTIC DIVING SUPPLY, INC. (CA)",83842.8,detention-operations,Verified,https://api.usaspending.gov/api/v2/search/spending_by_award/,ICE contract award 70CMSW25FC0000068 from USAspending (award-level obligation).,detention-operations,Partial,Unknown / multi-site
2025-07-11,QUANTICO TACTICAL INCORPORATED (NC),16732.0,detention-operations,Verified,https://api.usaspending.gov/api/v2/search/spending_by_award/,ICE contract award 70CMSW25FC0000067 from USAspending (award-level obligation).,detention-operations,Partial,Unknown / multi-site
2025-07-11,"ATLANTIC DIVING SUPPLY, INC. (VA)",8728.0,detention-operations,Verified,https://api.usaspending.gov/api/v2/search/spending_by_award/,ICE contract award 70CMSW25FC0000066 from USAspending (award-level obligation).,detention-operations,Partial,Unknown / multi-site
2025-07-11,"ATLANTIC DIVING SUPPLY, INC. (TX)",57487.5,detention-operations,Verified,https://api.usaspending.gov/api/v2/search/spending_by_award/,ICE contract award 70CMSW25FC0000064 from USAspending (award-level obligation).,detention-operations,Partial,Unknown / multi-site
2025-07-11,"ATLANTIC DIVING SUPPLY, INC. (MI)",26620.4,detention-operations,Verified,https://api.usaspending.gov/api/v2/search/spending_by_award/,ICE contract award 70CMSW25FC0000063 from USAspending (award-level obligation).,detention-operations,Partial,Unknown / multi-site
2025-07-11,FOSTER & FREEMAN USA INC (VA),91625.11,it-services,Verified,https://api.usaspending.gov/api/v2/search/spending_by_award/,ICE contract award 70CMSD25P00000059 from USAspending (award-level obligation).,it-services,Partial,Unknown / multi-site
2025-07-09,"LIONHEART ALLIANCE, LLC (GA)",89508.95,it-services,Verified,https://api.usaspending.gov/api/v2/search/spending_by_award/,ICE contract award 70CMSW25P00000032 from USAspending (award-level obligation).,it-services,Partial,Unknown / multi-site
2025-07-09,"HOLITNA CONSTRUCTION, LLC (CA)",22741.52,it-services,Verified,https://api.usaspending.gov/api/v2/search/spending_by_award/,ICE contract award 70CMSW25FR0000058 from USAspending (award-level obligation).,it-services,Partial,Unknown / multi-site
2025-07-09,QUANTICO TACTICAL INCORPORATED (NC),16732.0,detention-operations,Verified,https://api.usaspending.gov/api/v2/search/spending_by_award/,ICE contract award 70CMSW25FC0000065 from USAspending (award-level obligation).,detention-operations,Partial,Unknown / multi-site
2025-07-09,SQUARE ONE ARMORING SERVICES CO (FL),53445.0,it-services,Verified,https://api.usaspending.gov/api/v2/search/spending_by_award/,ICE contract award 70CMSD25P00000056 from USAspending (award-level obligation).,it-services,Partial,Unknown / multi-site
2025-07-08,PRICE MODERN LLC (MD),22077.23,it-services,Verified,https://api.usaspending.gov/api/v2/search/spending_by_award/,ICE contract award 70CMSW25FC0000049 from USAspending (award-level obligation).,it-services,Partial,Unknown / multi-site
2025-07-07,"NEW TECH SOLUTIONS, INC. (DC)",722150.0,it-services,Verified,https://api.usaspending.gov/api/v2/search/spending_by_award/,ICE contract award 70CTD025FR0000036 from USAspending (award-level obligation).,it-services,Partial,Unknown / multi-site
2025-07-07,"GOTENNA, INC. (NJ)",36000.0,operations-support,Verified,https://api.usaspending.gov/api/v2/search/spending_by_award/,ICE contract award 70CMSW25P00000033 from USAspending (award-level obligation).,operations-support,Partial,Unknown / multi-site
2025-07-07,PRICE MODERN LLC (CA),42034.27,it-services,Verified,https://api.usaspending.gov/api/v2/search/spending_by_award/,ICE contract award 70CMSW25FC0000056 from USAspending (award-level obligation).,it-services,Partial,Unknown / multi-site
2025-07-04,WIDEPOINT INTEGRATED SOLUTIONS CORP (GA),19111.95,operations-support,Verified,https://api.usaspending.gov/api/v2/search/spending_by_award/,ICE contract award 70CMSW25FR0000056 from USAspending (award-level obligation).,operations-support,Partial,Unknown / multi-site
2025-07-04,"SOUTHERN POLICE EQUIPMENT COMPANY, INC. (GA)",22866.48,operations-support,Verified,https://api.usaspending.gov/api/v2/search/spending_by_award/,ICE contract award 70CMSW25FR0000055 from USAspending (award-level obligation).,operations-support,Partial,Unknown / multi-site
2025-07-03,PRICE MODERN LLC (CA),3627.2,it-services,Verified,https://api.usaspending.gov/api/v2/search/spending_by_award/,ICE contract award 70CMSW25FC0000053 from USAspending (award-level obligation).,it-services,Partial,Unknown / multi-site
2025-07-03,SIGNALSCAPE INC (NC),14994.0,operations-support,Verified,https://api.usaspending.gov/api/v2/search/spending_by_award/,ICE contract award 70CMSD25P00000043 from USAspending (award-level obligation).,operations-support,Partial,Unknown / multi-site
2025-07-02,QUANTICO TACTICAL INCORPORATED (NC),38502.46,detention-operations,Verified,https://api.usaspending.gov/api/v2/search/spending_by_award/,ICE contract award 70CMSW25FC0000061 from USAspending (award-level obligation).,detention-operations,Partial,Unknown / multi-site
2025-07-01,RESCUE INTERNATIONAL (VA),88020.0,it-services,Verified,https://api.usaspending.gov/api/v2/search/spending_by_award/,ICE contract award 70CTD025P00000006 from USAspending (award-level obligation).,it-services,Partial,Unknown / multi-site
2025-07-01,"UNITED TACTICAL SYSTEMS, LLC (IL)",47500.0,operations-support,Verified,https://api.usaspending.gov/api/v2/search/spending_by_award/,ICE contract award 70CMSW25FR0000057 from USAspending (award-level obligation).,operations-support,Partial,Unknown / multi-site
2025-07-01,"RELIANCE RELOCATION SERVICES, INC (IL)",3008844.61,operations-support,Verified,https://api.usaspending.gov/api/v2/search/spending_by_award/,ICE contract award 70CMSW25FCL000003 from USAspending (award-level obligation).,operations-support,Partial,Unknown / multi-site
2025-07-01,AVMEDICAL LLC (GA),9225.0,it-services,Verified,https://api.usaspending.gov/api/v2/search/spending_by_award/,ICE contract award 70CMSW25FC0000054 from USAspending (award-level obligation).,it-services,Partial,Unknown / multi-site
2025-07-01,"TROPHIES BY EDCO, INC. (FL)",23045.36,it-services,Verified,https://api.usaspending.gov/api/v2/search/spending_by_award/,ICE contract award 70CMSD25P00000050 from USAspending (award-level obligation).,it-services,Partial,Unknown / multi-site
2025-07-01,SAN DIEGO ASSOCIATION OF GOVERNMENTS (CA),100136.0,it-services,Verified,https://api.usaspending.gov/api/v2/search/spending_by_award/,ICE contract award 70CMSD25P00000044 from USAspending (award-level obligation).,it-services,Partial,Unknown / multi-site
2025-07-01,"GOVPLACE, LLC (MD)",93122.26,air-transport,Verified,https://api.usaspending.gov/api/v2/search/spending_by_award/,ICE contract award 70CMSD25FR0000051 from USAspending (award-level obligation).,air-transport,Partial,Unknown / multi-site
2025-07-01,CARAHSOFT TECHNOLOGY CORP (WA),27023.3,it-services,Verified,https://api.usaspending.gov/api/v2/search/spending_by_award/,ICE contract award 70CMSD25FR0000044 from USAspending (award-level obligation).,it-services,Partial,Unknown / multi-site
2025-07-01,"EMERGENCY SERVICES AND PUBLIC PROTECTION, DEPARTMENT OF (CT)",2400.0,detention-operations,Verified,https://api.usaspending.gov/api/v2/search/spending_by_award/,ICE contract award 70CDCR25P00000015 from USAspending (award-level obligation).,detention-operations,Partial,Unknown / multi-site
2025-07-01,"AKIMA GLOBAL SERVICES, LLC (PR)",2561390.38,detention-operations,Verified,https://api.usaspending.gov/api/v2/search/spending_by_award/,ICE contract award 70CDCR25FR0000044 from USAspending (award-level obligation).,detention-operations,Partial,Unknown / multi-site
2025-07-01,"CORECIVIC, INC. (TN)",16775600.0,detention-operations,Verified,https://api.usaspending.gov/api/v2/search/spending_by_award/,ICE contract award 70CDCR25FR0000041 from USAspending (award-level obligation).,detention-operations,Partial,Unknown / multi-site
2025-07-01,"WORKWEAR OUTFITTERS, LLC (TN)",1200000.0,detention-operations,Verified,https://api.usaspending.gov/api/v2/search/spending_by_award/,ICE contract award 70CDCR25FR0000021 from USAspending (award-level obligation).,detention-operations,Partial,Unknown / multi-site
2025-06-30,"NEW TECH SOLUTIONS, INC. (DC)",16491.96,it-services,Verified,https://api.usaspending.gov/api/v2/search/spending_by_award/,ICE contract award 70CTD025FR0000033 from USAspending (award-level obligation).,it-services,Partial,Unknown / multi-site
2025-06-27,"LIONHEART ALLIANCE, LLC (VA)",37575.36,it-services,Verified,https://api.usaspending.gov/api/v2/search/spending_by_award/,ICE contract award 70CMSW25P00000030 from USAspending (award-level obligation).,it-services,Partial,Unknown / multi-site
2025-06-27,GLOBAL ASSETS INTEGRATED LLC (NV),26215.12,operations-support,Verified,https://api.usaspending.gov/api/v2/search/spending_by_award/,ICE contract award 70CMSW25P00000029 from USAspending (award-level obligation).,operations-support,Partial,Unknown / multi-site
2025-06-27,STOP STICK LTD (OH),11999.32,it-services,Verified,https://api.usaspending.gov/api/v2/search/spending_by_award/,ICE contract award 70CMSW25FR0000054 from USAspending (award-level obligation).,it-services,Partial,Unknown / multi-site
2025-06-27,SMITHS DETECTION INC. (WA),47963.3,it-services,Verified,https://api.usaspending.gov/api/v2/search/spending_by_award/,ICE contract award 70CMSD25FR0000048 from USAspending (award-level obligation).,it-services,Partial,Unknown / multi-site
2025-06-26,BAHFED CORP (PA),19071.93,it-services,Verified,https://api.usaspending.gov/api/v2/search/spending_by_award/,ICE contract award 70CTD025FR0000035 from USAspending (award-level obligation).,it-services,Partial,Unknown / multi-site
2025-06-26,PRICE MODERN LLC (MD),11788.4,detention-operations,Verified,https://api.usaspending.gov/api/v2/search/spending_by_award/,ICE contract award 70CMSW25FC0000058 from USAspending (award-level obligation).,detention-operations,Partial,Unknown / multi-site
2025-06-26,"COUNTERTRADE PRODUCTS, INC. (VA)",128523.77,it-services,Verified,https://api.usaspending.gov/api/v2/search/spending_by_award/,ICE contract award 70CMSD25FR0000029 from USAspending (award-level obligation).,it-services,Partial,Unknown / multi-site
2025-06-25,"HUMANGO SOLUTIONS, LLC (WI)",18795.94,detention-operations,Verified,https://api.usaspending.gov/api/v2/search/spending_by_award/,ICE contract award 70CTD025FC0000006 from USAspending (award-level obligation).,detention-operations,Partial,Unknown / multi-site
2025-06-24,"FCN, INC. (DC)",1625645.25,it-services,Verified,https://api.usaspending.gov/api/v2/search/spending_by_award/,ICE contract award 70CTD025FR0000042 from USAspending (award-level obligation).,it-services,Partial,Unknown / multi-site
2025-06-23,ALEXANDER ELECTRIC CO. (GA),35960.0,it-services,Verified,https://api.usaspending.gov/api/v2/search/spending_by_award/,ICE contract award 70CMSW25P00000028 from USAspending (award-level obligation).,it-services,Partial,Unknown / multi-site
2025-06-18,"FOUR POINTS TECHNOLOGY, L.L.C. (DC)",37490.36,it-services,Verified,https://api.usaspending.gov/api/v2/search/spending_by_award/,ICE contract award 70CTD025FR0000037 from USAspending (award-level obligation).,it-services,Partial,Unknown / multi-site
2025-06-16,"ICF INCORPORATED, L.L.C. (DC)",4046244.1,it-services,Verified,https://api.usaspending.gov/api/v2/search/spending_by_award/,ICE contract award 70CTD025FR0000031 from USAspending (award-level obligation).,it-services,Partial,Unknown / multi-site
2025-06-16,ADC LTD NM (DC),23274325.71,it-services,Verified,https://api.usaspending.gov/api/v2/search/spending_by_award/,ICE contract award 70CMSD25FC0000008 from USAspending (award-level obligation).,it-services,Partial,Unknown / multi-site
2025-06-16,"CAPITAL REPORTING COMPANY, LLC (NJ)",17176.0,medical-services,Verified,https://api.usaspending.gov/api/v2/search/spending_by_award/,ICE contract award 70CDCR25P00000017 from USAspending (award-level obligation).,medical-services,Partial,Unknown / multi-site
2025-06-15,"REDHAWK IT SOLUTIONS, LLC (DC)",1419083.52,air-transport,Verified,https://api.usaspending.gov/api/v2/search/spending_by_award/,ICE contract award 70CTD025FR0000030 from USAspending (award-level obligation).,air-transport,Partial,Unknown / multi-site
2025-06-15,BAHFED CORP (OR),131286.8,air-transport,Verified,https://api.usaspending.gov/api/v2/search/spending_by_award/,ICE contract award 70CMSD25FR0000043 from USAspending (award-level obligation).,air-transport,Partial,Unknown / multi-site
2025-06-13,"SPRY METHODS, INC. (VA)",193482.17,operations-support,Verified,https://api.usaspending.gov/api/v2/search/spending_by_award/,ICE contract award 70CTD025FR0000032 from USAspending (award-level obligation).,operations-support,Partial,Unknown / multi-site
2025-06-13,"ATLANTIC DIVING SUPPLY, INC. (VA)",9135.0,operations-support,Verified,https://api.usaspending.gov/api/v2/search/spending_by_award/,ICE contract award 70CMSW25P00000026 from USAspending (award-level obligation).,operations-support,Partial,Unknown / multi-site
2025-06-13,"APL ACCESS & SECURITY, INC. (AZ)",45114.9,detention-operations,Verified,https://api.usaspending.gov/api/v2/search/spending_by_award/,ICE contract award 70CMSW25P00000024 from USAspending (award-level obligation).,detention-operations,Partial,Unknown / multi-site
2025-06-13,"GEORGE J. PETRONIS ENTERPRISES, INC. (GA)",405630.0,operations-support,Verified,https://api.usaspending.gov/api/v2/search/spending_by_award/,ICE contract award 70CMSW25FR0000050 from USAspending (award-level obligation).,operations-support,Partial,Unknown / multi-site
2025-06-13,SECURE ON-SITE SHREDDING INC (TX),4914.0,it-services,Verified,https://api.usaspending.gov/api/v2/search/spending_by_award/,ICE contract award 70CMSD25P00000041 from USAspending (award-level obligation).,it-services,Partial,Unknown / multi-site
2025-06-13,"FCN, INC. (VA)",119177.3,it-services,Verified,https://api.usaspending.gov/api/v2/search/spending_by_award/,ICE contract award 70CMSD25FC0000013 from USAspending (award-level obligation).,it-services,Partial,Unknown / multi-site
2025-06-13,"GENERAL DYNAMICS INFORMATION TECHNOLOGY, INC. (DC)",10005242.54,it-services,Verified,https://api.usaspending.gov/api/v2/search/spending_by_award/,ICE contract award 70CMSD25FC0000011 from USAspending (award-level obligation).,it-services,Partial,Unknown / multi-site
2025-06-13,PERATON RISK DECISION INC. (DC),14493900.41,it-services,Verified,https://api.usaspending.gov/api/v2/search/spending_by_award/,ICE contract award 70CMSD25FC0000010 from USAspending (award-level obligation).,it-services,Partial,Unknown / multi-site
2025-06-13,OMNIPLEX WORLD SERVICES CORPORATION (DC),7276950.2,it-services,Verified,https://api.usaspending.gov/api/v2/search/spending_by_award/,ICE contract award 70CMSD25FC0000009 from USAspending (award-level obligation).,it-services,Partial,Unknown / multi-site
2025-06-13,"CACI, INC. - FEDERAL (DC)",21953752.61,it-services,Verified,https://api.usaspending.gov/api/v2/search/spending_by_award/,ICE contract award 70CMSD25FC0000007 from USAspending (award-level obligation).,it-services,Partial,Unknown / multi-site
2025-06-12,"FCN, INC. (NY)",1400000.0,it-services,Verified,https://api.usaspending.gov/api/v2/search/spending_by_award/,ICE contract award 70CTD026FC0000004 from USAspending (award-level obligation).,it-services,Partial,Unknown / multi-site
2025-06-12,"FCN, INC. (CA)",50095.8,it-services,Verified,https://api.usaspending.gov/api/v2/search/spending_by_award/,ICE contract award 70CTD025FC0000014 from USAspending (award-level obligation).,it-services,Partial,Unknown / multi-site
2025-06-12,"HUMANGO SOLUTIONS, LLC (TX)",93979.7,detention-operations,Verified,https://api.usaspending.gov/api/v2/search/spending_by_award/,ICE contract award 70CTD025FC0000005 from USAspending (award-level obligation).,detention-operations,Partial,Unknown / multi-site
2025-06-12,INVISIO COMMUNICATIONS INC (IL),33769.76,it-services,Verified,https://api.usaspending.gov/api/v2/search/spending_by_award/,ICE contract award 70CMSD25FR0000045 from USAspending (award-level obligation).,it-services,Partial,Unknown / multi-site
2025-06-12,"FCN, INC. (MD)",67547.5,it-services,Verified,https://api.usaspending.gov/api/v2/search/spending_by_award/,ICE contract award 70CMSD25FC0000029 from USAspending (award-level obligation).,it-services,Partial,Unknown / multi-site
2025-06-11,"SAFE RESTRAINTS, INC (CA)",33530.0,detention-operations,Verified,https://api.usaspending.gov/api/v2/search/spending_by_award/,ICE contract award 70CMSW25P00000019 from USAspending (award-level obligation).,detention-operations,Partial,Unknown / multi-site
2025-06-10,OLIN WINCHESTER LLC (IL),2110.0,it-services,Verified,https://api.usaspending.gov/api/v2/search/spending_by_award/,ICE contract award 70CMSW25FR0000051 from USAspending (award-level obligation).,it-services,Partial,Unknown / multi-site
2025-06-10,W & S SUPPLY CO INC (GA),43290.0,operations-support,Verified,https://api.usaspending.gov/api/v2/search/spending_by_award/,ICE contract award 70CMSW25FR0000049 from USAspending (award-level obligation).,operations-support,Partial,Unknown / multi-site
2025-06-10,PRICE MODERN LLC (MD),110527.23,it-services,Verified,https://api.usaspending.gov/api/v2/search/spending_by_award/,ICE contract award 70CMSW25FC0000046 from USAspending (award-level obligation).,it-services,Partial,Unknown / multi-site
2025-06-09,"GOVSMART, INC. (VA)",52214.27,it-services,Verified,https://api.usaspending.gov/api/v2/search/spending_by_award/,ICE contract award 70CMSD25FR0000042 from USAspending (award-level obligation).,it-services,Partial,Unknown / multi-site
2025-06-09,"OMNI BUSINESS SYSTEMS, INC (TX)",12840.0,it-services,Verified,https://api.usaspending.gov/api/v2/search/spending_by_award/,ICE contract award 70CMSD25FC0000012 from USAspending (award-level obligation).,it-services,Partial,Unknown / multi-site
2025-06-06,REALLY RIGHT STUFF LLC (UT),20275.04,it-services,Verified,https://api.usaspending.gov/api/v2/search/spending_by_award/,ICE contract award 70CMSW25P00000023 from USAspending (award-level obligation).,it-services,Partial,Unknown / multi-site
2025-06-06,KAPSTONE INSIGHTS LLC (GA),23816.79,it-services,Verified,https://api.usaspending.gov/api/v2/search/spending_by_award/,ICE contract award 70CMSW25P00000022 from USAspending (award-level obligation).,it-services,Partial,Unknown / multi-site
2025-06-06,"ATLANTIC DIVING SUPPLY, INC. (VA)",100785.36,operations-support,Verified,https://api.usaspending.gov/api/v2/search/spending_by_award/,ICE contract award 70CMSW25FR0000047 from USAspending (award-level obligation).,operations-support,Partial,Unknown / multi-site
2025-06-06,"INTEGRATED BIOMETRICS, LLC (SC)",17184.39,detention-operations,Verified,https://api.usaspending.gov/api/v2/search/spending_by_award/,ICE contract award 70CMSD25P00000039 from USAspending (award-level obligation).,detention-operations,Partial,Unknown / multi-site
2025-06-05,"LIONHEART ALLIANCE, LLC (VA)",33900.0,it-services,Verified,https://api.usaspending.gov/api/v2/search/spending_by_award/,ICE contract award 70CMSW25P00000021 from USAspending (award-level obligation).,it-services,Partial,Unknown / multi-site
2025-06-05,THE KINETIC GROUP SALES LLC (MN),2505.0,it-services,Verified,https://api.usaspending.gov/api/v2/search/spending_by_award/,ICE contract award 70CMSW25FR0000048 from USAspending (award-level obligation).,it-services,Partial,Unknown / multi-site
2025-06-04,UTAH COMMUNICATIONS AUTHORITY (UT),34944.0,it-services,Verified,https://api.usaspending.gov/api/v2/search/spending_by_award/,ICE contract award 70CDCR25P00000016 from USAspending (award-level obligation).,it-services,Partial,Unknown / multi-site
2025-06-03,"ATLANTIC DIVING SUPPLY, INC. (VA)",457337.46,it-services,Verified,https://api.usaspending.gov/api/v2/search/spending_by_award/,ICE contract award 70CMSW25FC0000047 from USAspending (award-level obligation).,it-services,Partial,Unknown / multi-site
2025-06-02,"LEGAL INTERPRETING SERVICES, INC. (TX)",26400.0,it-services,Verified,https://api.usaspending.gov/api/v2/search/spending_by_award/,ICE contract award 70CMSD25FR0000039 from USAspending (award-level obligation).,it-services,Partial,Unknown / multi-site
2025-06-01,BLUE TECH INC. (DC),13558.2,it-services,Verified,https://api.usaspending.gov/api/v2/search/spending_by_award/,ICE contract award 70CTD025FR0000029 from USAspending (award-level obligation).,it-services,Partial,Unknown / multi-site
2025-06-01,"FCN, INC. (DC)",591428.29,operations-support,Verified,https://api.usaspending.gov/api/v2/search/spending_by_award/,ICE contract award 70CTD025FR0000028 from USAspending (award-level obligation).,operations-support,Partial,Unknown / multi-site
2025-06-01,"ATLANTIC DIVING SUPPLY, INC. (VA)",991867.5,it-services,Verified,https://api.usaspending.gov/api/v2/search/spending_by_award/,ICE contract award 70CMSW25FR0000044 from USAspending (award-level obligation).,it-services,Partial,Unknown / multi-site
2025-06-01,"RELIANCE RELOCATION SERVICES, INC (IL)",1540180.39,operations-support,Verified,https://api.usaspending.gov/api/v2/search/spending_by_award/,ICE contract award 70CMSW25FCL000002 from USAspending (award-level obligation).,operations-support,Partial,Unknown / multi-site
2025-06-01,INSTAFF SOLUTIONS LLC (DC),1988598.29,detention-operations,Verified,https://api.usaspending.gov/api/v2/search/spending_by_award/,ICE contract award 70CMSW25C00000009 from USAspending (award-level obligation).,detention-operations,Partial,Unknown / multi-site
2025-06-01,COMCAST CABLE COMMUNICATIONS MANAGEMENT LLC (WA),24600.0,it-services,Verified,https://api.usaspending.gov/api/v2/search/spending_by_award/,ICE contract award 70CMSD25P00000037 from USAspending (award-level obligation).,it-services,Partial,Unknown / multi-site
2025-06-01,"STANDARD-BLAZAR, LLC (VA)",23012.0,it-services,Verified,https://api.usaspending.gov/api/v2/search/spending_by_award/,ICE contract award 70CMSD25FR0000038 from USAspending (award-level obligation).,it-services,Partial,Unknown / multi-site
2025-06-01,SOFTWARE INFORMATION RESOURCE CORP. (VA),25242.0,operations-support,Verified,https://api.usaspending.gov/api/v2/search/spending_by_award/,ICE contract award 70CMSD25FR0000037 from USAspending (award-level obligation).,operations-support,Partial,Unknown / multi-site
2025-06-01,GUIDEHOUSE INC. (VA),212690.88,it-services,Verified,https://api.usaspending.gov/api/v2/search/spending_by_award/,ICE contract award 70CMSD25FR0000036 from USAspending (award-level obligation).,it-services,Partial,Unknown / multi-site
2025-06-01,PARAGON PROFESSIONAL SERVICES LLC (NJ),3385924.0,detention-operations,Verified,https://api.usaspending.gov/api/v2/search/spending_by_award/,ICE contract award 70CDCR25FR0000043 from USAspending (award-level obligation).,detention-operations,Partial,Unknown / multi-site
2025-06-01,CALIFORNIA HIGHWAY PATROLMANS CLUB (CA),8400.0,detention-operations,Verified,https://api.usaspending.gov/api/v2/search/spending_by_award/,ICE contract award 70CDCR25C00000003 from USAspending (award-level obligation).,detention-operations,Partial,Unknown / multi-site
2025-05-30,EAS SYSTEMS INC (PR),175900.0,it-services,Verified,https://api.usaspending.gov/api/v2/search/spending_by_award/,ICE contract award 70CMSW25P00000020 from USAspending (award-level obligation).,it-services,Partial,Unknown / multi-site
2025-05-30,QUANTICO TACTICAL INCORPORATED (NC),202726.55,operations-support,Verified,https://api.usaspending.gov/api/v2/search/spending_by_award/,ICE contract award 70CMSW25FR0000046 from USAspending (award-level obligation).,operations-support,Partial,Unknown / multi-site
2025-05-30,"AXON ENTERPRISE, INC. (GA)",387800.78,operations-support,Verified,https://api.usaspending.gov/api/v2/search/spending_by_award/,ICE contract award 70CMSW25FR0000043 from USAspending (award-level obligation).,operations-support,Partial,Unknown / multi-site
2025-05-28,ALPINE ARMORING INC. (VA),146500.0,it-services,Verified,https://api.usaspending.gov/api/v2/search/spending_by_award/,ICE contract award 70CMSD25P00000038 from USAspending (award-level obligation).,it-services,Partial,Unknown / multi-site
2025-05-28,PARAGON PROFESSIONAL SERVICES LLC (AK),7320015.94,detention-operations,Verified,https://api.usaspending.gov/api/v2/search/spending_by_award/,ICE contract award 70CDCR25FR0000087 from USAspending (award-level obligation).,detention-operations,Partial,Unknown / multi-site
2025-05-27,GOVERNMENT ACQUISITIONS INC (DC),447453.0,it-services,Verified,https://api.usaspending.gov/api/v2/search/spending_by_award/,ICE contract award 70CTD025FR0000027 from USAspending (award-level obligation).,it-services,Partial,Unknown / multi-site
2025-05-27,"INTERNATIONAL SATELLITE SERVICES, INC. (VA)",92976.0,it-services,Verified,https://api.usaspending.gov/api/v2/search/spending_by_award/,ICE contract award 70CMSD25P00000036 from USAspending (award-level obligation).,it-services,Partial,Unknown / multi-site
2025-05-27,THERMO SCIENTIFIC PORTABLE ANALYTICAL INSTRUMENTS INC. (MA),38495.22,it-services,Verified,https://api.usaspending.gov/api/v2/search/spending_by_award/,ICE contract award 70CMSD25FR0000035 from USAspending (award-level obligation).,it-services,Partial,Unknown / multi-site
2025-05-23,REGENCY CONSULTING INC (IL),15805.21,detention-operations,Verified,https://api.usaspending.gov/api/v2/search/spending_by_award/,ICE contract award 70CTD025FR0000023 from USAspending (award-level obligation).,detention-operations,Partial,Unknown / multi-site
2025-05-23,"LIONHEART ALLIANCE, LLC (VA)",48916.8,operations-support,Verified,https://api.usaspending.gov/api/v2/search/spending_by_award/,ICE contract award 70CMSW25P00000018 from USAspending (award-level obligation).,operations-support,Partial,Unknown / multi-site
2025-05-23,PRICE MODERN LLC (LA),8700.0,it-services,Verified,https://api.usaspending.gov/api/v2/search/spending_by_award/,ICE contract award 70CMSW25FC0000045 from USAspending (award-level obligation).,it-services,Partial,Unknown / multi-site
2025-05-22,SNA INTERNATIONAL LLC (DC),6242902.54,detention-operations,Verified,https://api.usaspending.gov/api/v2/search/spending_by_award/,ICE contract award 70CMSD25FR0000034 from USAspending (award-level obligation).,detention-operations,Partial,Unknown / multi-site
2025-05-22,THE AMERICAN CORRECTIONAL ASSOCIATION (TX),20550.0,detention-operations,Verified,https://api.usaspending.gov/api/v2/search/spending_by_award/,ICE contract award 70CDCR25P00000014 from USAspending (award-level obligation).,detention-operations,Partial,Unknown / multi-site
2025-05-20,PRICE MODERN LLC (TX),32553.0,operations-support,Verified,https://api.usaspending.gov/api/v2/search/spending_by_award/,ICE contract award 70CMSW25P00000010 from USAspending (award-level obligation).,operations-support,Partial,Unknown / multi-site
2025-05-19,INTERNATIONAL CARTRIDGE CORP (PA),148500.0,it-services,Verified,https://api.usaspending.gov/api/v2/search/spending_by_award/,ICE contract award 70CMSW25FR0000042 from USAspending (award-level obligation).,it-services,Partial,Unknown / multi-site
2025-05-17,"AKIMA GLOBAL SERVICES, LLC (VA)",250.0,detention-operations,Verified,https://api.usaspending.gov/api/v2/search/spending_by_award/,ICE contract award 70CDCR25FR0000086 from USAspending (award-level obligation).,detention-operations,Partial,Unknown / multi-site
2025-05-17,VECTRUS SYSTEMS LLC (CO),250.0,detention-operations,Verified,https://api.usaspending.gov/api/v2/search/spending_by_award/,ICE contract award 70CDCR25FR0000085 from USAspending (award-level obligation).,detention-operations,Partial,Unknown / multi-site
2025-05-17,VISION QUEST SOLUTIONS INC (SD),250.0,detention-operations,Verified,https://api.usaspending.gov/api/v2/search/spending_by_award/,ICE contract award 70CDCR25FR0000084 from USAspending (award-level obligation).,detention-operations,Partial,Unknown / multi-site
2025-05-17,XATOR LLC (FL),250.0,detention-operations,Verified,https://api.usaspending.gov/api/v2/search/spending_by_award/,ICE contract award 70CDCR25FR0000083 from USAspending (award-level obligation).,detention-operations,Partial,Unknown / multi-site
2025-05-17,ISS ACTION INC (NY),250.0,detention-operations,Verified,https://api.usaspending.gov/api/v2/search/spending_by_award/,ICE contract award 70CDCR25FR0000082 from USAspending (award-level obligation).,detention-operations,Partial,Unknown / multi-site
2025-05-17,"INTERNATIONAL SOS GOVERNMENT MEDICAL SERVICES, INC. (TX)",250.0,medical-services,Verified,https://api.usaspending.gov/api/v2/search/spending_by_award/,ICE contract award 70CDCR25FR0000081 from USAspending (award-level obligation).,medical-services,Partial,Unknown / multi-site
2025-05-17,INGENESIS INC (TX),250.0,medical-services,Verified,https://api.usaspending.gov/api/v2/search/spending_by_award/,ICE contract award 70CDCR25FR0000080 from USAspending (award-level obligation).,medical-services,Partial,Unknown / multi-site
2025-05-17,"INDUSTRIAL TENT SYSTEMS, LLC (TX)",250.0,detention-operations,Verified,https://api.usaspending.gov/api/v2/search/spending_by_award/,ICE contract award 70CDCR25FR0000079 from USAspending (award-level obligation).,detention-operations,Partial,Unknown / multi-site
2025-05-17,ASPEN MEDICAL USA INC (TX),250.0,medical-services,Verified,https://api.usaspending.gov/api/v2/search/spending_by_award/,ICE contract award 70CDCR25FR0000078 from USAspending (award-level obligation).,medical-services,Partial,Unknown / multi-site
2025-05-17,GUARDIAN 6 SOLUTIONS LLC (TX),250.0,detention-operations,Verified,https://api.usaspending.gov/api/v2/search/spending_by_award/,ICE contract award 70CDCR25FR0000077 from USAspending (award-level obligation).,detention-operations,Partial,Unknown / multi-site
2025-05-17,"ROCKWELL AMERICAN SERVICES, LTD. (OR)",250.0,detention-operations,Verified,https://api.usaspending.gov/api/v2/search/spending_by_award/,ICE contract award 70CDCR25FR0000076 from USAspending (award-level obligation).,detention-operations,Partial,Unknown / multi-site
2025-05-17,"THE GEO GROUP, INC. (FL)",250.0,detention-operations,Verified,https://api.usaspending.gov/api/v2/search/spending_by_award/,ICE contract award 70CDCR25FR0000075 from USAspending (award-level obligation).,detention-operations,Partial,Unknown / multi-site
2025-05-17,RESPONSIVE DEPLOYMENT LLC (TX),250.0,detention-operations,Verified,https://api.usaspending.gov/api/v2/search/spending_by_award/,ICE contract award 70CDCR25FR0000074 from USAspending (award-level obligation).,detention-operations,Partial,Unknown / multi-site
2025-05-17,GARDAWORLD FEDERAL SERVICES LLC (VA),250.0,detention-operations,Verified,https://api.usaspending.gov/api/v2/search/spending_by_award/,ICE contract award 70CDCR25FR0000073 from USAspending (award-level obligation).,detention-operations,Partial,Unknown / multi-site
2025-05-17,"RESPONSE AI SOLUTIONS, LLC (VA)",250.0,detention-operations,Verified,https://api.usaspending.gov/api/v2/search/spending_by_award/,ICE contract award 70CDCR25FR0000072 from USAspending (award-level obligation).,detention-operations,Partial,Unknown / multi-site
2025-05-17,"RECANA SOLUTIONS, L.L.C. (TX)",250.0,detention-operations,Verified,https://api.usaspending.gov/api/v2/search/spending_by_award/,ICE contract award 70CDCR25FR0000071 from USAspending (award-level obligation).,detention-operations,Partial,Unknown / multi-site
2025-05-17,GOTHAMS LLC (TX),250.0,detention-operations,Verified,https://api.usaspending.gov/api/v2/search/spending_by_award/,ICE contract award 70CDCR25FR0000070 from USAspending (award-level obligation).,detention-operations,Partial,Unknown / multi-site
2025-05-17,RAPID DEPLOYMENT INC (AL),250.0,detention-operations,Verified,https://api.usaspending.gov/api/v2/search/spending_by_award/,ICE contract award 70CDCR25FR0000069 from USAspending (award-level obligation).,detention-operations,Partial,Unknown / multi-site
2025-05-17,MANAGEMENT & TRAINING CORPORATION (UT),250.0,detention-operations,Verified,https://api.usaspending.gov/api/v2/search/spending_by_award/,ICE contract award 70CDCR25FR0000068 from USAspending (award-level obligation).,detention-operations,Partial,Unknown / multi-site
2025-05-17,"ASSET PROTECTION & SECURITY SERVICES, L.P. (TX)",250.0,detention-operations,Verified,https://api.usaspending.gov/api/v2/search/spending_by_award/,ICE contract award 70CDCR25FR0000067 from USAspending (award-level obligation).,detention-operations,Partial,Unknown / multi-site
2025-05-17,"TARGET LOGISTICS MANAGEMENT, LLC (MA)",250.0,detention-operations,Verified,https://api.usaspending.gov/api/v2/search/spending_by_award/,ICE contract award 70CDCR25FR0000066 from USAspending (award-level obligation).,detention-operations,Partial,Unknown / multi-site
2025-05-17,SOS INTERNATIONAL LLC (VA),250.0,detention-operations,Verified,https://api.usaspending.gov/api/v2/search/spending_by_award/,ICE contract award 70CDCR25FR0000065 from USAspending (award-level obligation).,detention-operations,Partial,Unknown / multi-site
2025-05-17,DEPLOYED RESOURCES LLC (NY),250.0,detention-operations,Verified,https://api.usaspending.gov/api/v2/search/spending_by_award/,ICE contract award 70CDCR25FR0000064 from USAspending (award-level obligation).,detention-operations,Partial,Unknown / multi-site
2025-05-17,"LUKE & ASSOCIATES, INC. (FL)",250.0,medical-services,Verified,https://api.usaspending.gov/api/v2/search/spending_by_award/,ICE contract award 70CDCR25FR0000063 from USAspending (award-level obligation).,medical-services,Partial,Unknown / multi-site
2025-05-17,"AMENTUM SERVICES, INC. (VA)",250.0,detention-operations,Verified,https://api.usaspending.gov/api/v2/search/spending_by_award/,ICE contract award 70CDCR25FR0000062 from USAspending (award-level obligation).,detention-operations,Partial,Unknown / multi-site
2025-05-17,"ACUITY INTERNATIONAL, LLC (VA)",250.0,detention-operations,Verified,https://api.usaspending.gov/api/v2/search/spending_by_award/,ICE contract award 70CDCR25FR0000061 from USAspending (award-level obligation).,detention-operations,Partial,Unknown / multi-site
2025-05-17,"ACTIVE DEPLOYMENT SYSTEMS, LLC (TX)",250.0,detention-operations,Verified,https://api.usaspending.gov/api/v2/search/spending_by_award/,ICE contract award 70CDCR25FR0000060 from USAspending (award-level obligation).,detention-operations,Partial,Unknown / multi-site
2025-05-17,UNIVERSAL STRATEGIC ADVISORS LLC (CA),250.0,detention-operations,Verified,https://api.usaspending.gov/api/v2/search/spending_by_award/,ICE contract award 70CDCR25FR0000059 from USAspending (award-level obligation).,detention-operations,Partial,Unknown / multi-site
2025-05-17,"DISASTER MANAGEMENT GROUP, LLC (FL)",250.0,detention-operations,Verified,https://api.usaspending.gov/api/v2/search/spending_by_award/,ICE contract award 70CDCR25FR0000058 from USAspending (award-level obligation).,detention-operations,Partial,Unknown / multi-site
2025-05-17,"CORECIVIC, INC. (TN)",250.0,detention-operations,Verified,https://api.usaspending.gov/api/v2/search/spending_by_award/,ICE contract award 70CDCR25FR0000057 from USAspending (award-level obligation).,detention-operations,Partial,Unknown / multi-site
2025-05-17,"CENTERRA GROUP, LLC (FL)",250.0,detention-operations,Verified,https://api.usaspending.gov/api/v2/search/spending_by_award/,ICE contract award 70CDCR25FR0000056 from USAspending (award-level obligation).,detention-operations,Partial,Unknown / multi-site
2025-05-17,LEMOINE DISASTER RECOVERY LLC (LA),250.0,detention-operations,Verified,https://api.usaspending.gov/api/v2/search/spending_by_award/,ICE contract award 70CDCR25FR0000055 from USAspending (award-level obligation).,detention-operations,Partial,Unknown / multi-site
2025-05-17,CADUCEUS HEALTHCARE INC (GA),250.0,detention-operations,Verified,https://api.usaspending.gov/api/v2/search/spending_by_award/,ICE contract award 70CDCR25FR0000054 from USAspending (award-level obligation).,detention-operations,Partial,Unknown / multi-site
2025-05-17,"KIG TECHNICAL SERVICES, LLC (DC)",250.0,detention-operations,Verified,https://api.usaspending.gov/api/v2/search/spending_by_award/,ICE contract award 70CDCR25FR0000053 from USAspending (award-level obligation).,detention-operations,Partial,Unknown / multi-site
2025-05-17,"BERING STRAITS PROFESSIONAL SERVICES, LLC (AK)",250.0,detention-operations,Verified,https://api.usaspending.gov/api/v2/search/spending_by_award/,ICE contract award 70CDCR25FR0000052 from USAspending (award-level obligation).,detention-operations,Partial,Unknown / multi-site
2025-05-17,"AMI EXPEDITIONARY HEALTHCARE, LLC (VA)",250.0,medical-services,Verified,https://api.usaspending.gov/api/v2/search/spending_by_award/,ICE contract award 70CDCR25FR0000051 from USAspending (award-level obligation).,medical-services,Partial,Unknown / multi-site
2025-05-17,KASTEL ENTERPRISES MK LLC (AL),250.0,detention-operations,Verified,https://api.usaspending.gov/api/v2/search/spending_by_award/,ICE contract award 70CDCR25FR0000050 from USAspending (award-level obligation).,detention-operations,Partial,Unknown / multi-site
2025-05-17,LASALLE CORRECTIONS V LLC (LA),250.0,detention-operations,Verified,https://api.usaspending.gov/api/v2/search/spending_by_award/,ICE contract award 70CDCR25FR0000049 from USAspending (award-level obligation).,detention-operations,Partial,Unknown / multi-site
2025-05-17,LOYAL SOURCE GOVERNMENT SERVICES LLC (FL),250.0,medical-services,Verified,https://api.usaspending.gov/api/v2/search/spending_by_award/,ICE contract award 70CDCR25FR0000048 from USAspending (award-level obligation).,medical-services,Partial,Unknown / multi-site
2025-05-17,"SLSCO, LTD. (TX)",250.0,medical-services,Verified,https://api.usaspending.gov/api/v2/search/spending_by_award/,ICE contract award 70CDCR25FR0000047 from USAspending (award-level obligation).,medical-services,Partial,Unknown / multi-site
2025-05-17,"LONGVIEW INTERNATIONAL TECHNOLOGY SOLUTIONS, INC. (VA)",250.0,detention-operations,Verified,https://api.usaspending.gov/api/v2/search/spending_by_award/,ICE contract award 70CDCR25FR0000045 from USAspending (award-level obligation).,detention-operations,Partial,Unknown / multi-site
2025-05-15,"ATLANTIC DIVING SUPPLY, INC. (VA)",3415546.04,operations-support,Verified,https://api.usaspending.gov/api/v2/search/spending_by_award/,ICE contract award 70CMSW25FR0000039 from USAspending (award-level obligation).,operations-support,Partial,Unknown / multi-site
2025-05-15,AZ-TECH FIRE AND SECURITY LLC (TX),5294.0,it-services,Verified,https://api.usaspending.gov/api/v2/search/spending_by_award/,ICE contract award 70CMSD25P00000035 from USAspending (award-level obligation).,it-services,Partial,Unknown / multi-site
2025-05-14,QUANTICO TACTICAL INCORPORATED (NC),183994.0,operations-support,Verified,https://api.usaspending.gov/api/v2/search/spending_by_award/,ICE contract award 70CMSW25FC0000044 from USAspending (award-level obligation).,operations-support,Partial,Unknown / multi-site
2025-05-13,"ATLANTIC DIVING SUPPLY, INC. (FL)",285586.5,it-services,Verified,https://api.usaspending.gov/api/v2/search/spending_by_award/,ICE contract award 70CMSW25FC0000042 from USAspending (award-level obligation).,it-services,Partial,Unknown / multi-site
2025-05-13,PRICE MODERN LLC (MD),6347.6,it-services,Verified,https://api.usaspending.gov/api/v2/search/spending_by_award/,ICE contract award 70CMSW25FC0000031 from USAspending (award-level obligation).,it-services,Partial,Unknown / multi-site
2025-05-13,"PKH ENTERPRISES, LLC (MD)",1113544.82,it-services,Verified,https://api.usaspending.gov/api/v2/search/spending_by_award/,ICE contract award 70CMSW25C00000008 from USAspending (award-level obligation).,it-services,Partial,Unknown / multi-site
2025-05-13,"FCN, INC. (MD)",18000.0,it-services,Verified,https://api.usaspending.gov/api/v2/search/spending_by_award/,ICE contract award 70CMSD25FR0000033 from USAspending (award-level obligation).,it-services,Partial,Unknown / multi-site
2025-05-12,"BEAM DISTRIBUTING, INC. (VA)",101613.86,operations-support,Verified,https://api.usaspending.gov/api/v2/search/spending_by_award/,ICE contract award 70CMSW25FR0000040 from USAspending (award-level obligation).,operations-support,Partial,Unknown / multi-site
2025-05-12,"ATLANTIC DIVING SUPPLY, INC. (FL)",10036.0,detention-operations,Verified,https://api.usaspending.gov/api/v2/search/spending_by_award/,ICE contract award 70CMSW25FC0000043 from USAspending (award-level obligation).,detention-operations,Partial,Unknown / multi-site
2025-05-12,AIRBORNE OUTFITTERS LLC (GA),102480.7,operations-support,Verified,https://api.usaspending.gov/api/v2/search/spending_by_award/,ICE contract award 70CMSW25FC0000040 from USAspending (award-level obligation).,operations-support,Partial,Unknown / multi-site
2025-05-12,DELL FEDERAL SYSTEMS L.P (TX),9054.18,it-services,Verified,https://api.usaspending.gov/api/v2/search/spending_by_award/,ICE contract award 70CMSD25FC0000006 from USAspending (award-level obligation).,it-services,Partial,Unknown / multi-site
2025-05-11,SHI INTERNATIONAL CORP (DC),25208.53,detention-operations,Verified,https://api.usaspending.gov/api/v2/search/spending_by_award/,ICE contract award 70CTD025FR0000024 from USAspending (award-level obligation).,detention-operations,Partial,Unknown / multi-site
2025-05-09,"FCN, INC. (VA)",44395.0,operations-support,Verified,https://api.usaspending.gov/api/v2/search/spending_by_award/,ICE contract award 70CTD025FR0000025 from USAspending (award-level obligation).,operations-support,Partial,Unknown / multi-site
2025-05-09,"FEDERAL RESOURCES SUPPLY COMPANY, LLC (MA)",417164.76,it-services,Verified,https://api.usaspending.gov/api/v2/search/spending_by_award/,ICE contract award 70CMSD25FR0000032 from USAspending (award-level obligation).,it-services,Partial,Unknown / multi-site
2025-05-08,"ATLANTIC DIVING SUPPLY, INC. (GA)",54940.06,operations-support,Verified,https://api.usaspending.gov/api/v2/search/spending_by_award/,ICE contract award 70CMSW25FC0000038 from USAspending (award-level obligation).,operations-support,Partial,Unknown / multi-site
2025-05-07,SIG SAUER INC. (NH),26511.0,operations-support,Verified,https://api.usaspending.gov/api/v2/search/spending_by_award/,ICE contract award 70CMSW25FC0000039 from USAspending (award-level obligation).,operations-support,Partial,Unknown / multi-site
2025-05-06,"FOUR POINTS TECHNOLOGY, L.L.C. (DC)",172006.64,medical-services,Verified,https://api.usaspending.gov/api/v2/search/spending_by_award/,ICE contract award 70CTD025FR0000021 from USAspending (award-level obligation).,medical-services,Partial,Unknown / multi-site
2025-05-06,THE KINETIC GROUP SALES LLC (MN),502350.0,it-services,Verified,https://api.usaspending.gov/api/v2/search/spending_by_award/,ICE contract award 70CMSW25FR0000037 from USAspending (award-level obligation).,it-services,Partial,Unknown / multi-site
2025-05-05,QUANTICO TACTICAL INCORPORATED (NC),138872.0,it-services,Verified,https://api.usaspending.gov/api/v2/search/spending_by_award/,ICE contract award 70CMSW25FR0000035 from USAspending (award-level obligation).,it-services,Partial,Unknown / multi-site
2025-05-05,AIRLINES REPORTING CORPORATION (VA),250000.0,it-services,Verified,https://api.usaspending.gov/api/v2/search/spending_by_award/,ICE contract award 70CMSD25P00000033 from USAspending (award-level obligation).,it-services,Partial,Unknown / multi-site
2025-05-02,REGENCY CONSULTING INC (IA),39137.88,it-services,Verified,https://api.usaspending.gov/api/v2/search/spending_by_award/,ICE contract award 70CMSD25FR0000027 from USAspending (award-level obligation).,it-services,Partial,Unknown / multi-site
2025-05-01,BLUE TECH INC. (DC),28130.0,operations-support,Verified,https://api.usaspending.gov/api/v2/search/spending_by_award/,ICE contract award 70CTD025P00000005 from USAspending (award-level obligation).,operations-support,Partial,Unknown / multi-site
2025-05-01,DELL FEDERAL SYSTEMS L.P (DC),910140.0,operations-support,Verified,https://api.usaspending.gov/api/v2/search/spending_by_award/,ICE contract award 70CTD025FC0000004 from USAspending (award-level obligation).,operations-support,Partial,Unknown / multi-site
2025-05-01,CHARTER COMMUNICATIONS OPERATING LLC (MO),33930.0,operations-support,Verified,https://api.usaspending.gov/api/v2/search/spending_by_award/,ICE contract award 70CMSW25P00000017 from USAspending (award-level obligation).,operations-support,Partial,Unknown / multi-site
2025-05-01,"VISTRA COMMUNICATIONS, LLC (DC)",118724.42,detention-operations,Verified,https://api.usaspending.gov/api/v2/search/spending_by_award/,ICE contract award 70CMSW25P00000016 from USAspending (award-level obligation).,detention-operations,Partial,Unknown / multi-site
2025-05-01,"RELIANCE RELOCATION SERVICES, INC (IL)",849570.41,operations-support,Verified,https://api.usaspending.gov/api/v2/search/spending_by_award/,ICE contract award 70CMSW25FCL000001 from USAspending (award-level obligation).,operations-support,Partial,Unknown / multi-site
2025-05-01,BLUE TECH INC. (DC),102555.47,it-services,Verified,https://api.usaspending.gov/api/v2/search/spending_by_award/,ICE contract award 70CMSD25FR0000030 from USAspending (award-level obligation).,it-services,Partial,Unknown / multi-site
2025-05-01,RELX INC. (DC),17100.0,operations-support,Verified,https://api.usaspending.gov/api/v2/search/spending_by_award/,ICE contract award 70CMSD25FR0000026 from USAspending (award-level obligation).,operations-support,Partial,Unknown / multi-site
2025-05-01,ENVISAGE TECHNOLOGIES LLC (TX),3096983.87,it-services,Verified,https://api.usaspending.gov/api/v2/search/spending_by_award/,ICE contract award 70CMSD25FR0000010 from USAspending (award-level obligation).,it-services,Partial,Unknown / multi-site
2025-04-30,"ATLANTIC DIVING SUPPLY, INC. (VA)",22215.0,it-services,Verified,https://api.usaspending.gov/api/v2/search/spending_by_award/,ICE contract award 70CMSW25FR0000031 from USAspending (award-level obligation).,it-services,Partial,Unknown / multi-site
2025-04-28,CHATTAHOOCHEE TRAILER LLC (GA),5895.0,detention-operations,Verified,https://api.usaspending.gov/api/v2/search/spending_by_award/,ICE contract award 70CMSW25P00000015 from USAspending (award-level obligation).,detention-operations,Partial,Unknown / multi-site
2025-04-28,KIWI BREACHING PRODUCTS LLC (GA),21900.0,it-services,Verified,https://api.usaspending.gov/api/v2/search/spending_by_award/,ICE contract award 70CMSW25P00000008 from USAspending (award-level obligation).,it-services,Partial,Unknown / multi-site
2025-04-28,"GLOCK, INC. (GA)",8235.0,it-services,Verified,https://api.usaspending.gov/api/v2/search/spending_by_award/,ICE contract award 70CMSW25FR0000030 from USAspending (award-level obligation).,it-services,Partial,Unknown / multi-site
2025-04-28,SIG SAUER INC. (GA),90854.0,detention-operations,Verified,https://api.usaspending.gov/api/v2/search/spending_by_award/,ICE contract award 70CMSW25FC0000035 from USAspending (award-level obligation).,detention-operations,Partial,Unknown / multi-site
2025-04-25,"LIONHEART ALLIANCE, LLC (GA)",349957.0,operations-support,Verified,https://api.usaspending.gov/api/v2/search/spending_by_award/,ICE contract award 70CMSW25P00000014 from USAspending (award-level obligation).,operations-support,Partial,Unknown / multi-site
2025-04-25,QUANTICO TACTICAL INCORPORATED (NC),17767.4,operations-support,Verified,https://api.usaspending.gov/api/v2/search/spending_by_award/,ICE contract award 70CMSW25FR0000029 from USAspending (award-level obligation).,operations-support,Partial,Unknown / multi-site
2025-04-25,PARSONS GOVERNMENT SERVICES INC. (VA),118758.38,it-services,Verified,https://api.usaspending.gov/api/v2/search/spending_by_award/,ICE contract award 70CMSD25P00000029 from USAspending (award-level obligation).,it-services,Partial,Unknown / multi-site
2025-04-24,"ATLANTIC DIVING SUPPLY, INC. (FL)",46491.74,detention-operations,Verified,https://api.usaspending.gov/api/v2/search/spending_by_award/,ICE contract award 70CMSW25FC0000036 from USAspending (award-level obligation).,detention-operations,Partial,Unknown / multi-site
2025-04-24,"ZAPOPAN BUSINESS GROUP, LLC (TX)",23398.15,detention-operations,Verified,https://api.usaspending.gov/api/v2/search/spending_by_award/,ICE contract award 70CDCR25FR0000035 from USAspending (award-level obligation).,detention-operations,Partial,Unknown / multi-site
2025-04-23,"LENCO INDUSTRIES, INC. (MA)",10822.33,air-transport,Verified,https://api.usaspending.gov/api/v2/search/spending_by_award/,ICE contract award 70CMSD25P00000031 from USAspending (award-level obligation).,air-transport,Partial,Unknown / multi-site
2025-04-22,PRICE MODERN LLC (MD),1422312.35,it-services,Verified,https://api.usaspending.gov/api/v2/search/spending_by_award/,ICE contract award 70CMSW25FC0000026 from USAspending (award-level obligation).,it-services,Partial,Unknown / multi-site
2025-04-22,KEVINS AUTO BODY (ND),14528.75,detention-operations,Verified,https://api.usaspending.gov/api/v2/search/spending_by_award/,ICE contract award 70CMSD25P00000030 from USAspending (award-level obligation).,detention-operations,Partial,Unknown / multi-site
2025-04-22,"FEDERAL RESOURCES SUPPLY COMPANY, LLC (NJ)",72730.0,it-services,Verified,https://api.usaspending.gov/api/v2/search/spending_by_award/,ICE contract award 70CMSD25FR0000028 from USAspending (award-level obligation).,it-services,Partial,Unknown / multi-site
2025-04-21,"ATLANTIC DIVING SUPPLY, INC. (FL)",463312.2,operations-support,Verified,https://api.usaspending.gov/api/v2/search/spending_by_award/,ICE contract award 70CMSW25FC0000034 from USAspending (award-level obligation).,operations-support,Partial,Unknown / multi-site
2025-04-21,BIALEK CORPORATION OF MARYLAND (MD),516265.76,it-services,Verified,https://api.usaspending.gov/api/v2/search/spending_by_award/,ICE contract award 70CMSW25FC0000030 from USAspending (award-level obligation).,it-services,Partial,Unknown / multi-site
2025-04-18,PROOF RESEARCH INC. (MT),31200.0,operations-support,Verified,https://api.usaspending.gov/api/v2/search/spending_by_award/,ICE contract award 70CMSW25P00000013 from USAspending (award-level obligation).,operations-support,Partial,Unknown / multi-site
2025-04-18,AARDVARK (CA),21420.8,it-services,Verified,https://api.usaspending.gov/api/v2/search/spending_by_award/,ICE contract award 70CMSW25FR0000027 from USAspending (award-level obligation).,it-services,Partial,Unknown / multi-site
2025-04-17,"ATLANTIC DIVING SUPPLY, INC. (FL)",10185.0,operations-support,Verified,https://api.usaspending.gov/api/v2/search/spending_by_award/,ICE contract award 70CMSW25FC0000033 from USAspending (award-level obligation).,operations-support,Partial,Unknown / multi-site
2025-04-17,PARAGON PROFESSIONAL SERVICES LLC (AK),6036610.53,detention-operations,Verified,https://api.usaspending.gov/api/v2/search/spending_by_award/,ICE contract award 70CDCR25FR0000036 from USAspending (award-level obligation).,detention-operations,Partial,Unknown / multi-site
2025-04-16,"AVAYA FEDERAL SOLUTIONS, INC. (MI)",14058.33,it-services,Verified,https://api.usaspending.gov/api/v2/search/spending_by_award/,ICE contract award 70CTD025FC0000003 from USAspending (award-level obligation).,it-services,Partial,Unknown / multi-site
2025-04-16,"METROTEC, INC. (VA)",13944.0,operations-support,Verified,https://api.usaspending.gov/api/v2/search/spending_by_award/,ICE contract award 70CMSW25C00000007 from USAspending (award-level obligation).,operations-support,Partial,Unknown / multi-site
2025-04-15,QUANTICO TACTICAL INCORPORATED (GA),126769.53,operations-support,Verified,https://api.usaspending.gov/api/v2/search/spending_by_award/,ICE contract award 70CMSW25FR0000026 from USAspending (award-level obligation).,operations-support,Partial,Unknown / multi-site
2025-04-15,SIG SAUER INC. (NH),35106.0,detention-operations,Verified,https://api.usaspending.gov/api/v2/search/spending_by_award/,ICE contract award 70CMSW25FC0000032 from USAspending (award-level obligation).,detention-operations,Partial,Unknown / multi-site
2025-04-14,"ACG SYSTEMS, INC. (GA)",102835.0,operations-support,Verified,https://api.usaspending.gov/api/v2/search/spending_by_award/,ICE contract award 70CMSW25FR0000024 from USAspending (award-level obligation).,operations-support,Partial,Unknown / multi-site
2025-04-14,"GETTYSBURG ADDRESSES, INC. (PA)",44800.0,operations-support,Verified,https://api.usaspending.gov/api/v2/search/spending_by_award/,ICE contract award 70CMSD25FR0000006 from USAspending (award-level obligation).,operations-support,Partial,Unknown / multi-site
2025-04-14,"GETTYSBURG ADDRESSES, INC. (PA)",85850.0,operations-support,Verified,https://api.usaspending.gov/api/v2/search/spending_by_award/,ICE contract award 70CMSD25FR0000005 from USAspending (award-level obligation).,operations-support,Partial,Unknown / multi-site
2025-04-10,STORSOFT TECHNOLOGY CORP (DC),179943.5,medical-services,Verified,https://api.usaspending.gov/api/v2/search/spending_by_award/,ICE contract award 70CTD025FR0000020 from USAspending (award-level obligation).,medical-services,Partial,Unknown / multi-site
2025-04-10,OMNITECH SERVICES LLC (PA),38231.0,air-transport,Verified,https://api.usaspending.gov/api/v2/search/spending_by_award/,ICE contract award 70CMSW25P00000011 from USAspending (award-level obligation).,air-transport,Partial,Unknown / multi-site
2025-04-09,"ATLANTIC DIVING SUPPLY, INC. (VA)",46750.0,it-services,Verified,https://api.usaspending.gov/api/v2/search/spending_by_award/,ICE contract award 70CMSW25P00000012 from USAspending (award-level obligation).,it-services,Partial,Unknown / multi-site
2025-04-09,THE MOUNT VERNON LADIES' ASSOCIATION OF THE UNION (VA),14100.0,it-services,Verified,https://api.usaspending.gov/api/v2/search/spending_by_award/,ICE contract award 70CMSD25P00000026 from USAspending (award-level obligation).,it-services,Partial,Unknown / multi-site
2025-04-09,EVERYDAY HERO CPR LLC (TX),147000.0,it-services,Verified,https://api.usaspending.gov/api/v2/search/spending_by_award/,ICE contract award 70CMSD25FR0000025 from USAspending (award-level obligation).,it-services,Partial,Unknown / multi-site
2025-04-07,"MODEL 1 COMMERCIAL VEHICLES, INC. (AZ)",4589.73,detention-operations,Verified,https://api.usaspending.gov/api/v2/search/spending_by_award/,ICE contract award 70CMSD25P00000024 from USAspending (award-level obligation).,detention-operations,Partial,Unknown / multi-site
2025-04-07,"MODEL 1 COMMERCIAL VEHICLES, INC. (AZ)",7891.18,detention-operations,Verified,https://api.usaspending.gov/api/v2/search/spending_by_award/,ICE contract award 70CMSD25P00000023 from USAspending (award-level obligation).,detention-operations,Partial,Unknown / multi-site
2025-04-03,SOLUTIONS & MANAGEMENTS SERVICES LLC (FL),1179712.39,detention-operations,Verified,https://api.usaspending.gov/api/v2/search/spending_by_award/,ICE contract award 70CMSW25C00000006 from USAspending (award-level obligation).,detention-operations,Partial,Unknown / multi-site
2025-04-02,PRICE MODERN LLC (KY),90636.82,it-services,Verified,https://api.usaspending.gov/api/v2/search/spending_by_award/,ICE contract award 70CMSW25FC0000027 from USAspending (award-level obligation).,it-services,Partial,Unknown / multi-site
2025-04-02,DELOITTE CONSULTING LLP (VA),565225.8,it-services,Verified,https://api.usaspending.gov/api/v2/search/spending_by_award/,ICE contract award 70CMSD25FR0000024 from USAspending (award-level obligation).,it-services,Partial,Unknown / multi-site
2025-04-01,"PANAMERICA COMPUTERS, INC. (DC)",2499844.65,it-services,Verified,https://api.usaspending.gov/api/v2/search/spending_by_award/,ICE contract award 70CTD025FR0000016 from USAspending (award-level obligation).,it-services,Partial,Unknown / multi-site
2025-04-01,DELL FEDERAL SYSTEMS L.P (DC),18807300.77,operations-support,Verified,https://api.usaspending.gov/api/v2/search/spending_by_award/,ICE contract award 70CTD025FC0000002 from USAspending (award-level obligation).,operations-support,Partial,Unknown / multi-site
2025-04-01,"HAWAIIAN TELCOM SERVICES COMPANY, INC (HI)",12662.88,it-services,Verified,https://api.usaspending.gov/api/v2/search/spending_by_award/,ICE contract award 70CMSD25P00000021 from USAspending (award-level obligation).,it-services,Partial,Unknown / multi-site
2025-04-01,"INTERSTATE FLEET MAINTENANCE, INC. (CA)",26861.1,air-transport,Verified,https://api.usaspending.gov/api/v2/search/spending_by_award/,ICE contract award 70CMSD25P00000020 from USAspending (award-level obligation).,air-transport,Partial,Unknown / multi-site
2025-04-01,"CORECIVIC, INC. (CA)",13658622.28,detention-operations,Verified,https://api.usaspending.gov/api/v2/search/spending_by_award/,ICE contract award 70CDCR25FR0000039 from USAspending (award-level obligation).,detention-operations,Partial,Unknown / multi-site
2025-04-01,"THE GEO GROUP, INC. (MI)",7350371.31,detention-operations,Verified,https://api.usaspending.gov/api/v2/search/spending_by_award/,ICE contract award 70CDCR25FR0000037 from USAspending (award-level obligation).,detention-operations,Partial,Unknown / multi-site
2025-04-01,PARAGON PROFESSIONAL SERVICES LLC (NY),5652664.0,detention-operations,Verified,https://api.usaspending.gov/api/v2/search/spending_by_award/,ICE contract award 70CDCR25FR0000027 from USAspending (award-level obligation).,detention-operations,Partial,Unknown / multi-site
2025-04-01,"THE GEO GROUP, INC. (TX)",6637088.0,detention-operations,Verified,https://api.usaspending.gov/api/v2/search/spending_by_award/,ICE contract award 70CDCR25FC0000002 from USAspending (award-level obligation).,detention-operations,Partial,Unknown / multi-site
2025-03-31,"V3GATE, LLC (AZ)",74379.11,it-services,Verified,https://api.usaspending.gov/api/v2/search/spending_by_award/,ICE contract award 70CTD025FR0000014 from USAspending (award-level obligation).,it-services,Partial,Unknown / multi-site
2025-03-31,PRICE MODERN LLC (AZ),2700.0,it-services,Verified,https://api.usaspending.gov/api/v2/search/spending_by_award/,ICE contract award 70CMSW25FC0000024 from USAspending (award-level obligation).,it-services,Partial,Unknown / multi-site
2025-03-31,PRICE MODERN LLC (LA),3627.2,it-services,Verified,https://api.usaspending.gov/api/v2/search/spending_by_award/,ICE contract award 70CMSW25FC0000023 from USAspending (award-level obligation).,it-services,Partial,Unknown / multi-site
2025-03-30,DELOITTE CONSULTING LLP (VA),2841487.8,it-services,Verified,https://api.usaspending.gov/api/v2/search/spending_by_award/,ICE contract award 70CMSD25FR0000022 from USAspending (award-level obligation).,it-services,Partial,Unknown / multi-site
2025-03-30,DEPLOYED RESOURCES LLC (TX),7466580.0,it-services,Verified,https://api.usaspending.gov/api/v2/search/spending_by_award/,ICE contract award 70CDCR25P00000010 from USAspending (award-level obligation).,it-services,Partial,Unknown / multi-site
2025-03-28,LEADING TECHNOLOGY COMPOSITES INC (KS),148161.78,operations-support,Verified,https://api.usaspending.gov/api/v2/search/spending_by_award/,ICE contract award 70CMSW25FR0000022 from USAspending (award-level obligation).,operations-support,Partial,Unknown / multi-site
2025-03-27,PRICE MODERN LLC (MD),7800.0,it-services,Verified,https://api.usaspending.gov/api/v2/search/spending_by_award/,ICE contract award 70CMSW25FC0000020 from USAspending (award-level obligation).,it-services,Partial,Unknown / multi-site
2025-03-27,"HOLITNA CONSTRUCTION, LLC (AZ)",406524.25,it-services,Verified,https://api.usaspending.gov/api/v2/search/spending_by_award/,ICE contract award 70CMSW25C00000005 from USAspending (award-level obligation).,it-services,Partial,Unknown / multi-site
2025-03-26,QUANTICO TACTICAL INCORPORATED (NC),603073.45,air-transport,Verified,https://api.usaspending.gov/api/v2/search/spending_by_award/,ICE contract award 70CMSW25FC0000029 from USAspending (award-level obligation).,air-transport,Partial,Unknown / multi-site
2025-03-25,TRADE CENTER MANAGEMENT ASSOCIATES L.L.C. (DC),11792.63,detention-operations,Verified,https://api.usaspending.gov/api/v2/search/spending_by_award/,ICE contract award 70CDCR25P00000009 from USAspending (award-level obligation).,detention-operations,Partial,Unknown / multi-site
2025-03-24,QUANTICO TACTICAL INCORPORATED (NC),46806.2,operations-support,Verified,https://api.usaspending.gov/api/v2/search/spending_by_award/,ICE contract award 70CMSW25FC0000028 from USAspending (award-level obligation).,operations-support,Partial,Unknown / multi-site
2025-03-21,GEISSELE AUTOMATICS LLC (GA),27935.85,operations-support,Verified,https://api.usaspending.gov/api/v2/search/spending_by_award/,ICE contract award 70CMSW25FR0000015 from USAspending (award-level obligation).,operations-support,Partial,Unknown / multi-site
2025-03-20,PCI GUIDEHOUSE JV LLC (AL),1806496.0,it-services,Verified,https://api.usaspending.gov/api/v2/search/spending_by_award/,ICE contract award 70CMSW25C00000004 from USAspending (award-level obligation).,it-services,Partial,Unknown / multi-site
2025-03-19,"LIONHEART ALLIANCE, LLC (VA)",14344.98,operations-support,Verified,https://api.usaspending.gov/api/v2/search/spending_by_award/,ICE contract award 70CMSW25FR0000021 from USAspending (award-level obligation).,operations-support,Partial,Unknown / multi-site
2025-03-19,KEYWAY LOCKSMITH INC (DC),6500.0,it-services,Verified,https://api.usaspending.gov/api/v2/search/spending_by_award/,ICE contract award 70CMSD25P00000022 from USAspending (award-level obligation).,it-services,Partial,Unknown / multi-site
2025-03-19,JSI TELECOM INC. (VA),7250950.0,it-services,Verified,https://api.usaspending.gov/api/v2/search/spending_by_award/,ICE contract award 70CMSD25P00000018 from USAspending (award-level obligation).,it-services,Partial,Unknown / multi-site
2025-03-17,JOHNSON CONTROLS SECURITY SOLUTIONS LLC (AR),5430.0,detention-operations,Verified,https://api.usaspending.gov/api/v2/search/spending_by_award/,ICE contract award 70CDCR25FR0000034 from USAspending (award-level obligation).,detention-operations,Partial,Unknown / multi-site
2025-03-17,"THE NAKAMOTO GROUP, INC. (MD)",1521860.0,detention-operations,Verified,https://api.usaspending.gov/api/v2/search/spending_by_award/,ICE contract award 70CDCR25FR0000025 from USAspending (award-level obligation).,detention-operations,Partial,Unknown / multi-site
2025-03-16,"REDHAWK IT SOLUTIONS, LLC (DC)",16500.0,it-services,Verified,https://api.usaspending.gov/api/v2/search/spending_by_award/,ICE contract award 70CTD025FR0000011 from USAspending (award-level obligation).,it-services,Partial,Unknown / multi-site
2025-03-14,"STANDARD-BLAZAR, LLC (DC)",166189.0,it-services,Verified,https://api.usaspending.gov/api/v2/search/spending_by_award/,ICE contract award 70CTD025FR0000012 from USAspending (award-level obligation).,it-services,Partial,Unknown / multi-site
2025-03-14,RED CARROT INC (DC),206371.71,air-transport,Verified,https://api.usaspending.gov/api/v2/search/spending_by_award/,ICE contract award 70CMSW25FC0000012 from USAspending (award-level obligation).,air-transport,Partial,Unknown / multi-site
2025-03-14,SOLUTIONS & MANAGEMENTS SERVICES LLC (MD),992146.5,it-services,Verified,https://api.usaspending.gov/api/v2/search/spending_by_award/,ICE contract award 70CMSW25C00000003 from USAspending (award-level obligation).,it-services,Partial,Unknown / multi-site
2025-03-14,UNIVERSAL STRATEGIC ADVISORS LLC (CA),1079163.68,detention-operations,Verified,https://api.usaspending.gov/api/v2/search/spending_by_award/,ICE contract award 70CDCR25FR0000032 from USAspending (award-level obligation).,detention-operations,Partial,Unknown / multi-site
2025-03-12,"AXON ENTERPRISE, INC. (GA)",135000.0,it-services,Verified,https://api.usaspending.gov/api/v2/search/spending_by_award/,ICE contract award 70CMSW25FR0000020 from USAspending (award-level obligation).,it-services,Partial,Unknown / multi-site
2025-03-12,PARSONS GOVERNMENT SERVICES INC. (VA),87467.03,it-services,Verified,https://api.usaspending.gov/api/v2/search/spending_by_award/,ICE contract award 70CMSD25P00000015 from USAspending (award-level obligation).,it-services,Partial,Unknown / multi-site
2025-03-11,OLIN WINCHESTER LLC (IL),20000.0,it-services,Verified,https://api.usaspending.gov/api/v2/search/spending_by_award/,ICE contract award 70CMSW25P00000007 from USAspending (award-level obligation).,it-services,Partial,Unknown / multi-site
2025-03-11,"GENERAL DYNAMICS - OTS, INC. (PA)",80050.0,it-services,Verified,https://api.usaspending.gov/api/v2/search/spending_by_award/,ICE contract award 70CMSW25FR0000014 from USAspending (award-level obligation).,it-services,Partial,Unknown / multi-site
2025-03-11,"AXON ENTERPRISE, INC. (GA)",22376.44,it-services,Verified,https://api.usaspending.gov/api/v2/search/spending_by_award/,ICE contract award 70CMSW25FR0000009 from USAspending (award-level obligation).,it-services,Partial,Unknown / multi-site
2025-03-11,"ATLANTIC DIVING SUPPLY, INC. (VA)",141076.6,operations-support,Verified,https://api.usaspending.gov/api/v2/search/spending_by_award/,ICE contract award 70CMSW25FC0000025 from USAspending (award-level obligation).,operations-support,Partial,Unknown / multi-site
2025-03-11,AIRBORNE OUTFITTERS LLC (GA),93951.6,operations-support,Verified,https://api.usaspending.gov/api/v2/search/spending_by_award/,ICE contract award 70CMSW25FC0000022 from USAspending (award-level obligation).,operations-support,Partial,Unknown / multi-site
2025-03-10,"ATLANTIC DIVING SUPPLY, INC. (VA)",43225.0,it-services,Verified,https://api.usaspending.gov/api/v2/search/spending_by_award/,ICE contract award 70CMSW25FR0000017 from USAspending (award-level obligation).,it-services,Partial,Unknown / multi-site
2025-03-10,"SRT SUPPLY, LLC (FL)",23399.4,it-services,Verified,https://api.usaspending.gov/api/v2/search/spending_by_award/,ICE contract award 70CMSW25FR0000016 from USAspending (award-level obligation).,it-services,Partial,Unknown / multi-site
2025-03-10,"AXON ENTERPRISE, INC. (AZ)",5076758.48,it-services,Verified,https://api.usaspending.gov/api/v2/search/spending_by_award/,ICE contract award 70CMSW25FR0000011 from USAspending (award-level obligation).,it-services,Partial,Unknown / multi-site
2025-03-10,"HOMELAND SECURITY AND MANAGEMENT SOLUTIONS, INC. (IN)",45732.0,detention-operations,Verified,https://api.usaspending.gov/api/v2/search/spending_by_award/,ICE contract award 70CMSD25P00000019 from USAspending (award-level obligation).,detention-operations,Partial,Unknown / multi-site
2025-03-10,PERFECT FIT (ME),35062.0,it-services,Verified,https://api.usaspending.gov/api/v2/search/spending_by_award/,ICE contract award 70CMSD25FR0000023 from USAspending (award-level obligation).,it-services,Partial,Unknown / multi-site
2025-03-10,CHAINALYSIS INC. (VA),52605.09,it-services,Verified,https://api.usaspending.gov/api/v2/search/spending_by_award/,ICE contract award 70CMSD25FR0000017 from USAspending (award-level obligation).,it-services,Partial,Unknown / multi-site
2025-03-10,"TRM LABS, INC. (VA)",47600.0,operations-support,Verified,https://api.usaspending.gov/api/v2/search/spending_by_award/,ICE contract award 70CMSD25FR0000015 from USAspending (award-level obligation).,operations-support,Partial,Unknown / multi-site
2025-03-10,LIONBRIDGE GLOBAL SOLUTIONS II INC. (DC),5668794.62,operations-support,Verified,https://api.usaspending.gov/api/v2/search/spending_by_award/,ICE contract award 70CDCR25FR0000031 from USAspending (award-level obligation).,operations-support,Partial,Unknown / multi-site
2025-03-07,"CORECIVIC, INC. (KS)",10208400.0,detention-operations,Verified,https://api.usaspending.gov/api/v2/search/spending_by_award/,ICE contract award 70CDCR25FR0000033 from USAspending (award-level obligation).,detention-operations,Partial,Unknown / multi-site
2025-03-04,"ATLANTIC DIVING SUPPLY, INC. (FL)",8102.07,operations-support,Verified,https://api.usaspending.gov/api/v2/search/spending_by_award/,ICE contract award 70CMSW25FC0000021 from USAspending (award-level obligation).,operations-support,Partial,Unknown / multi-site
2025-03-03,"GENERAL DYNAMICS - OTS, INC. (PA)",101034.0,it-services,Verified,https://api.usaspending.gov/api/v2/search/spending_by_award/,ICE contract award 70CMSW25FR0000013 from USAspending (award-level obligation).,it-services,Partial,Unknown / multi-site
2025-03-03,INTERNATIONAL CARTRIDGE CORP (PA),94262.94,it-services,Verified,https://api.usaspending.gov/api/v2/search/spending_by_award/,ICE contract award 70CMSW25FR0000012 from USAspending (award-level obligation).,it-services,Partial,Unknown / multi-site
2025-03-03,VH BLACKINTON & CO INC (MA),164630.0,it-services,Verified,https://api.usaspending.gov/api/v2/search/spending_by_award/,ICE contract award 70CMSD25P00000017 from USAspending (award-level obligation).,it-services,Partial,Unknown / multi-site
2025-03-03,OPSEC SECURITY INC (PA),22880.0,it-services,Verified,https://api.usaspending.gov/api/v2/search/spending_by_award/,ICE contract award 70CMSD25FR0000021 from USAspending (award-level obligation).,it-services,Partial,Unknown / multi-site
2025-03-03,CHAINALYSIS INC. (VA),252504.4,it-services,Verified,https://api.usaspending.gov/api/v2/search/spending_by_award/,ICE contract award 70CMSD25FR0000020 from USAspending (award-level obligation).,it-services,Partial,Unknown / multi-site
2025-03-03,"TRM LABS, INC. (VA)",523600.0,operations-support,Verified,https://api.usaspending.gov/api/v2/search/spending_by_award/,ICE contract award 70CMSD25FR0000018 from USAspending (award-level obligation).,operations-support,Partial,Unknown / multi-site
2025-03-01,ABM INDUSTRIES INC (NY),26880.0,air-transport,Verified,https://api.usaspending.gov/api/v2/search/spending_by_award/,ICE contract award 70CMSD25P00000013 from USAspending (award-level obligation).,air-transport,Partial,Unknown / multi-site
2025-03-01,"ADVANCED COMPUTER CONCEPTS, INC. (VA)",311018.3,it-services,Verified,https://api.usaspending.gov/api/v2/search/spending_by_award/,ICE contract award 70CMSD25FR0000014 from USAspending (award-level obligation).,it-services,Partial,Unknown / multi-site
2025-03-01,"THE GEO GROUP, INC. (FL)",58018673.24,detention-operations,Verified,https://api.usaspending.gov/api/v2/search/spending_by_award/,ICE contract award 70CDCR25FR0000029 from USAspending (award-level obligation).,air-transport,Verified,ICE Air / Removal Operations
2025-03-01,"CSI AVIATION, INC (AZ)",562049742.0,detention-operations,Verified,https://api.usaspending.gov/api/v2/search/spending_by_award/,ICE contract award 70CDCR25FR0000022 from USAspending (award-level obligation).,air-transport,Verified,ICE Air / Removal Operations
2025-02-28,JTF BUSINESS SYSTEMS CORPORATION (DC),15960.0,operations-support,Verified,https://api.usaspending.gov/api/v2/search/spending_by_award/,ICE contract award 70CMSD25FC0000004 from USAspending (award-level obligation).,operations-support,Partial,Unknown / multi-site
2025-02-28,GUIDEHOUSE INC. (DC),2848012.88,detention-operations,Verified,https://api.usaspending.gov/api/v2/search/spending_by_award/,ICE contract award 70CDCR25FR0000023 from USAspending (award-level obligation).,detention-operations,Partial,Unknown / multi-site
2025-02-27,NAR TRAINING LLC (SC),170000.0,medical-services,Verified,https://api.usaspending.gov/api/v2/search/spending_by_award/,ICE contract award 70CMSW25P00000005 from USAspending (award-level obligation).,medical-services,Partial,Unknown / multi-site
2025-02-26,QUANTICO TACTICAL INCORPORATED (NC),139731.8,operations-support,Verified,https://api.usaspending.gov/api/v2/search/spending_by_award/,ICE contract award 70CMSW25FC0000019 from USAspending (award-level obligation).,operations-support,Partial,Unknown / multi-site
2025-02-26,SIG SAUER INC. (NH),57163.0,operations-support,Verified,https://api.usaspending.gov/api/v2/search/spending_by_award/,ICE contract award 70CMSW25FC0000018 from USAspending (award-level obligation).,operations-support,Partial,Unknown / multi-site
2025-02-26,PRICE MODERN LLC (TX),4534.0,it-services,Verified,https://api.usaspending.gov/api/v2/search/spending_by_award/,ICE contract award 70CMSW25FC0000017 from USAspending (award-level obligation).,it-services,Partial,Unknown / multi-site
2025-02-26,"PANAMERICA COMPUTERS, INC. (MA)",14179.03,it-services,Verified,https://api.usaspending.gov/api/v2/search/spending_by_award/,ICE contract award 70CMSD25P00000016 from USAspending (award-level obligation).,it-services,Partial,Unknown / multi-site
2025-02-24,PRICE MODERN LLC (AZ),18744.07,it-services,Verified,https://api.usaspending.gov/api/v2/search/spending_by_award/,ICE contract award 70CMSW25FC0000015 from USAspending (award-level obligation).,it-services,Partial,Unknown / multi-site
2025-02-24,"INTEGRATED BIOMETRICS, LLC (TX)",27054.0,detention-operations,Verified,https://api.usaspending.gov/api/v2/search/spending_by_award/,ICE contract award 70CMSD25P00000014 from USAspending (award-level obligation).,detention-operations,Partial,Unknown / multi-site
2025-02-24,EVERYDAY HERO CPR LLC (TX),106354.5,it-services,Verified,https://api.usaspending.gov/api/v2/search/spending_by_award/,ICE contract award 70CMSD25FR0000019 from USAspending (award-level obligation).,it-services,Partial,Unknown / multi-site
2025-02-20,QUANTICO TACTICAL INCORPORATED (NC),34832.0,detention-operations,Verified,https://api.usaspending.gov/api/v2/search/spending_by_award/,ICE contract award 70CMSW25FC0000016 from USAspending (award-level obligation).,detention-operations,Partial,Unknown / multi-site
2025-02-19,THE KINETIC GROUP SALES LLC (GA),589170.96,it-services,Verified,https://api.usaspending.gov/api/v2/search/spending_by_award/,ICE contract award 70CMSW25FR0000004 from USAspending (award-level obligation).,it-services,Partial,Unknown / multi-site
2025-02-19,"ATLANTIC DIVING SUPPLY, INC. (VA)",11681.04,air-transport,Verified,https://api.usaspending.gov/api/v2/search/spending_by_award/,ICE contract award 70CMSW25FC0000014 from USAspending (award-level obligation).,air-transport,Partial,Unknown / multi-site
2025-02-18,DEV TECHNOLOGY GROUP INC (VA),23472441.6,it-services,Verified,https://api.usaspending.gov/api/v2/search/spending_by_award/,ICE contract award 70CTD025FR0000009 from USAspending (award-level obligation).,it-services,Partial,Unknown / multi-site
2025-02-17,RESCUE PHONE INC (MD),44400.0,operations-support,Verified,https://api.usaspending.gov/api/v2/search/spending_by_award/,ICE contract award 70CMSW25P00000006 from USAspending (award-level obligation).,operations-support,Partial,Unknown / multi-site
2025-02-14,"WORKWEAR OUTFITTERS, LLC (TN)",1400000.0,operations-support,Verified,https://api.usaspending.gov/api/v2/search/spending_by_award/,ICE contract award 70CMSW25FR0000010 from USAspending (award-level obligation).,operations-support,Partial,Unknown / multi-site
2025-02-14,"GERALD HANSON & ASSOCIATES, INC. (MI)",3420.5,operations-support,Verified,https://api.usaspending.gov/api/v2/search/spending_by_award/,ICE contract award 70CMSD25P00000012 from USAspending (award-level obligation).,operations-support,Partial,Unknown / multi-site
2025-02-12,THE KINETIC GROUP SALES LLC (MN),300600.0,it-services,Verified,https://api.usaspending.gov/api/v2/search/spending_by_award/,ICE contract award 70CMSW25FR0000008 from USAspending (award-level obligation).,it-services,Partial,Unknown / multi-site
2025-02-12,PARSONS GOVERNMENT SERVICES INC. (VA),1900443.16,operations-support,Verified,https://api.usaspending.gov/api/v2/search/spending_by_award/,ICE contract award 70CDCR25FR0000017 from USAspending (award-level obligation).,operations-support,Partial,Unknown / multi-site
2025-02-11,THE KINETIC GROUP SALES LLC (MN),133960.0,operations-support,Verified,https://api.usaspending.gov/api/v2/search/spending_by_award/,ICE contract award 70CMSW25FR0000007 from USAspending (award-level obligation).,operations-support,Partial,Unknown / multi-site
2025-02-11,"ATLANTIC DIVING SUPPLY, INC. (FL)",16428.9,operations-support,Verified,https://api.usaspending.gov/api/v2/search/spending_by_award/,ICE contract award 70CMSW25FC0000013 from USAspending (award-level obligation).,operations-support,Partial,Unknown / multi-site
2025-02-10,"FCN, INC. (DC)",64000.0,it-services,Verified,https://api.usaspending.gov/api/v2/search/spending_by_award/,ICE contract award 70CTD025FC0000001 from USAspending (award-level obligation).,it-services,Partial,Unknown / multi-site
2025-02-10,FEDERAL EXPRESS CORPORATION (DC),35000.0,operations-support,Verified,https://api.usaspending.gov/api/v2/search/spending_by_award/,ICE contract award 70CMSW25FR0000006 from USAspending (award-level obligation).,operations-support,Partial,Unknown / multi-site
2025-02-10,PRICE MODERN LLC (MD),6000.0,it-services,Verified,https://api.usaspending.gov/api/v2/search/spending_by_award/,ICE contract award 70CMSW25FC0000011 from USAspending (award-level obligation).,it-services,Partial,Unknown / multi-site
2025-02-10,"SUSTAINABLE SECURITY SOLUTIONS, INC. (TX)",16216.0,operations-support,Verified,https://api.usaspending.gov/api/v2/search/spending_by_award/,ICE contract award 70CMSW25C00000002 from USAspending (award-level obligation).,operations-support,Partial,Unknown / multi-site
2025-02-07,CHARTER COMMUNICATIONS OPERATING LLC (TX),70545.52,operations-support,Verified,https://api.usaspending.gov/api/v2/search/spending_by_award/,ICE contract award 70CMSD25P00000007 from USAspending (award-level obligation).,operations-support,Partial,Unknown / multi-site
2025-02-07,IMPERIAL VALLEY RIFLE & PISTOL ASSOCIATION INC (CA),9756.0,operations-support,Verified,https://api.usaspending.gov/api/v2/search/spending_by_award/,ICE contract award 70CDCR25P00000007 from USAspending (award-level obligation).,operations-support,Partial,Unknown / multi-site
2025-02-05,COLOSSAL CONTRACTING LLC (SC),33415.97,it-services,Verified,https://api.usaspending.gov/api/v2/search/spending_by_award/,ICE contract award 70CTD025FR0000006 from USAspending (award-level obligation).,it-services,Partial,Unknown / multi-site
2025-02-05,"ATLANTIC DIVING SUPPLY, INC. (FL)",210691.5,operations-support,Verified,https://api.usaspending.gov/api/v2/search/spending_by_award/,ICE contract award 70CMSW25FC0000010 from USAspending (award-level obligation).,operations-support,Partial,Unknown / multi-site
2025-02-05,SUMURI LLC (DE),12867.0,operations-support,Verified,https://api.usaspending.gov/api/v2/search/spending_by_award/,ICE contract award 70CMSD25FR0000013 from USAspending (award-level obligation).,operations-support,Partial,Unknown / multi-site
2025-02-05,"GOLDEN KEY GROUP, LLC (VA)",101897.3,it-services,Verified,https://api.usaspending.gov/api/v2/search/spending_by_award/,ICE contract award 70CMSD25FC0000003 from USAspending (award-level obligation).,it-services,Partial,Unknown / multi-site
2025-02-01,"ANACAPA MICRO PRODUCTS, INC. (DC)",12281.5,it-services,Verified,https://api.usaspending.gov/api/v2/search/spending_by_award/,ICE contract award 70CTD025FR0000008 from USAspending (award-level obligation).,it-services,Partial,Unknown / multi-site
2025-02-01,"VOUND COLORADO, LTD. (IL)",25000.0,it-services,Verified,https://api.usaspending.gov/api/v2/search/spending_by_award/,ICE contract award 70CMSD25P00000034 from USAspending (award-level obligation).,it-services,Partial,Unknown / multi-site
2025-02-01,"AKIMA GLOBAL SERVICES, LLC (NY)",27323655.77,detention-operations,Verified,https://api.usaspending.gov/api/v2/search/spending_by_award/,ICE contract award 70CDCR25FR0000019 from USAspending (award-level obligation).,detention-operations,Partial,Unknown / multi-site
2025-01-31,"IRONCOMPANY.COM, LLC (TX)",11205.0,operations-support,Verified,https://api.usaspending.gov/api/v2/search/spending_by_award/,ICE contract award 70CMSW25FR0000002 from USAspending (award-level obligation).,operations-support,Partial,Unknown / multi-site
2025-01-31,BSK CONSULTING LLC (SC),45355.48,operations-support,Verified,https://api.usaspending.gov/api/v2/search/spending_by_award/,ICE contract award 70CMSD25P00000008 from USAspending (award-level obligation).,operations-support,Partial,Unknown / multi-site
2025-01-29,"INTEGRATED SECURITY TECHNOLOGIES, INC (DC)",13669.49,operations-support,Verified,https://api.usaspending.gov/api/v2/search/spending_by_award/,ICE contract award 70CMSD25FR0000009 from USAspending (award-level obligation).,operations-support,Partial,Unknown / multi-site
2025-01-28,"PANAMERICA COMPUTERS, INC. (VA)",83101.2,operations-support,Verified,https://api.usaspending.gov/api/v2/search/spending_by_award/,ICE contract award 70CMSD25FR0000011 from USAspending (award-level obligation).,operations-support,Partial,Unknown / multi-site
2025-01-27,"SAYARI ANALYTICS, LLC (DC)",22928.0,operations-support,Verified,https://api.usaspending.gov/api/v2/search/spending_by_award/,ICE contract award 70CMSD25P00000010 from USAspending (award-level obligation).,operations-support,Partial,Unknown / multi-site
2025-01-23,GETDATA (VA),257792.22,operations-support,Verified,https://api.usaspending.gov/api/v2/search/spending_by_award/,ICE contract award 70CMSD25P00000009 from USAspending (award-level obligation).,operations-support,Partial,Unknown / multi-site
2025-01-23,PERGRAVIS LLC (TX),30461.73,operations-support,Verified,https://api.usaspending.gov/api/v2/search/spending_by_award/,ICE contract award 70CDCR25P00000005 from USAspending (award-level obligation).,operations-support,Partial,Unknown / multi-site
2025-01-22,PRICE MODERN LLC (MD),3600.0,it-services,Verified,https://api.usaspending.gov/api/v2/search/spending_by_award/,ICE contract award 70CMSW25FC0000009 from USAspending (award-level obligation).,it-services,Partial,Unknown / multi-site
2025-01-22,"WORKWEAR OUTFITTERS, LLC (TN)",1224836.63,operations-support,Verified,https://api.usaspending.gov/api/v2/search/spending_by_award/,ICE contract award 70CMSD25FR0000008 from USAspending (award-level obligation).,operations-support,Partial,Unknown / multi-site
2025-01-17,"WORKWEAR OUTFITTERS, LLC (GA)",51744.0,operations-support,Verified,https://api.usaspending.gov/api/v2/search/spending_by_award/,ICE contract award 70CMSD25FR0000007 from USAspending (award-level obligation).,operations-support,Partial,Unknown / multi-site
2025-01-17,G4S SECURE SOLUTIONS (USA) INC. (TX),410809.79,operations-support,Verified,https://api.usaspending.gov/api/v2/search/spending_by_award/,ICE contract award 70CDCR25FR0000018 from USAspending (award-level obligation).,operations-support,Partial,Unknown / multi-site
2025-01-17,JFK SUPPLIES INC (NJ),95584.0,it-services,Verified,https://api.usaspending.gov/api/v2/search/spending_by_award/,ICE contract award 70CDCR25FC0000001 from USAspending (award-level obligation).,it-services,Partial,Unknown / multi-site
2025-01-16,PRICE MODERN LLC (MD),16019.25,it-services,Verified,https://api.usaspending.gov/api/v2/search/spending_by_award/,ICE contract award 70CMSW25FC0000007 from USAspending (award-level obligation).,it-services,Partial,Unknown / multi-site
2025-01-14,WYNNPRO LLC (LA),2725.0,it-services,Verified,https://api.usaspending.gov/api/v2/search/spending_by_award/,ICE contract award 70CDCR25FR0000016 from USAspending (award-level obligation).,it-services,Partial,Unknown / multi-site
2025-01-09,"CITISCO, LLC (GA)",13722.67,operations-support,Verified,https://api.usaspending.gov/api/v2/search/spending_by_award/,ICE contract award 70CMSW25FR0000001 from USAspending (award-level obligation).,operations-support,Partial,Unknown / multi-site
2025-01-06,AVI-SPL LLC (TX),6095.47,operations-support,Verified,https://api.usaspending.gov/api/v2/search/spending_by_award/,ICE contract award 70CMSD25P00000002 from USAspending (award-level obligation).,operations-support,Partial,Unknown / multi-site
2025-01-01,"GOVSMART, INC. (CA)",121444.2,operations-support,Verified,https://api.usaspending.gov/api/v2/search/spending_by_award/,ICE contract award 70CTD025FR0000003 from USAspending (award-level obligation).,operations-support,Partial,Unknown / multi-site
2025-01-01,"HEALTHEQUITY, INC. (UT)",86961.6,medical-services,Verified,https://api.usaspending.gov/api/v2/search/spending_by_award/,ICE contract award 70CMSW25FR0000023 from USAspending (award-level obligation).,medical-services,Partial,Unknown / multi-site
2025-01-01,CHARTER COMMUNICATIONS OPERATING LLC (NY),54094.56,it-services,Verified,https://api.usaspending.gov/api/v2/search/spending_by_award/,ICE contract award 70CMSD25P00000027 from USAspending (award-level obligation).,it-services,Partial,Unknown / multi-site
2025-01-01,"ESCONDIDO, CITY OF (CA)",20000.0,operations-support,Verified,https://api.usaspending.gov/api/v2/search/spending_by_award/,ICE contract award 70CMSD25P00000004 from USAspending (award-level obligation).,operations-support,Partial,Unknown / multi-site
2025-01-01,RIVERTECH LLC (CO),4150530.57,operations-support,Verified,https://api.usaspending.gov/api/v2/search/spending_by_award/,ICE contract award 70CDCR25FR0000007 from USAspending (award-level obligation).,operations-support,Partial,Unknown / multi-site
2024-12-29,"ENTERPRISE TECHNOLOGY SOLUTIONS, INC. (DC)",186347.7,operations-support,Verified,https://api.usaspending.gov/api/v2/search/spending_by_award/,ICE contract award 70CTD025FR0000005 from USAspending (award-level obligation).,operations-support,Partial,Unknown / multi-site
2024-12-28,G4S SECURE SOLUTIONS (USA) INC. (TX),5277.29,detention-operations,Verified,https://api.usaspending.gov/api/v2/search/spending_by_award/,ICE contract award 70CDCR25FR0000088 from USAspending (award-level obligation).,detention-operations,Partial,Unknown / multi-site
2024-12-28,G4S SECURE SOLUTIONS (USA) INC. (TX),5746450.0,detention-operations,Verified,https://api.usaspending.gov/api/v2/search/spending_by_award/,ICE contract award 70CDCR25FR0000015 from USAspending (award-level obligation).,detention-operations,Partial,Unknown / multi-site
2024-12-28,G4S SECURE SOLUTIONS (USA) INC. (TX),29241011.51,detention-operations,Verified,https://api.usaspending.gov/api/v2/search/spending_by_award/,ICE contract award 70CDCR25FR0000014 from USAspending (award-level obligation).,detention-operations,Partial,Unknown / multi-site
2024-12-26,PRICE MODERN LLC (MD),13200.0,it-services,Verified,https://api.usaspending.gov/api/v2/search/spending_by_award/,ICE contract award 70CMSW25FC0000006 from USAspending (award-level obligation).,it-services,Partial,Unknown / multi-site
2024-12-26,"COX VIRGINIA TELCOM, L.L.C (VA)",27281.4,operations-support,Verified,https://api.usaspending.gov/api/v2/search/spending_by_award/,ICE contract award 70CMSD25P00000006 from USAspending (award-level obligation).,operations-support,Partial,Unknown / multi-site
2024-12-23,"PANAMERICA COMPUTERS, INC. (DC)",458842.21,operations-support,Verified,https://api.usaspending.gov/api/v2/search/spending_by_award/,ICE contract award 70CTD025FR0000004 from USAspending (award-level obligation).,operations-support,Partial,Unknown / multi-site
2024-12-20,"THE GEO GROUP, INC. (CA)",66190762.72,operations-support,Verified,https://api.usaspending.gov/api/v2/search/spending_by_award/,ICE contract award 70CDCR25FR0000013 from USAspending (award-level obligation).,operations-support,Partial,Unknown / multi-site
2024-12-20,MANAGEMENT & TRAINING CORPORATION (UT),47203837.48,detention-operations,Verified,https://api.usaspending.gov/api/v2/search/spending_by_award/,ICE contract award 70CDCR25FR0000012 from USAspending (award-level obligation).,detention-operations,Verified,Detention Operations
2024-12-20,"CORECIVIC, INC. (CA)",114347553.96,detention-operations,Verified,https://api.usaspending.gov/api/v2/search/spending_by_award/,ICE contract award 70CDCR25FR0000011 from USAspending (award-level obligation).,detention-operations,Verified,Detention Operations
2024-12-20,"THE GEO GROUP, INC. (CA)",34258265.09,detention-operations,Verified,https://api.usaspending.gov/api/v2/search/spending_by_award/,ICE contract award 70CDCR25FR0000010 from USAspending (award-level obligation).,detention-operations,Verified,Detention Operations
2024-12-20,"THE GEO GROUP, INC. (CA)",118993306.26,detention-operations,Verified,https://api.usaspending.gov/api/v2/search/spending_by_award/,ICE contract award 70CDCR25FR0000009 from USAspending (award-level obligation).,detention-operations,Verified,Detention Operations
2024-12-19,MOVE & STORE LLC (AL),15217.0,it-services,Verified,https://api.usaspending.gov/api/v2/search/spending_by_award/,ICE contract award 70CMSW25P00000003 from USAspending (award-level obligation).,it-services,Partial,Unknown / multi-site
2024-12-19,PRICE MODERN LLC (IL),152763.51,operations-support,Verified,https://api.usaspending.gov/api/v2/search/spending_by_award/,ICE contract award 70CMSW25FC0000005 from USAspending (award-level obligation).,operations-support,Partial,Unknown / multi-site
2024-12-17,"DKAT GENERAL SERVICES, LLC (AL)",27893.0,operations-support,Verified,https://api.usaspending.gov/api/v2/search/spending_by_award/,ICE contract award 70CMSW25P00000004 from USAspending (award-level obligation).,operations-support,Partial,Unknown / multi-site
2024-12-17,"PRIME MASONRY, LLC (TX)",137864.9,operations-support,Verified,https://api.usaspending.gov/api/v2/search/spending_by_award/,ICE contract award 70CMSW25C00000001 from USAspending (award-level obligation).,operations-support,Partial,Unknown / multi-site
2024-12-01,AKIMA INFRASTRUCTURE PROTECTION LLC (TX),46591373.63,detention-operations,Verified,https://api.usaspending.gov/api/v2/search/spending_by_award/,ICE contract award 70CDCR25FR0000006 from USAspending (award-level obligation).,detention-operations,Verified,Detention Operations
2024-11-27,PRICE MODERN LLC (MD),819251.86,it-services,Verified,https://api.usaspending.gov/api/v2/search/spending_by_award/,ICE contract award 70CMSW25FC0000003 from USAspending (award-level obligation).,it-services,Partial,Unknown / multi-site
2024-11-25,PRICE MODERN LLC (MD),4836.0,it-services,Verified,https://api.usaspending.gov/api/v2/search/spending_by_award/,ICE contract award 70CMSW25FC0000002 from USAspending (award-level obligation).,it-services,Partial,Unknown / multi-site
2024-11-22,REALLY RIGHT STUFF LLC (GA),17550.0,operations-support,Verified,https://api.usaspending.gov/api/v2/search/spending_by_award/,ICE contract award 70CMSW25P00000002 from USAspending (award-level obligation).,operations-support,Partial,Unknown / multi-site
2024-11-21,PRICE MODERN LLC (MD),318806.54,it-services,Verified,https://api.usaspending.gov/api/v2/search/spending_by_award/,ICE contract award 70CMSW25FC0000001 from USAspending (award-level obligation).,it-services,Partial,Unknown / multi-site
2024-11-21,"FCN, INC. (MD)",225912.0,operations-support,Verified,https://api.usaspending.gov/api/v2/search/spending_by_award/,ICE contract award 70CMSD25FC0000002 from USAspending (award-level obligation).,operations-support,Partial,Unknown / multi-site
2024-11-12,SUPERIOR REPORTING SERVICES LLC (TX),525.0,operations-support,Verified,https://api.usaspending.gov/api/v2/search/spending_by_award/,ICE contract award 70CDCR25P00000002 from USAspending (award-level obligation).,operations-support,Partial,Unknown / multi-site
2024-11-06,ECONOMY CAR RENTALS LLC (MO),8380.0,operations-support,Verified,https://api.usaspending.gov/api/v2/search/spending_by_award/,ICE contract award 70CMSW25P00000001 from USAspending (award-level obligation).,operations-support,Partial,Unknown / multi-site
2024-11-01,"CHESAPEAKE SYSTEMS INTERNATIONAL, LLC (DC)",11866.0,operations-support,Verified,https://api.usaspending.gov/api/v2/search/spending_by_award/,ICE contract award 70CTD025P00000001 from USAspending (award-level obligation).,operations-support,Partial,Unknown / multi-site
2024-11-01,"GOVPLACE, LLC (AZ)",25142.55,operations-support,Verified,https://api.usaspending.gov/api/v2/search/spending_by_award/,ICE contract award 70CTD025FR0000002 from USAspending (award-level obligation).,operations-support,Partial,Unknown / multi-site
2024-11-01,BOOZ ALLEN HAMILTON INC (VA),1388166.63,it-services,Verified,https://api.usaspending.gov/api/v2/search/spending_by_award/,ICE contract award 70CMSD25FR0000001 from USAspending (award-level obligation).,it-services,Partial,Unknown / multi-site
2024-11-01,KHALIDA HUSSAIN (CA),125060.0,detention-operations,Verified,https://api.usaspending.gov/api/v2/search/spending_by_award/,ICE contract award 70CDCR25P00000001 from USAspending (award-level obligation).,detention-operations,Partial,Unknown / multi-site
2024-10-31,"SPECTRUM SECURITY SERVICES, INC. (CA)",21887000.0,detention-operations,Verified,https://api.usaspending.gov/api/v2/search/spending_by_award/,ICE contract award 70CDCR25FR0000003 from USAspending (award-level obligation).,detention-operations,Partial,Unknown / multi-site
2024-10-31,"SPECTRUM SECURITY SERVICES, INC. (CA)",8507000.0,detention-operations,Verified,https://api.usaspending.gov/api/v2/search/spending_by_award/,ICE contract award 70CDCR25FR0000002 from USAspending (award-level obligation).,detention-operations,Partial,Unknown / multi-site
2024-10-28,"THE GEO GROUP, INC. (WA)",96316114.5,detention-operations,Verified,https://api.usaspending.gov/api/v2/search/spending_by_award/,ICE contract award 70CDCR25FR0000004 from USAspending (award-level obligation).,air-transport,Verified,ICE Air / Removal Operations
2024-10-16,"THE GEO GROUP, INC. (FL)",61788777.22,detention-operations,Verified,https://api.usaspending.gov/api/v2/search/spending_by_award/,ICE contract award 70CDCR25FR0000005 from USAspending (award-level obligation).,air-transport,Verified,ICE Air / Removal Operations
2024-10-08,PROFESSIONAL LOGISTICS SERVICES INC. (FL),837852.0,operations-support,Verified,https://api.usaspending.gov/api/v2/search/spending_by_award/,ICE contract award 70CMSD25P00000001 from USAspending (award-level obligation).,operations-support,Partial,Unknown / multi-site
2024-10-08,"GOLDEN KEY GROUP, LLC (VA)",14777.5,operations-support,Verified,https://api.usaspending.gov/api/v2/search/spending_by_award/,ICE contract award 70CMSD25FC0000001 from USAspending (award-level obligation).,operations-support,Partial,Unknown / multi-site
2024-10-01,PRICE MODERN LLC (VA),226549.99,it-services,Verified,https://api.usaspending.gov/api/v2/search/spending_by_award/,ICE contract award 70CMSW24FC0000085 from USAspending (award-level obligation).,it-services,Partial,Unknown / multi-site
2024-10-01,"MOI, INC. (VA)",255276.81,it-services,Verified,https://api.usaspending.gov/api/v2/search/spending_by_award/,ICE contract award 70CMSW24FC0000072 from USAspending (award-level obligation).,it-services,Partial,Unknown / multi-site
2024-10-01,"SNAP, INC (VA)",87394.74,operations-support,Verified,https://api.usaspending.gov/api/v2/search/spending_by_award/,ICE contract award 70CMSD24FR0000098 from USAspending (award-level obligation).,operations-support,Partial,Unknown / multi-site
2024-09-30,CAUDENA CORP (NY),156000.0,it-services,Verified,https://api.usaspending.gov/api/v2/search/spending_by_award/,ICE contract award 70CTD024P00000015 from USAspending (award-level obligation).,it-services,Partial,Unknown / multi-site
2024-09-30,PARAGON SOLUTIONS (US) INC (DC),2000000.0,operations-support,Verified,https://api.usaspending.gov/api/v2/search/spending_by_award/,ICE contract award 70CTD024P00000012 from USAspending (award-level obligation).,operations-support,Partial,Unknown / multi-site
2024-09-30,"SCREENFEED, INC (DC)",12996.0,it-services,Verified,https://api.usaspending.gov/api/v2/search/spending_by_award/,ICE contract award 70CTD024P00000010 from USAspending (award-level obligation).,it-services,Partial,Unknown / multi-site
2024-09-30,"WILDFLOWER INTERNATIONAL, LTD. (VA)",85558.71,operations-support,Verified,https://api.usaspending.gov/api/v2/search/spending_by_award/,ICE contract award 70CTD024FR0000097 from USAspending (award-level obligation).,operations-support,Partial,Unknown / multi-site
2024-09-30,"ANACAPA MICRO PRODUCTS, INC. (CA)",3927151.99,it-services,Verified,https://api.usaspending.gov/api/v2/search/spending_by_award/,ICE contract award 70CTD024FR0000096 from USAspending (award-level obligation).,it-services,Partial,Unknown / multi-site
2024-09-30,"C & C INTERNATIONAL COMPUTERS & CONSULTANTS, INC. (VA)",26396.0,it-services,Verified,https://api.usaspending.gov/api/v2/search/spending_by_award/,ICE contract award 70CTD024FR0000095 from USAspending (award-level obligation).,it-services,Partial,Unknown / multi-site
2024-09-30,"PROCENTRIX, LLC (DC)",2028266.31,it-services,Verified,https://api.usaspending.gov/api/v2/search/spending_by_award/,ICE contract award 70CTD024FR0000094 from USAspending (award-level obligation).,it-services,Partial,Unknown / multi-site
2024-09-30,BLUE TECH INC. (DC),827949.83,it-services,Verified,https://api.usaspending.gov/api/v2/search/spending_by_award/,ICE contract award 70CTD024FR0000093 from USAspending (award-level obligation).,it-services,Partial,Unknown / multi-site
2024-09-30,"C & C INTERNATIONAL COMPUTERS & CONSULTANTS, INC. (LA)",98171.0,it-services,Verified,https://api.usaspending.gov/api/v2/search/spending_by_award/,ICE contract award 70CTD024FR0000087 from USAspending (award-level obligation).,it-services,Partial,Unknown / multi-site
2024-09-30,BLUE TECH INC. (DE),112486.7,it-services,Verified,https://api.usaspending.gov/api/v2/search/spending_by_award/,ICE contract award 70CTD024FR0000086 from USAspending (award-level obligation).,it-services,Partial,Unknown / multi-site
2024-09-30,BLUE TECH INC. (DC),1434960.0,operations-support,Verified,https://api.usaspending.gov/api/v2/search/spending_by_award/,ICE contract award 70CTD024FR0000084 from USAspending (award-level obligation).,operations-support,Partial,Unknown / multi-site
2024-09-30,"C & C INTERNATIONAL COMPUTERS & CONSULTANTS, INC. (MA)",52678.37,it-services,Verified,https://api.usaspending.gov/api/v2/search/spending_by_award/,ICE contract award 70CTD024FR0000082 from USAspending (award-level obligation).,it-services,Partial,Unknown / multi-site
2024-09-30,AKIRA TECHNOLOGIES INC. (TX),36946.16,it-services,Verified,https://api.usaspending.gov/api/v2/search/spending_by_award/,ICE contract award 70CTD024FR0000074 from USAspending (award-level obligation).,it-services,Partial,Unknown / multi-site
2024-09-30,INDEV LLC (DC),222257.59,it-services,Verified,https://api.usaspending.gov/api/v2/search/spending_by_award/,ICE contract award 70CTD024FR0000073 from USAspending (award-level obligation).,it-services,Partial,Unknown / multi-site
2024-09-30,GREENBRIER GOVERNMENT SOLUTIONS INC (WV),10093407.23,operations-support,Verified,https://api.usaspending.gov/api/v2/search/spending_by_award/,ICE contract award 70CTD024FR0000071 from USAspending (award-level obligation).,operations-support,Partial,Unknown / multi-site
2024-09-30,DEV TECHNOLOGY GROUP INC (DC),11290728.0,it-services,Verified,https://api.usaspending.gov/api/v2/search/spending_by_award/,ICE contract award 70CTD024FR0000063 from USAspending (award-level obligation).,it-services,Partial,Unknown / multi-site
2024-09-30,"FCN, INC. (MD)",3086908.99,it-services,Verified,https://api.usaspending.gov/api/v2/search/spending_by_award/,ICE contract award 70CTD024FC0000034 from USAspending (award-level obligation).,it-services,Partial,Unknown / multi-site
2024-09-30,"FCN, INC. (MD)",3000459.95,it-services,Verified,https://api.usaspending.gov/api/v2/search/spending_by_award/,ICE contract award 70CTD024FC0000033 from USAspending (award-level obligation).,it-services,Partial,Unknown / multi-site
2024-09-30,"INTEGRITYONE PARTNERS, INC. (VA)",3986205.62,operations-support,Verified,https://api.usaspending.gov/api/v2/search/spending_by_award/,ICE contract award 70CTD024FC0000029 from USAspending (award-level obligation).,operations-support,Partial,Unknown / multi-site
2024-09-30,"APPLIED RESEARCH ASSOCIATES, INC. (NM)",1502524.06,operations-support,Verified,https://api.usaspending.gov/api/v2/search/spending_by_award/,ICE contract award 70CTD024C00000003 from USAspending (award-level obligation).,operations-support,Partial,Unknown / multi-site
2024-09-30,"STRATEGIC OPERATIONS, INC. (CA)",974648.28,operations-support,Verified,https://api.usaspending.gov/api/v2/search/spending_by_award/,ICE contract award 70CMSW24P00000040 from USAspending (award-level obligation).,operations-support,Partial,Unknown / multi-site
2024-09-30,"GLOBAL ENTERPRISE, INC (TX)",41829.0,it-services,Verified,https://api.usaspending.gov/api/v2/search/spending_by_award/,ICE contract award 70CMSW24FR0000151 from USAspending (award-level obligation).,it-services,Partial,Unknown / multi-site
2024-09-30,AARDVARK (CA),332850.96,it-services,Verified,https://api.usaspending.gov/api/v2/search/spending_by_award/,ICE contract award 70CMSW24FR0000146 from USAspending (award-level obligation).,it-services,Partial,Unknown / multi-site
2024-09-30,"FCN, INC. (DC)",21568.1,operations-support,Verified,https://api.usaspending.gov/api/v2/search/spending_by_award/,ICE contract award 70CMSW24FR0000120 from USAspending (award-level obligation).,operations-support,Partial,Unknown / multi-site
2024-09-30,"HAMILTON ENTERPRISES, LLC (DC)",5672482.96,operations-support,Verified,https://api.usaspending.gov/api/v2/search/spending_by_award/,ICE contract award 70CMSW24FR0000114 from USAspending (award-level obligation).,operations-support,Partial,Unknown / multi-site
2024-09-30,PRICE MODERN LLC (AL),40125.0,it-services,Verified,https://api.usaspending.gov/api/v2/search/spending_by_award/,ICE contract award 70CMSW24FC0000119 from USAspending (award-level obligation).,it-services,Partial,Unknown / multi-site
2024-09-30,PRICE MODERN LLC (CO),6000.0,it-services,Verified,https://api.usaspending.gov/api/v2/search/spending_by_award/,ICE contract award 70CMSW24FC0000117 from USAspending (award-level obligation).,it-services,Partial,Unknown / multi-site
2024-09-30,CITY OF KANSAS CITY (MO),42002.4,operations-support,Verified,https://api.usaspending.gov/api/v2/search/spending_by_award/,ICE contract award 70CMSD24P00000173 from USAspending (award-level obligation).,operations-support,Partial,Unknown / multi-site
2024-09-30,BERLA CORPORATION (VA),669360.0,operations-support,Verified,https://api.usaspending.gov/api/v2/search/spending_by_award/,ICE contract award 70CMSD24P00000161 from USAspending (award-level obligation).,operations-support,Partial,Unknown / multi-site
2024-09-30,INTEGRAL BLUE LLC (MI),5253.68,operations-support,Verified,https://api.usaspending.gov/api/v2/search/spending_by_award/,ICE contract award 70CMSD24P00000159 from USAspending (award-level obligation).,operations-support,Partial,Unknown / multi-site
2024-09-30,"BMT CONSULTING, INC. (PA)",32445.0,operations-support,Verified,https://api.usaspending.gov/api/v2/search/spending_by_award/,ICE contract award 70CMSD24P00000158 from USAspending (award-level obligation).,operations-support,Partial,Unknown / multi-site
2024-09-30,OXYGEN FORENSICS INC (VA),126913.6,operations-support,Verified,https://api.usaspending.gov/api/v2/search/spending_by_award/,ICE contract award 70CMSD24P00000157 from USAspending (award-level obligation).,operations-support,Partial,Unknown / multi-site
2024-09-30,PHAETON SOLUTIONS LLC (VA),330710.9,operations-support,Verified,https://api.usaspending.gov/api/v2/search/spending_by_award/,ICE contract award 70CMSD24P00000152 from USAspending (award-level obligation).,operations-support,Partial,Unknown / multi-site
2024-09-30,"MAGNET FORENSICS, LLC (MI)",168650.0,operations-support,Verified,https://api.usaspending.gov/api/v2/search/spending_by_award/,ICE contract award 70CMSD24P00000151 from USAspending (award-level obligation).,operations-support,Partial,Unknown / multi-site
2024-09-30,ELLIPTIC INC (MI),18000.0,operations-support,Verified,https://api.usaspending.gov/api/v2/search/spending_by_award/,ICE contract award 70CMSD24P00000147 from USAspending (award-level obligation).,operations-support,Partial,Unknown / multi-site
2024-09-30,"SHAIDER-TECH, LLC (VA)",180000.0,operations-support,Verified,https://api.usaspending.gov/api/v2/search/spending_by_award/,ICE contract award 70CMSD24P00000146 from USAspending (award-level obligation).,operations-support,Partial,Unknown / multi-site
2024-09-30,PARSONS GOVERNMENT SERVICES INC. (VA),99295.4,it-services,Verified,https://api.usaspending.gov/api/v2/search/spending_by_award/,ICE contract award 70CMSD24P00000142 from USAspending (award-level obligation).,it-services,Partial,Unknown / multi-site
2024-09-30,MANAGER TOOLS LLC (DC),20000.0,operations-support,Verified,https://api.usaspending.gov/api/v2/search/spending_by_award/,ICE contract award 70CMSD24P00000134 from USAspending (award-level obligation).,operations-support,Partial,Unknown / multi-site
2024-09-30,PATHFINDER LABS LIMITED (VA),532120.0,operations-support,Verified,https://api.usaspending.gov/api/v2/search/spending_by_award/,ICE contract award 70CMSD24P00000130 from USAspending (award-level obligation).,operations-support,Partial,Unknown / multi-site
2024-09-30,INCA DIGITAL FEDERAL LLC (VA),365400.0,it-services,Verified,https://api.usaspending.gov/api/v2/search/spending_by_award/,ICE contract award 70CMSD24P00000129 from USAspending (award-level obligation).,it-services,Partial,Unknown / multi-site
2024-09-30,ALTANA TECHNOLOGIES USG INC (DC),1600000.0,operations-support,Verified,https://api.usaspending.gov/api/v2/search/spending_by_award/,ICE contract award 70CMSD24P00000121 from USAspending (award-level obligation).,operations-support,Partial,Unknown / multi-site
2024-09-30,"IPQUALITYSCORE, LLC (VA)",98675.0,it-services,Verified,https://api.usaspending.gov/api/v2/search/spending_by_award/,ICE contract award 70CMSD24P00000120 from USAspending (award-level obligation).,it-services,Partial,Unknown / multi-site
2024-09-30,"VOUND COLORADO, LTD. (AZ)",15910.0,operations-support,Verified,https://api.usaspending.gov/api/v2/search/spending_by_award/,ICE contract award 70CMSD24P00000116 from USAspending (award-level obligation).,operations-support,Partial,Unknown / multi-site
2024-09-30,"ADVANCED BUSINESS SOFTWARE CONSULTING, LLC (DC)",117300.0,it-services,Verified,https://api.usaspending.gov/api/v2/search/spending_by_award/,ICE contract award 70CMSD24P00000112 from USAspending (award-level obligation).,it-services,Partial,Unknown / multi-site
2024-09-30,"MAGNET FORENSICS, LLC (VA)",2950718.0,operations-support,Verified,https://api.usaspending.gov/api/v2/search/spending_by_award/,ICE contract award 70CMSD24P00000110 from USAspending (award-level obligation).,operations-support,Partial,Unknown / multi-site
2024-09-30,CRYPTO ASSET TECHNOLOGY LABS INC (FL),89700.0,it-services,Verified,https://api.usaspending.gov/api/v2/search/spending_by_award/,ICE contract award 70CMSD24P00000106 from USAspending (award-level obligation).,it-services,Partial,Unknown / multi-site
2024-09-30,5150 LABS LLC (VA),1743225.0,operations-support,Verified,https://api.usaspending.gov/api/v2/search/spending_by_award/,ICE contract award 70CMSD24P00000098 from USAspending (award-level obligation).,operations-support,Partial,Unknown / multi-site
2024-09-30,"HOMELAND SECURITY AND MANAGEMENT SOLUTIONS, INC. (MA)",45328.59,operations-support,Verified,https://api.usaspending.gov/api/v2/search/spending_by_award/,ICE contract award 70CMSD24P00000092 from USAspending (award-level obligation).,operations-support,Partial,Unknown / multi-site
2024-09-30,"WILLIAM S. HEIN & CO., INC. (TX)",13288.5,operations-support,Verified,https://api.usaspending.gov/api/v2/search/spending_by_award/,ICE contract award 70CMSD24P00000089 from USAspending (award-level obligation).,operations-support,Partial,Unknown / multi-site
2024-09-30,SWARM TECHNOLOGIES INC (VA),495000.0,operations-support,Verified,https://api.usaspending.gov/api/v2/search/spending_by_award/,ICE contract award 70CMSD24P00000077 from USAspending (award-level obligation).,operations-support,Partial,Unknown / multi-site
2024-09-30,"HOMELAND SECURITY AND MANAGEMENT SOLUTIONS, INC. (MN)",34964.16,operations-support,Verified,https://api.usaspending.gov/api/v2/search/spending_by_award/,ICE contract award 70CMSD24P00000062 from USAspending (award-level obligation).,operations-support,Partial,Unknown / multi-site
2024-09-30,"CHAINALYSIS GOVERNMENT SOLUTIONS, LLC (VA)",20457.42,operations-support,Verified,https://api.usaspending.gov/api/v2/search/spending_by_award/,ICE contract award 70CMSD24FR0000199 from USAspending (award-level obligation).,operations-support,Partial,Unknown / multi-site
2024-09-30,"ENTERPRISE TECHNOLOGY SOLUTIONS, INC. (DC)",1486175.03,operations-support,Verified,https://api.usaspending.gov/api/v2/search/spending_by_award/,ICE contract award 70CMSD24FR0000193 from USAspending (award-level obligation).,operations-support,Partial,Unknown / multi-site
2024-09-30,THE MITRE CORPORATION (VA),941993.0,it-services,Verified,https://api.usaspending.gov/api/v2/search/spending_by_award/,ICE contract award 70CMSD24FR0000192 from USAspending (award-level obligation).,it-services,Partial,Unknown / multi-site
2024-09-30,TRIBALCO LLC (MD),1249898.53,operations-support,Verified,https://api.usaspending.gov/api/v2/search/spending_by_award/,ICE contract award 70CMSD24FR0000191 from USAspending (award-level obligation).,operations-support,Partial,Unknown / multi-site
2024-09-30,"GOVPLACE, LLC (VA)",63724.45,operations-support,Verified,https://api.usaspending.gov/api/v2/search/spending_by_award/,ICE contract award 70CMSD24FR0000185 from USAspending (award-level obligation).,operations-support,Partial,Unknown / multi-site
2024-09-30,THE RAND CORPORATION (DC),486999.05,it-services,Verified,https://api.usaspending.gov/api/v2/search/spending_by_award/,ICE contract award 70CMSD24FR0000184 from USAspending (award-level obligation).,it-services,Partial,Unknown / multi-site
2024-09-30,"GOVPLACE, LLC (VA)",19310.9,operations-support,Verified,https://api.usaspending.gov/api/v2/search/spending_by_award/,ICE contract award 70CMSD24FR0000183 from USAspending (award-level obligation).,operations-support,Partial,Unknown / multi-site
2024-09-30,"THUNDERCAT TECHNOLOGY, LLC (DC)",1210812.0,operations-support,Verified,https://api.usaspending.gov/api/v2/search/spending_by_award/,ICE contract award 70CMSD24FR0000182 from USAspending (award-level obligation).,operations-support,Partial,Unknown / multi-site
2024-09-30,"PANAMERICA COMPUTERS, INC. (VA)",964720.82,operations-support,Verified,https://api.usaspending.gov/api/v2/search/spending_by_award/,ICE contract award 70CMSD24FR0000180 from USAspending (award-level obligation).,operations-support,Partial,Unknown / multi-site
2024-09-30,"IMPRES TECHNOLOGY SOLUTIONS, INC (VA)",424422.45,operations-support,Verified,https://api.usaspending.gov/api/v2/search/spending_by_award/,ICE contract award 70CMSD24FR0000173 from USAspending (award-level obligation).,operations-support,Partial,Unknown / multi-site
2024-09-30,"FCN, INC. (VA)",174948.25,it-services,Verified,https://api.usaspending.gov/api/v2/search/spending_by_award/,ICE contract award 70CMSD24FR0000170 from USAspending (award-level obligation).,it-services,Partial,Unknown / multi-site
2024-09-30,"FCN, INC. (VA)",259835.71,operations-support,Verified,https://api.usaspending.gov/api/v2/search/spending_by_award/,ICE contract award 70CMSD24FR0000167 from USAspending (award-level obligation).,operations-support,Partial,Unknown / multi-site
2024-09-30,"R3 GOVERNMENT SOLUTIONS, LLC (VA)",2357172.79,it-services,Verified,https://api.usaspending.gov/api/v2/search/spending_by_award/,ICE contract award 70CMSD24FR0000164 from USAspending (award-level obligation).,it-services,Partial,Unknown / multi-site
2024-09-30,DELOITTE CONSULTING LLP (VA),18112547.21,operations-support,Verified,https://api.usaspending.gov/api/v2/search/spending_by_award/,ICE contract award 70CMSD24FR0000159 from USAspending (award-level obligation).,operations-support,Partial,Unknown / multi-site
2024-09-30,"INTEGRATED SECURITY TECHNOLOGIES, INC (VA)",3443663.64,operations-support,Verified,https://api.usaspending.gov/api/v2/search/spending_by_award/,ICE contract award 70CMSD24FR0000153 from USAspending (award-level obligation).,operations-support,Partial,Unknown / multi-site
2024-09-30,"TECHOPS SPECIALTY VEHICLES, LLC (MD)",389130.49,operations-support,Verified,https://api.usaspending.gov/api/v2/search/spending_by_award/,ICE contract award 70CMSD24FR0000151 from USAspending (award-level obligation).,operations-support,Partial,Unknown / multi-site
2024-09-30,"PANAMERICA COMPUTERS, INC. (VA)",123809.7,operations-support,Verified,https://api.usaspending.gov/api/v2/search/spending_by_award/,ICE contract award 70CMSD24FR0000149 from USAspending (award-level obligation).,operations-support,Partial,Unknown / multi-site
2024-09-30,"FCN, INC. (VA)",23526.48,operations-support,Verified,https://api.usaspending.gov/api/v2/search/spending_by_award/,ICE contract award 70CMSD24FR0000148 from USAspending (award-level obligation).,operations-support,Partial,Unknown / multi-site
2024-09-30,"ABM FEDERAL SALES, INC. (LA)",68043.9,operations-support,Verified,https://api.usaspending.gov/api/v2/search/spending_by_award/,ICE contract award 70CMSD24FR0000146 from USAspending (award-level obligation).,operations-support,Partial,Unknown / multi-site
2024-09-30,"FCN, INC. (VA)",42488.12,operations-support,Verified,https://api.usaspending.gov/api/v2/search/spending_by_award/,ICE contract award 70CMSD24FR0000143 from USAspending (award-level obligation).,operations-support,Partial,Unknown / multi-site
2024-09-30,CELLEBRITE INC (VA),9598698.5,operations-support,Verified,https://api.usaspending.gov/api/v2/search/spending_by_award/,ICE contract award 70CMSD24FR0000139 from USAspending (award-level obligation).,operations-support,Partial,Unknown / multi-site
2024-09-30,"ANACAPA MICRO PRODUCTS, INC. (VA)",1859800.0,operations-support,Verified,https://api.usaspending.gov/api/v2/search/spending_by_award/,ICE contract award 70CMSD24FR0000136 from USAspending (award-level obligation).,operations-support,Partial,Unknown / multi-site
2024-09-30,"SNAP, INC (VA)",139199.8,operations-support,Verified,https://api.usaspending.gov/api/v2/search/spending_by_award/,ICE contract award 70CMSD24FR0000132 from USAspending (award-level obligation).,operations-support,Partial,Unknown / multi-site
2024-09-30,"FCN, INC. (TX)",72513.22,operations-support,Verified,https://api.usaspending.gov/api/v2/search/spending_by_award/,ICE contract award 70CMSD24FR0000124 from USAspending (award-level obligation).,operations-support,Partial,Unknown / multi-site
2024-09-30,BLUE TECH INC. (CA),48480.0,operations-support,Verified,https://api.usaspending.gov/api/v2/search/spending_by_award/,ICE contract award 70CMSD24FR0000120 from USAspending (award-level obligation).,operations-support,Partial,Unknown / multi-site
2024-09-30,"IMPRES TECHNOLOGY SOLUTIONS, INC (TX)",95730.64,operations-support,Verified,https://api.usaspending.gov/api/v2/search/spending_by_award/,ICE contract award 70CMSD24FR0000118 from USAspending (award-level obligation).,operations-support,Partial,Unknown / multi-site
2024-09-30,"FS PARTNERS, LLP (VA)",77230.0,operations-support,Verified,https://api.usaspending.gov/api/v2/search/spending_by_award/,ICE contract award 70CMSD24FR0000117 from USAspending (award-level obligation).,operations-support,Partial,Unknown / multi-site
2024-09-30,"TECHOPS SPECIALTY VEHICLES, LLC (MD)",1644129.63,it-services,Verified,https://api.usaspending.gov/api/v2/search/spending_by_award/,ICE contract award 70CMSD24FR0000115 from USAspending (award-level obligation).,it-services,Partial,Unknown / multi-site
2024-09-30,AKIRA TECHNOLOGIES INC. (VA),52367.0,operations-support,Verified,https://api.usaspending.gov/api/v2/search/spending_by_award/,ICE contract award 70CMSD24FR0000113 from USAspending (award-level obligation).,operations-support,Partial,Unknown / multi-site
2024-09-30,CARAHSOFT TECHNOLOGY CORP (VA),32189.41,operations-support,Verified,https://api.usaspending.gov/api/v2/search/spending_by_award/,ICE contract award 70CMSD24FR0000109 from USAspending (award-level obligation).,operations-support,Partial,Unknown / multi-site
2024-09-30,"SNAP, INC (VA)",30749.25,operations-support,Verified,https://api.usaspending.gov/api/v2/search/spending_by_award/,ICE contract award 70CMSD24FR0000094 from USAspending (award-level obligation).,operations-support,Partial,Unknown / multi-site
2024-09-30,"FS PARTNERS, LLP (VA)",130051.38,operations-support,Verified,https://api.usaspending.gov/api/v2/search/spending_by_award/,ICE contract award 70CMSD24FR0000091 from USAspending (award-level obligation).,operations-support,Partial,Unknown / multi-site
2024-09-30,"SNAP, INC (VA)",291221.8,operations-support,Verified,https://api.usaspending.gov/api/v2/search/spending_by_award/,ICE contract award 70CMSD24FR0000090 from USAspending (award-level obligation).,operations-support,Partial,Unknown / multi-site
2024-09-30,"THUNDERCAT TECHNOLOGY, LLC (VA)",644930.0,operations-support,Verified,https://api.usaspending.gov/api/v2/search/spending_by_award/,ICE contract award 70CMSD24FR0000086 from USAspending (award-level obligation).,operations-support,Partial,Unknown / multi-site
2024-09-30,JTF BUSINESS SYSTEMS CORPORATION (VA),25920.0,operations-support,Verified,https://api.usaspending.gov/api/v2/search/spending_by_award/,ICE contract award 70CMSD24FC0000041 from USAspending (award-level obligation).,operations-support,Partial,Unknown / multi-site
2024-09-30,JTF BUSINESS SYSTEMS CORPORATION (TX),29900.0,operations-support,Verified,https://api.usaspending.gov/api/v2/search/spending_by_award/,ICE contract award 70CMSD24FC0000040 from USAspending (award-level obligation).,operations-support,Partial,Unknown / multi-site
2024-09-30,"ABM FEDERAL SALES, INC. (MO)",23950.08,operations-support,Verified,https://api.usaspending.gov/api/v2/search/spending_by_award/,ICE contract award 70CMSD24FC0000036 from USAspending (award-level obligation).,operations-support,Partial,Unknown / multi-site
2024-09-30,JTF BUSINESS SYSTEMS CORPORATION (VA),10224.0,operations-support,Verified,https://api.usaspending.gov/api/v2/search/spending_by_award/,ICE contract award 70CMSD24FC0000034 from USAspending (award-level obligation).,operations-support,Partial,Unknown / multi-site
2024-09-30,"OMNI BUSINESS SYSTEMS, INC (VA)",47568.72,operations-support,Verified,https://api.usaspending.gov/api/v2/search/spending_by_award/,ICE contract award 70CMSD24FC0000033 from USAspending (award-level obligation).,operations-support,Partial,Unknown / multi-site
2024-09-30,"TSC MANAGEMENT, LLC (VA)",1455745.67,operations-support,Verified,https://api.usaspending.gov/api/v2/search/spending_by_award/,ICE contract award 70CMSD24C00000006 from USAspending (award-level obligation).,operations-support,Partial,Unknown / multi-site
2024-09-30,SUMMOME NATIVE VENTURES LLC (DC),1968614.4,operations-support,Verified,https://api.usaspending.gov/api/v2/search/spending_by_award/,ICE contract award 70CMSD24C00000005 from USAspending (award-level obligation).,operations-support,Partial,Unknown / multi-site
2024-09-30,"DENTRUST DENTAL INTERNATIONAL, INC. (TX)",6830012.0,medical-services,Verified,https://api.usaspending.gov/api/v2/search/spending_by_award/,ICE contract award 70CMSD24C00000001 from USAspending (award-level obligation).,medical-services,Partial,Unknown / multi-site
2024-09-30,"TORO DEFENSE CONTRACTING, LLC (TX)",20500.0,it-services,Verified,https://api.usaspending.gov/api/v2/search/spending_by_award/,ICE contract award 70CDCR24P00000030 from USAspending (award-level obligation).,it-services,Partial,Unknown / multi-site
2024-09-30,CGI FEDERAL INC. (CA),19831.0,operations-support,Verified,https://api.usaspending.gov/api/v2/search/spending_by_award/,ICE contract award 70CDCR24P00000029 from USAspending (award-level obligation).,operations-support,Partial,Unknown / multi-site
2024-09-30,"COLT SERVICES, INC (CA)",7768.7,operations-support,Verified,https://api.usaspending.gov/api/v2/search/spending_by_award/,ICE contract award 70CDCR24P00000028 from USAspending (award-level obligation).,operations-support,Partial,Unknown / multi-site
2024-09-30,"AKIMA GLOBAL SERVICES, LLC (AZ)",37409835.0,detention-operations,Verified,https://api.usaspending.gov/api/v2/search/spending_by_award/,ICE contract award 70CDCR24FR0000065 from USAspending (award-level obligation).,detention-operations,Verified,Detention Operations
2024-09-30,COMMIT ENTERPRISES INC (DC),4292105.42,medical-services,Verified,https://api.usaspending.gov/api/v2/search/spending_by_award/,ICE contract award 70CDCR24FR0000060 from USAspending (award-level obligation).,medical-services,Partial,Unknown / multi-site
2024-09-30,PARAGON PROFESSIONAL SERVICES LLC (AK),71571580.9,detention-operations,Verified,https://api.usaspending.gov/api/v2/search/spending_by_award/,ICE contract award 70CDCR24FR0000040 from USAspending (award-level obligation).,detention-operations,Verified,Detention Operations
2024-09-30,AKIMA INFRASTRUCTURE PROTECTION LLC (MN),836492.8,operations-support,Verified,https://api.usaspending.gov/api/v2/search/spending_by_award/,ICE contract award 70CDCR24FG0000001 from USAspending (award-level obligation).,operations-support,Partial,Unknown / multi-site
2024-09-30,LABORATORY CORPORATION OF AMERICA (NC),3377163.48,medical-services,Verified,https://api.usaspending.gov/api/v2/search/spending_by_award/,ICE contract award 70CDCR24FC0000009 from USAspending (award-level obligation).,medical-services,Partial,Unknown / multi-site
2024-09-29,"ANACAPA MICRO PRODUCTS, INC. (DC)",3181372.72,operations-support,Verified,https://api.usaspending.gov/api/v2/search/spending_by_award/,ICE contract award 70CTD024FR0000070 from USAspending (award-level obligation).,operations-support,Partial,Unknown / multi-site
2024-09-29,"FCN, INC. (DC)",3979796.84,it-services,Verified,https://api.usaspending.gov/api/v2/search/spending_by_award/,ICE contract award 70CTD024FC0000032 from USAspending (award-level obligation).,it-services,Partial,Unknown / multi-site
2024-09-29,CUSTOM COURIER INC (VT),11880.0,operations-support,Verified,https://api.usaspending.gov/api/v2/search/spending_by_award/,ICE contract award 70CMSW24P00000033 from USAspending (award-level obligation).,operations-support,Partial,Unknown / multi-site
2024-09-29,CORP TEN INTERNATIONAL (VA),3338826.04,it-services,Verified,https://api.usaspending.gov/api/v2/search/spending_by_award/,ICE contract award 70CMSD24P00000140 from USAspending (award-level obligation).,it-services,Partial,Unknown / multi-site
2024-09-29,"ATLANTIC DIVING SUPPLY, INC. (DC)",90000.0,operations-support,Verified,https://api.usaspending.gov/api/v2/search/spending_by_award/,ICE contract award 70CMSD24FR0000198 from USAspending (award-level obligation).,operations-support,Partial,Unknown / multi-site
2024-09-29,"THUNDERCAT TECHNOLOGY, LLC (VA)",366910.95,operations-support,Verified,https://api.usaspending.gov/api/v2/search/spending_by_award/,ICE contract award 70CMSD24FR0000171 from USAspending (award-level obligation).,operations-support,Partial,Unknown / multi-site
2024-09-29,"FOUR POINTS TECHNOLOGY, L.L.C. (DC)",125000.0,operations-support,Verified,https://api.usaspending.gov/api/v2/search/spending_by_award/,ICE contract award 70CMSD24FR0000169 from USAspending (award-level obligation).,operations-support,Partial,Unknown / multi-site
2024-09-29,"SNAP, INC (VA)",15524.85,it-services,Verified,https://api.usaspending.gov/api/v2/search/spending_by_award/,ICE contract award 70CMSD24FR0000152 from USAspending (award-level obligation).,it-services,Partial,Unknown / multi-site
2024-09-29,"HRWORX, LLC (DC)",151470.0,operations-support,Verified,https://api.usaspending.gov/api/v2/search/spending_by_award/,ICE contract award 70CMSD24FR0000141 from USAspending (award-level obligation).,operations-support,Partial,Unknown / multi-site
2024-09-29,THE MITRE CORPORATION (VA),4705602.0,air-transport,Verified,https://api.usaspending.gov/api/v2/search/spending_by_award/,ICE contract award 70CMSD24FR0000135 from USAspending (award-level obligation).,air-transport,Partial,Unknown / multi-site
2024-09-29,THE MITRE CORPORATION (VA),15909759.0,air-transport,Verified,https://api.usaspending.gov/api/v2/search/spending_by_award/,ICE contract award 70CMSD24FR0000114 from USAspending (award-level obligation).,air-transport,Partial,Unknown / multi-site
2024-09-29,PRADO FAMILY SHOOTING RANGE (TX),24000.0,operations-support,Verified,https://api.usaspending.gov/api/v2/search/spending_by_award/,ICE contract award 70CDCR24P00000023 from USAspending (award-level obligation).,operations-support,Partial,Unknown / multi-site
2024-09-28,NORSEMAN INC (AZ),9331518.98,operations-support,Verified,https://api.usaspending.gov/api/v2/search/spending_by_award/,ICE contract award 70CTD024FR0000075 from USAspending (award-level obligation).,operations-support,Partial,Unknown / multi-site
2024-09-28,"PANAMERICA COMPUTERS, INC. (DC)",199600.0,it-services,Verified,https://api.usaspending.gov/api/v2/search/spending_by_award/,ICE contract award 70CTD024FR0000069 from USAspending (award-level obligation).,it-services,Partial,Unknown / multi-site
2024-09-28,VELOCITY SYSTEMS LLC (DC),6159.17,operations-support,Verified,https://api.usaspending.gov/api/v2/search/spending_by_award/,ICE contract award 70CMSD24P00000176 from USAspending (award-level obligation).,operations-support,Partial,Unknown / multi-site
2024-09-28,"ICONECTIV, LLC (VA)",98600.0,operations-support,Verified,https://api.usaspending.gov/api/v2/search/spending_by_award/,ICE contract award 70CMSD24P00000135 from USAspending (award-level obligation).,operations-support,Partial,Unknown / multi-site
2024-09-28,"MAGNET FORENSICS, LLC (AL)",19200.0,operations-support,Verified,https://api.usaspending.gov/api/v2/search/spending_by_award/,ICE contract award 70CMSD24P00000123 from USAspending (award-level obligation).,operations-support,Partial,Unknown / multi-site
2024-09-28,"WOLFLAND, INC. (MD)",47757.6,operations-support,Verified,https://api.usaspending.gov/api/v2/search/spending_by_award/,ICE contract award 70CMSD24P00000100 from USAspending (award-level obligation).,operations-support,Partial,Unknown / multi-site
2024-09-28,LEADING TECHNOLOGY COMPOSITES INC (DC),30118.75,operations-support,Verified,https://api.usaspending.gov/api/v2/search/spending_by_award/,ICE contract award 70CMSD24FR0000197 from USAspending (award-level obligation).,operations-support,Partial,Unknown / multi-site
2024-09-28,"PANAMERICA COMPUTERS, INC. (VA)",4994508.86,operations-support,Verified,https://api.usaspending.gov/api/v2/search/spending_by_award/,ICE contract award 70CMSD24FR0000084 from USAspending (award-level obligation).,operations-support,Partial,Unknown / multi-site
2024-09-27,ARAYNA TECHNOLOGY SOLUTIONS LLC (TX),76696.0,it-services,Verified,https://api.usaspending.gov/api/v2/search/spending_by_award/,ICE contract award 70CTD024P00000014 from USAspending (award-level obligation).,it-services,Partial,Unknown / multi-site
2024-09-27,AKIRA TECHNOLOGIES INC. (MD),103430.41,operations-support,Verified,https://api.usaspending.gov/api/v2/search/spending_by_award/,ICE contract award 70CTD024FR0000092 from USAspending (award-level obligation).,operations-support,Partial,Unknown / multi-site
2024-09-27,AKIRA TECHNOLOGIES INC. (CA),12617.92,operations-support,Verified,https://api.usaspending.gov/api/v2/search/spending_by_award/,ICE contract award 70CTD024FR0000091 from USAspending (award-level obligation).,operations-support,Partial,Unknown / multi-site
2024-09-27,BLUE TECH INC. (DC),113508.49,it-services,Verified,https://api.usaspending.gov/api/v2/search/spending_by_award/,ICE contract award 70CTD024FR0000090 from USAspending (award-level obligation).,it-services,Partial,Unknown / multi-site
2024-09-27,BLUE TECH INC. (CA),78220.55,operations-support,Verified,https://api.usaspending.gov/api/v2/search/spending_by_award/,ICE contract award 70CTD024FR0000089 from USAspending (award-level obligation).,operations-support,Partial,Unknown / multi-site
2024-09-27,BLUE TECH INC. (DC),513779.74,it-services,Verified,https://api.usaspending.gov/api/v2/search/spending_by_award/,ICE contract award 70CTD024FR0000088 from USAspending (award-level obligation).,it-services,Partial,Unknown / multi-site
2024-09-27,OGIS COMMUNICATION GROUP INC (DC),121000.0,operations-support,Verified,https://api.usaspending.gov/api/v2/search/spending_by_award/,ICE contract award 70CTD024FR0000081 from USAspending (award-level obligation).,operations-support,Partial,Unknown / multi-site
2024-09-27,"C & C INTERNATIONAL COMPUTERS & CONSULTANTS, INC. (CA)",41246.35,it-services,Verified,https://api.usaspending.gov/api/v2/search/spending_by_award/,ICE contract award 70CTD024FR0000080 from USAspending (award-level obligation).,it-services,Partial,Unknown / multi-site
2024-09-27,AKIRA TECHNOLOGIES INC. (CA),46879.27,it-services,Verified,https://api.usaspending.gov/api/v2/search/spending_by_award/,ICE contract award 70CTD024FR0000079 from USAspending (award-level obligation).,it-services,Partial,Unknown / multi-site
2024-09-27,AKIRA TECHNOLOGIES INC. (VA),13003.73,it-services,Verified,https://api.usaspending.gov/api/v2/search/spending_by_award/,ICE contract award 70CTD024FR0000067 from USAspending (award-level obligation).,it-services,Partial,Unknown / multi-site
2024-09-27,TRIBALCO LLC (MD),1832364.92,operations-support,Verified,https://api.usaspending.gov/api/v2/search/spending_by_award/,ICE contract award 70CTD024FR0000064 from USAspending (award-level obligation).,operations-support,Partial,Unknown / multi-site
2024-09-27,"OPTIVOR TECHNOLOGIES, LLC (CA)",37742.26,operations-support,Verified,https://api.usaspending.gov/api/v2/search/spending_by_award/,ICE contract award 70CTD024FC0000031 from USAspending (award-level obligation).,operations-support,Partial,Unknown / multi-site
2024-09-27,"J & N TACTICAL, LLC (MN)",39165.0,it-services,Verified,https://api.usaspending.gov/api/v2/search/spending_by_award/,ICE contract award 70CMSW24P00000038 from USAspending (award-level obligation).,it-services,Partial,Unknown / multi-site
2024-09-27,UNISON VIRTUAL ACQUISITION OFFICE LLC (DC),59040.47,operations-support,Verified,https://api.usaspending.gov/api/v2/search/spending_by_award/,ICE contract award 70CMSW24P00000030 from USAspending (award-level obligation).,operations-support,Partial,Unknown / multi-site
2024-09-27,"AXON ENTERPRISE, INC. (GA)",178644.05,it-services,Verified,https://api.usaspending.gov/api/v2/search/spending_by_award/,ICE contract award 70CMSW24FR0000140 from USAspending (award-level obligation).,it-services,Partial,Unknown / multi-site
2024-09-27,"APL ACCESS & SECURITY, INC. (AZ)",249886.6,operations-support,Verified,https://api.usaspending.gov/api/v2/search/spending_by_award/,ICE contract award 70CMSW24FR0000119 from USAspending (award-level obligation).,operations-support,Partial,Unknown / multi-site
2024-09-27,"MASON ARCHITECTS, INC. (HI)",25000.0,it-services,Verified,https://api.usaspending.gov/api/v2/search/spending_by_award/,ICE contract award 70CMSW24C00000035 from USAspending (award-level obligation).,it-services,Partial,Unknown / multi-site
2024-09-27,"HOLITNA CONSTRUCTION, LLC (AZ)",1681896.47,it-services,Verified,https://api.usaspending.gov/api/v2/search/spending_by_award/,ICE contract award 70CMSW24C00000034 from USAspending (award-level obligation).,it-services,Partial,Unknown / multi-site
2024-09-27,"NOBLE SUPPLY & LOGISTICS, LLC (DC)",1484902.44,operations-support,Verified,https://api.usaspending.gov/api/v2/search/spending_by_award/,ICE contract award 70CMSD24P00000174 from USAspending (award-level obligation).,operations-support,Partial,Unknown / multi-site
2024-09-27,"SHAIDER-TECH, LLC (VA)",216000.0,operations-support,Verified,https://api.usaspending.gov/api/v2/search/spending_by_award/,ICE contract award 70CMSD24P00000145 from USAspending (award-level obligation).,operations-support,Partial,Unknown / multi-site
2024-09-27,"VOUND COLORADO, LTD. (AL)",12227.0,operations-support,Verified,https://api.usaspending.gov/api/v2/search/spending_by_award/,ICE contract award 70CMSD24P00000091 from USAspending (award-level obligation).,operations-support,Partial,Unknown / multi-site
2024-09-27,TRI-STATE CAMERA EXCH. INC. (DC),17959.6,operations-support,Verified,https://api.usaspending.gov/api/v2/search/spending_by_award/,ICE contract award 70CMSD24FR0000196 from USAspending (award-level obligation).,operations-support,Partial,Unknown / multi-site
2024-09-27,"WORKWEAR OUTFITTERS, LLC (TN)",286626.25,operations-support,Verified,https://api.usaspending.gov/api/v2/search/spending_by_award/,ICE contract award 70CMSD24FR0000195 from USAspending (award-level obligation).,operations-support,Partial,Unknown / multi-site
2024-09-27,AKIRA TECHNOLOGIES INC. (DC),63912.8,operations-support,Verified,https://api.usaspending.gov/api/v2/search/spending_by_award/,ICE contract award 70CMSD24FR0000194 from USAspending (award-level obligation).,operations-support,Partial,Unknown / multi-site
2024-09-27,"SNAP, INC (DC)",151536.92,operations-support,Verified,https://api.usaspending.gov/api/v2/search/spending_by_award/,ICE contract award 70CMSD24FR0000174 from USAspending (award-level obligation).,operations-support,Partial,Unknown / multi-site
2024-09-27,"OMNI BUSINESS SYSTEMS, INC (VA)",13990.8,operations-support,Verified,https://api.usaspending.gov/api/v2/search/spending_by_award/,ICE contract award 70CMSD24FC0000031 from USAspending (award-level obligation).,operations-support,Partial,Unknown / multi-site
2024-09-27,BOTACH INC. (DC),115905.9,it-services,Verified,https://api.usaspending.gov/api/v2/search/spending_by_award/,ICE contract award 70CDCR24FR0000074 from USAspending (award-level obligation).,it-services,Partial,Unknown / multi-site
2024-09-26,BLUE TECH INC. (DC),172848.83,it-services,Verified,https://api.usaspending.gov/api/v2/search/spending_by_award/,ICE contract award 70CTD024FR0000085 from USAspending (award-level obligation).,it-services,Partial,Unknown / multi-site
2024-09-26,BLUE TECH INC. (TX),52685.82,operations-support,Verified,https://api.usaspending.gov/api/v2/search/spending_by_award/,ICE contract award 70CTD024FR0000083 from USAspending (award-level obligation).,operations-support,Partial,Unknown / multi-site
2024-09-26,AKIRA TECHNOLOGIES INC. (TX),26502.49,it-services,Verified,https://api.usaspending.gov/api/v2/search/spending_by_award/,ICE contract award 70CTD024FR0000078 from USAspending (award-level obligation).,it-services,Partial,Unknown / multi-site
2024-09-26,"DNI TREND JOINT VENTURES, LLC (OK)",9989601.0,operations-support,Verified,https://api.usaspending.gov/api/v2/search/spending_by_award/,ICE contract award 70CMSW24C00000031 from USAspending (award-level obligation).,operations-support,Partial,Unknown / multi-site
2024-09-26,"THOMAS SCIENTIFIC, LLC (DC)",11266.14,operations-support,Verified,https://api.usaspending.gov/api/v2/search/spending_by_award/,ICE contract award 70CMSD24P00000175 from USAspending (award-level obligation).,operations-support,Partial,Unknown / multi-site
2024-09-26,CGI FEDERAL INC. (VA),23090.0,operations-support,Verified,https://api.usaspending.gov/api/v2/search/spending_by_award/,ICE contract award 70CMSD24P00000172 from USAspending (award-level obligation).,operations-support,Partial,Unknown / multi-site
2024-09-26,SIGNALSCAPE INC (DC),12039.54,operations-support,Verified,https://api.usaspending.gov/api/v2/search/spending_by_award/,ICE contract award 70CMSD24P00000171 from USAspending (award-level obligation).,operations-support,Partial,Unknown / multi-site
2024-09-26,"NOBLE SUPPLY & LOGISTICS, LLC (DC)",66439.85,operations-support,Verified,https://api.usaspending.gov/api/v2/search/spending_by_award/,ICE contract award 70CMSD24P00000169 from USAspending (award-level obligation).,operations-support,Partial,Unknown / multi-site
2024-09-26,ENSIGN-BICKFORD AEROSPACE & DEFENSE COMPANY (DC),81728.5,operations-support,Verified,https://api.usaspending.gov/api/v2/search/spending_by_award/,ICE contract award 70CMSD24P00000168 from USAspending (award-level obligation).,operations-support,Partial,Unknown / multi-site
2024-09-26,"WORD SYSTEMS, LLC (IN)",21040.0,operations-support,Verified,https://api.usaspending.gov/api/v2/search/spending_by_award/,ICE contract award 70CMSD24P00000165 from USAspending (award-level obligation).,operations-support,Partial,Unknown / multi-site
2024-09-26,"SHAIDER-TECH, LLC (VA)",234000.0,operations-support,Verified,https://api.usaspending.gov/api/v2/search/spending_by_award/,ICE contract award 70CMSD24P00000144 from USAspending (award-level obligation).,operations-support,Partial,Unknown / multi-site
2024-09-26,"DSSP CONSULTING, INC. (DC)",1195474.08,operations-support,Verified,https://api.usaspending.gov/api/v2/search/spending_by_award/,ICE contract award 70CMSD24P00000115 from USAspending (award-level obligation).,operations-support,Partial,Unknown / multi-site
2024-09-26,"ICF INCORPORATED, L.L.C. (DC)",13837867.84,operations-support,Verified,https://api.usaspending.gov/api/v2/search/spending_by_award/,ICE contract award 70CMSD24FR0000160 from USAspending (award-level obligation).,operations-support,Partial,Unknown / multi-site
2024-09-26,"LRP PUBLICATIONS, INC. (TX)",198834.0,operations-support,Verified,https://api.usaspending.gov/api/v2/search/spending_by_award/,ICE contract award 70CMSD24FR0000142 from USAspending (award-level obligation).,operations-support,Partial,Unknown / multi-site
2024-09-26,EOLA POWER LLC (FL),9339.4,operations-support,Verified,https://api.usaspending.gov/api/v2/search/spending_by_award/,ICE contract award 70CDCR24P00000027 from USAspending (award-level obligation).,operations-support,Partial,Unknown / multi-site
2024-09-25,"OPTIVOR TECHNOLOGIES, LLC (DC)",172192.72,operations-support,Verified,https://api.usaspending.gov/api/v2/search/spending_by_award/,ICE contract award 70CTD024FC0000030 from USAspending (award-level obligation).,operations-support,Partial,Unknown / multi-site
2024-09-25,THE KINETIC GROUP SALES LLC (MN),499811.2,it-services,Verified,https://api.usaspending.gov/api/v2/search/spending_by_award/,ICE contract award 70CMSW24FR0000149 from USAspending (award-level obligation).,it-services,Partial,Unknown / multi-site
2024-09-25,"ATLANTIC DIVING SUPPLY, INC. (VA)",5330129.22,operations-support,Verified,https://api.usaspending.gov/api/v2/search/spending_by_award/,ICE contract award 70CMSW24FR0000148 from USAspending (award-level obligation).,operations-support,Partial,Unknown / multi-site
2024-09-25,QUANTICO TACTICAL INCORPORATED (NC),86829.12,operations-support,Verified,https://api.usaspending.gov/api/v2/search/spending_by_award/,ICE contract award 70CMSW24FR0000147 from USAspending (award-level obligation).,operations-support,Partial,Unknown / multi-site
2024-09-25,"PANAMERICA COMPUTERS, INC. (VA)",13393.93,operations-support,Verified,https://api.usaspending.gov/api/v2/search/spending_by_award/,ICE contract award 70CMSW24FR0000143 from USAspending (award-level obligation).,operations-support,Partial,Unknown / multi-site
2024-09-25,QUANTICO TACTICAL INCORPORATED (NC),249526.86,operations-support,Verified,https://api.usaspending.gov/api/v2/search/spending_by_award/,ICE contract award 70CMSW24FR0000142 from USAspending (award-level obligation).,operations-support,Partial,Unknown / multi-site
2024-09-25,"ACCURACY INTERNATIONAL OF NORTH AMERICA, INC. (GA)",119353.44,operations-support,Verified,https://api.usaspending.gov/api/v2/search/spending_by_award/,ICE contract award 70CMSW24FR0000138 from USAspending (award-level obligation).,operations-support,Partial,Unknown / multi-site
2024-09-25,"ATLANTIC DIVING SUPPLY, INC. (GA)",923000.0,it-services,Verified,https://api.usaspending.gov/api/v2/search/spending_by_award/,ICE contract award 70CMSW24FR0000133 from USAspending (award-level obligation).,it-services,Partial,Unknown / multi-site
2024-09-25,"SOUTHERN POLICE EQUIPMENT COMPANY, INC. (GA)",81943.58,operations-support,Verified,https://api.usaspending.gov/api/v2/search/spending_by_award/,ICE contract award 70CMSW24FR0000130 from USAspending (award-level obligation).,operations-support,Partial,Unknown / multi-site
2024-09-25,WIDEPOINT INTEGRATED SOLUTIONS CORP (DC),129673.6,it-services,Verified,https://api.usaspending.gov/api/v2/search/spending_by_award/,ICE contract award 70CMSW24FR0000125 from USAspending (award-level obligation).,it-services,Partial,Unknown / multi-site
2024-09-25,"AXON ENTERPRISE, INC. (GA)",7162929.07,operations-support,Verified,https://api.usaspending.gov/api/v2/search/spending_by_award/,ICE contract award 70CMSW24FR0000097 from USAspending (award-level obligation).,operations-support,Partial,Unknown / multi-site
2024-09-25,PRICE MODERN LLC (MA),786882.43,it-services,Verified,https://api.usaspending.gov/api/v2/search/spending_by_award/,ICE contract award 70CMSW24FC0000059 from USAspending (award-level obligation).,it-services,Partial,Unknown / multi-site
2024-09-25,GOVERNMENT ACQUISITIONS INC (DC),49000.0,operations-support,Verified,https://api.usaspending.gov/api/v2/search/spending_by_award/,ICE contract award 70CMSD24P00000167 from USAspending (award-level obligation).,operations-support,Partial,Unknown / multi-site
2024-09-25,"COMCAST BUSINESS COMMUNICATIONS, LLC (VA)",60965.64,operations-support,Verified,https://api.usaspending.gov/api/v2/search/spending_by_award/,ICE contract award 70CMSD24P00000166 from USAspending (award-level obligation).,operations-support,Partial,Unknown / multi-site
2024-09-25,"WORD SYSTEMS, LLC (IN)",17052.0,operations-support,Verified,https://api.usaspending.gov/api/v2/search/spending_by_award/,ICE contract award 70CMSD24P00000163 from USAspending (award-level obligation).,operations-support,Partial,Unknown / multi-site
2024-09-25,SORINEX EXERCISE EQUIPMENT INC (DC),52382.75,operations-support,Verified,https://api.usaspending.gov/api/v2/search/spending_by_award/,ICE contract award 70CMSD24P00000162 from USAspending (award-level obligation).,operations-support,Partial,Unknown / multi-site
2024-09-25,"STRONG BUILDERS, INC (CA)",135500.0,operations-support,Verified,https://api.usaspending.gov/api/v2/search/spending_by_award/,ICE contract award 70CMSD24P00000141 from USAspending (award-level obligation).,operations-support,Partial,Unknown / multi-site
2024-09-25,"FCN, INC. (VA)",279008.61,operations-support,Verified,https://api.usaspending.gov/api/v2/search/spending_by_award/,ICE contract award 70CMSD24FR0000190 from USAspending (award-level obligation).,operations-support,Partial,Unknown / multi-site
2024-09-24,ADB CONSULTING SERVICES LLC (WV),26203.44,operations-support,Verified,https://api.usaspending.gov/api/v2/search/spending_by_award/,ICE contract award 70CTD024FR0000076 from USAspending (award-level obligation).,operations-support,Partial,Unknown / multi-site
2024-09-24,REGUPOL ZEBRA ATHLETICS LLC (PA),39822.98,operations-support,Verified,https://api.usaspending.gov/api/v2/search/spending_by_award/,ICE contract award 70CMSW24FR0000145 from USAspending (award-level obligation).,operations-support,Partial,Unknown / multi-site
2024-09-24,"TACMED SIMULATION, INC (SC)",75086.41,medical-services,Verified,https://api.usaspending.gov/api/v2/search/spending_by_award/,ICE contract award 70CMSW24FR0000139 from USAspending (award-level obligation).,medical-services,Partial,Unknown / multi-site
2024-09-24,QUANTICO TACTICAL INCORPORATED (NC),224006.14,operations-support,Verified,https://api.usaspending.gov/api/v2/search/spending_by_award/,ICE contract award 70CMSW24FR0000135 from USAspending (award-level obligation).,operations-support,Partial,Unknown / multi-site
2024-09-24,"AXON ENTERPRISE, INC. (GA)",62123.3,operations-support,Verified,https://api.usaspending.gov/api/v2/search/spending_by_award/,ICE contract award 70CMSW24FR0000127 from USAspending (award-level obligation).,operations-support,Partial,Unknown / multi-site
2024-09-24,ACO REMODELING & CONSTRUCTION INC. (TX),299948.76,detention-operations,Verified,https://api.usaspending.gov/api/v2/search/spending_by_award/,ICE contract award 70CMSW24C00000032 from USAspending (award-level obligation).,detention-operations,Partial,Unknown / multi-site
2024-09-24,"MAGNET FORENSICS, LLC (VA)",71976.0,operations-support,Verified,https://api.usaspending.gov/api/v2/search/spending_by_award/,ICE contract award 70CMSD24P00000068 from USAspending (award-level obligation).,operations-support,Partial,Unknown / multi-site
2024-09-24,"PANAMERICA COMPUTERS, INC. (VA)",17968.8,operations-support,Verified,https://api.usaspending.gov/api/v2/search/spending_by_award/,ICE contract award 70CMSD24FR0000181 from USAspending (award-level obligation).,operations-support,Partial,Unknown / multi-site
2024-09-24,GUIDEHOUSE INC. (VA),4132824.57,it-services,Verified,https://api.usaspending.gov/api/v2/search/spending_by_award/,ICE contract award 70CMSD24FR0000137 from USAspending (award-level obligation).,it-services,Partial,Unknown / multi-site
2024-09-24,ACTION TARGET INC (FL),54800.0,detention-operations,Verified,https://api.usaspending.gov/api/v2/search/spending_by_award/,ICE contract award 70CDCR24P00000026 from USAspending (award-level obligation).,detention-operations,Partial,Unknown / multi-site
2024-09-23,"PANAMERICA COMPUTERS, INC. (DC)",179230.08,it-services,Verified,https://api.usaspending.gov/api/v2/search/spending_by_award/,ICE contract award 70CTD024FR0000077 from USAspending (award-level obligation).,it-services,Partial,Unknown / multi-site
2024-09-23,"ATLANTIC DIVING SUPPLY, INC. (VA)",794691.52,it-services,Verified,https://api.usaspending.gov/api/v2/search/spending_by_award/,ICE contract award 70CMSW24FC0000121 from USAspending (award-level obligation).,it-services,Partial,Unknown / multi-site
2024-09-23,ADVANTIX ENGINEERING CORP (PR),794560.57,it-services,Verified,https://api.usaspending.gov/api/v2/search/spending_by_award/,ICE contract award 70CMSW24C00000033 from USAspending (award-level obligation).,it-services,Partial,Unknown / multi-site
2024-09-23,CARNATION ENTERPRISES LLC (IL),30070.0,operations-support,Verified,https://api.usaspending.gov/api/v2/search/spending_by_award/,ICE contract award 70CMSD24P00000164 from USAspending (award-level obligation).,operations-support,Partial,Unknown / multi-site
2024-09-23,DALLAS CHILDRENS ADVOCACY CENTER (DC),120500.0,operations-support,Verified,https://api.usaspending.gov/api/v2/search/spending_by_award/,ICE contract award 70CMSD24P00000137 from USAspending (award-level obligation).,operations-support,Partial,Unknown / multi-site
2024-09-23,GUIDEHOUSE INC. (DC),764367.44,operations-support,Verified,https://api.usaspending.gov/api/v2/search/spending_by_award/,ICE contract award 70CMSD24FR0000131 from USAspending (award-level obligation).,operations-support,Partial,Unknown / multi-site
2024-09-23,"HR ANEW, INC. (DC)",256450.0,operations-support,Verified,https://api.usaspending.gov/api/v2/search/spending_by_award/,ICE contract award 70CMSD24FR0000099 from USAspending (award-level obligation).,operations-support,Partial,Unknown / multi-site
2024-09-23,"MRM EEO SERVICES, INC (DC)",229125.0,operations-support,Verified,https://api.usaspending.gov/api/v2/search/spending_by_award/,ICE contract award 70CMSD24FR0000096 from USAspending (award-level obligation).,operations-support,Partial,Unknown / multi-site
2024-09-23,"ABM FEDERAL SALES, INC. (MO)",44195.04,operations-support,Verified,https://api.usaspending.gov/api/v2/search/spending_by_award/,ICE contract award 70CMSD24FC0000028 from USAspending (award-level obligation).,operations-support,Partial,Unknown / multi-site
2024-09-23,PREMIER BUSINESS PRODUCTS INC. (CA),40761.49,air-transport,Verified,https://api.usaspending.gov/api/v2/search/spending_by_award/,ICE contract award 70CDCR24FR0000075 from USAspending (award-level obligation).,air-transport,Partial,Unknown / multi-site
2024-09-23,"ADVANCED COMPUTER CONCEPTS, INC. (TX)",41131.37,operations-support,Verified,https://api.usaspending.gov/api/v2/search/spending_by_award/,ICE contract award 70CDCR24FR0000064 from USAspending (award-level obligation).,operations-support,Partial,Unknown / multi-site
2024-09-23,"NORTH EAST SOUTH WEST HEALTHCARE SOLUTIONS, LLC (TX)",16465998.24,medical-services,Verified,https://api.usaspending.gov/api/v2/search/spending_by_award/,ICE contract award 70CDCR24FR0000063 from USAspending (award-level obligation).,medical-services,Partial,Unknown / multi-site
2024-09-23,"AMERGIS HEALTHCARE STAFFING, INC. (MD)",37624991.73,medical-services,Verified,https://api.usaspending.gov/api/v2/search/spending_by_award/,ICE contract award 70CDCR24FR0000061 from USAspending (award-level obligation).,medical-services,Verified,IHSC Medical Services
2024-09-23,"SALIENT CRGT, INC. (DC)",28477949.37,operations-support,Verified,https://api.usaspending.gov/api/v2/search/spending_by_award/,ICE contract award 70CDCR24FR0000059 from USAspending (award-level obligation).,operations-support,Partial,Unknown / multi-site
2024-09-23,INGENESIS INC (TX),37566994.86,medical-services,Verified,https://api.usaspending.gov/api/v2/search/spending_by_award/,ICE contract award 70CDCR24FR0000032 from USAspending (award-level obligation).,medical-services,Verified,IHSC Medical Services
2024-09-22,"ATLANTIC DIVING SUPPLY, INC. (DC)",49005.9,operations-support,Verified,https://api.usaspending.gov/api/v2/search/spending_by_award/,ICE contract award 70CMSD24FR0000189 from USAspending (award-level obligation).,operations-support,Partial,Unknown / multi-site
2024-09-22,"ATLANTIC DIVING SUPPLY, INC. (DC)",529706.81,operations-support,Verified,https://api.usaspending.gov/api/v2/search/spending_by_award/,ICE contract award 70CMSD24FR0000188 from USAspending (award-level obligation).,operations-support,Partial,Unknown / multi-site
2024-09-21,PENDAR TECHNOLOGIES LLC (DC),69518.89,operations-support,Verified,https://api.usaspending.gov/api/v2/search/spending_by_award/,ICE contract award 70CMSD24FR0000187 from USAspending (award-level obligation).,operations-support,Partial,Unknown / multi-site
2024-09-21,"WORKWEAR OUTFITTERS, LLC (DC)",282658.0,operations-support,Verified,https://api.usaspending.gov/api/v2/search/spending_by_award/,ICE contract award 70CMSD24FR0000186 from USAspending (award-level obligation).,operations-support,Partial,Unknown / multi-site
2024-09-21,"AFFIGENT, LLC (VA)",28475.01,operations-support,Verified,https://api.usaspending.gov/api/v2/search/spending_by_award/,ICE contract award 70CMSD24FR0000097 from USAspending (award-level obligation).,operations-support,Partial,Unknown / multi-site
2024-09-20,"CONVERGEONE GOVERNMENT SOLUTIONS, LLC (NY)",18271.1,it-services,Verified,https://api.usaspending.gov/api/v2/search/spending_by_award/,ICE contract award 70CTD024FC0000028 from USAspending (award-level obligation).,it-services,Partial,Unknown / multi-site
2024-09-20,MYSTERY RANCH LLC (MT),26100.8,operations-support,Verified,https://api.usaspending.gov/api/v2/search/spending_by_award/,ICE contract award 70CMSW24P00000037 from USAspending (award-level obligation).,operations-support,Partial,Unknown / multi-site
2024-09-20,"ATLANTIC DIVING SUPPLY, INC. (VA)",399988.9,operations-support,Verified,https://api.usaspending.gov/api/v2/search/spending_by_award/,ICE contract award 70CMSW24FR0000137 from USAspending (award-level obligation).,operations-support,Partial,Unknown / multi-site
2024-09-20,"LIONHEART ALLIANCE, LLC (VA)",49860.96,it-services,Verified,https://api.usaspending.gov/api/v2/search/spending_by_award/,ICE contract award 70CMSW24FR0000136 from USAspending (award-level obligation).,it-services,Partial,Unknown / multi-site
2024-09-20,"ATLANTIC DIVING SUPPLY, INC. (VA)",357791.82,operations-support,Verified,https://api.usaspending.gov/api/v2/search/spending_by_award/,ICE contract award 70CMSW24FR0000134 from USAspending (award-level obligation).,operations-support,Partial,Unknown / multi-site
2024-09-20,ALL HANDS FIRE EQUIPMENT LLC (NJ),60947.0,operations-support,Verified,https://api.usaspending.gov/api/v2/search/spending_by_award/,ICE contract award 70CMSW24FR0000132 from USAspending (award-level obligation).,operations-support,Partial,Unknown / multi-site
2024-09-20,"FS PARTNERS, LLP (CO)",100081.0,it-services,Verified,https://api.usaspending.gov/api/v2/search/spending_by_award/,ICE contract award 70CMSW24FR0000129 from USAspending (award-level obligation).,it-services,Partial,Unknown / multi-site
2024-09-20,"H. L. DALIS, INC. (GA)",163816.0,operations-support,Verified,https://api.usaspending.gov/api/v2/search/spending_by_award/,ICE contract award 70CMSW24FR0000126 from USAspending (award-level obligation).,operations-support,Partial,Unknown / multi-site
2024-09-20,QUANTICO TACTICAL INCORPORATED (NC),217098.29,operations-support,Verified,https://api.usaspending.gov/api/v2/search/spending_by_award/,ICE contract award 70CMSW24FC0000120 from USAspending (award-level obligation).,operations-support,Partial,Unknown / multi-site
2024-09-20,PRICE MODERN LLC (VA),999016.93,operations-support,Verified,https://api.usaspending.gov/api/v2/search/spending_by_award/,ICE contract award 70CMSW24FC0000118 from USAspending (award-level obligation).,operations-support,Partial,Unknown / multi-site
2024-09-20,"FCN, INC. (GA)",70787.85,it-services,Verified,https://api.usaspending.gov/api/v2/search/spending_by_award/,ICE contract award 70CMSW24FC0000115 from USAspending (award-level obligation).,it-services,Partial,Unknown / multi-site
2024-09-20,KALAKOA PAINTING LLC (HI),742078.0,air-transport,Verified,https://api.usaspending.gov/api/v2/search/spending_by_award/,ICE contract award 70CMSW24C00000030 from USAspending (award-level obligation).,air-transport,Partial,Unknown / multi-site
2024-09-20,"DTC COMMUNICATIONS, INC. (VA)",996000.0,operations-support,Verified,https://api.usaspending.gov/api/v2/search/spending_by_award/,ICE contract award 70CMSD24P00000160 from USAspending (award-level obligation).,operations-support,Partial,Unknown / multi-site
2024-09-20,INSTRUMENTATION SERVICES INC (PR),38931.0,operations-support,Verified,https://api.usaspending.gov/api/v2/search/spending_by_award/,ICE contract award 70CMSD24P00000156 from USAspending (award-level obligation).,operations-support,Partial,Unknown / multi-site
2024-09-20,DLK INC (MI),8814.82,air-transport,Verified,https://api.usaspending.gov/api/v2/search/spending_by_award/,ICE contract award 70CMSD24P00000153 from USAspending (award-level obligation).,air-transport,Partial,Unknown / multi-site
2024-09-20,DEDRONE DEFENSE INC. (VA),180000.0,operations-support,Verified,https://api.usaspending.gov/api/v2/search/spending_by_award/,ICE contract award 70CMSD24P00000150 from USAspending (award-level obligation).,operations-support,Partial,Unknown / multi-site
2024-09-20,WEST PUBLISHING CORPORATION (TX),65406.96,operations-support,Verified,https://api.usaspending.gov/api/v2/search/spending_by_award/,ICE contract award 70CMSD24FR0000178 from USAspending (award-level obligation).,operations-support,Partial,Unknown / multi-site
2024-09-20,"AFFIGENT, LLC (TX)",333512.62,it-services,Verified,https://api.usaspending.gov/api/v2/search/spending_by_award/,ICE contract award 70CMSD24FR0000150 from USAspending (award-level obligation).,it-services,Partial,Unknown / multi-site
2024-09-20,JTF BUSINESS SYSTEMS CORPORATION (FL),13241.16,it-services,Verified,https://api.usaspending.gov/api/v2/search/spending_by_award/,ICE contract award 70CMSD24FC0000042 from USAspending (award-level obligation).,it-services,Partial,Unknown / multi-site
2024-09-20,SONIAT & WILLOW INC (TX),32880.0,operations-support,Verified,https://api.usaspending.gov/api/v2/search/spending_by_award/,ICE contract award 70CDCR24P00000024 from USAspending (award-level obligation).,operations-support,Partial,Unknown / multi-site
2024-09-20,"CAPRICE ELECTRONICS, INC (NY)",125076.48,detention-operations,Verified,https://api.usaspending.gov/api/v2/search/spending_by_award/,ICE contract award 70CDCR24FR0000073 from USAspending (award-level obligation).,detention-operations,Partial,Unknown / multi-site
2024-09-20,STREICHERS INC (LA),38560.0,operations-support,Verified,https://api.usaspending.gov/api/v2/search/spending_by_award/,ICE contract award 70CDCR24FR0000072 from USAspending (award-level obligation).,operations-support,Partial,Unknown / multi-site
2024-09-20,IRON MOUNTAIN INFORMATION MANAGEMENT LLC (CA),36350.34,operations-support,Verified,https://api.usaspending.gov/api/v2/search/spending_by_award/,ICE contract award 70CDCR24FC0000010 from USAspending (award-level obligation).,operations-support,Partial,Unknown / multi-site
2024-09-19,"OPTIVOR TECHNOLOGIES, LLC (VT)",13474.24,it-services,Verified,https://api.usaspending.gov/api/v2/search/spending_by_award/,ICE contract award 70CTD024FC0000027 from USAspending (award-level obligation).,it-services,Partial,Unknown / multi-site
2024-09-19,AJCE CORPORATION (FL),193643.0,operations-support,Verified,https://api.usaspending.gov/api/v2/search/spending_by_award/,ICE contract award 70CMSW24C00000029 from USAspending (award-level obligation).,operations-support,Partial,Unknown / multi-site
2024-09-19,"RECONROBOTICS, INC (MN)",21440.0,operations-support,Verified,https://api.usaspending.gov/api/v2/search/spending_by_award/,ICE contract award 70CMSD24P00000155 from USAspending (award-level obligation).,operations-support,Partial,Unknown / multi-site
2024-09-19,"VOLEXITY, INC. (VA)",72000.0,it-services,Verified,https://api.usaspending.gov/api/v2/search/spending_by_award/,ICE contract award 70CMSD24P00000084 from USAspending (award-level obligation).,it-services,Partial,Unknown / multi-site
2024-09-19,"LEADSONLINE PARENT, LLC (DC)",70226.0,operations-support,Verified,https://api.usaspending.gov/api/v2/search/spending_by_award/,ICE contract award 70CMSD24P00000076 from USAspending (award-level obligation).,operations-support,Partial,Unknown / multi-site
2024-09-19,STARSIDE SECURITY & INVESTIGATION INC (CA),1396580.0,detention-operations,Verified,https://api.usaspending.gov/api/v2/search/spending_by_award/,ICE contract award 70CMSD24FR0000162 from USAspending (award-level obligation).,detention-operations,Partial,Unknown / multi-site
2024-09-19,"FS PARTNERS, LLP (VA)",240257.34,it-services,Verified,https://api.usaspending.gov/api/v2/search/spending_by_award/,ICE contract award 70CMSD24FR0000134 from USAspending (award-level obligation).,it-services,Partial,Unknown / multi-site
2024-09-19,"CHAINALYSIS GOVERNMENT SOLUTIONS, LLC (AL)",35578.12,operations-support,Verified,https://api.usaspending.gov/api/v2/search/spending_by_award/,ICE contract award 70CMSD24FR0000126 from USAspending (award-level obligation).,operations-support,Partial,Unknown / multi-site
2024-09-19,AZ-TECH FIRE AND SECURITY LLC (TX),14601.6,it-services,Verified,https://api.usaspending.gov/api/v2/search/spending_by_award/,ICE contract award 70CDCR24P00000025 from USAspending (award-level obligation).,it-services,Partial,Unknown / multi-site
2024-09-18,BLUE TECH INC. (TX),24853.22,operations-support,Verified,https://api.usaspending.gov/api/v2/search/spending_by_award/,ICE contract award 70CTD024FR0000065 from USAspending (award-level obligation).,operations-support,Partial,Unknown / multi-site
2024-09-18,BIALEK CORPORATION OF MARYLAND (AZ),123114.0,it-services,Verified,https://api.usaspending.gov/api/v2/search/spending_by_award/,ICE contract award 70CTD024FC0000026 from USAspending (award-level obligation).,it-services,Partial,Unknown / multi-site
2024-09-18,"TACTICAL & SURVIVAL SPECIALTIES, LLC (VA)",430665.0,operations-support,Verified,https://api.usaspending.gov/api/v2/search/spending_by_award/,ICE contract award 70CMSW24FR0000131 from USAspending (award-level obligation).,operations-support,Partial,Unknown / multi-site
2024-09-18,"BEAM DISTRIBUTING, INC. (VA)",49887.4,operations-support,Verified,https://api.usaspending.gov/api/v2/search/spending_by_award/,ICE contract award 70CMSW24FR0000128 from USAspending (award-level obligation).,operations-support,Partial,Unknown / multi-site
2024-09-18,"HOLITNA CONSTRUCTION, LLC (DC)",391782.34,it-services,Verified,https://api.usaspending.gov/api/v2/search/spending_by_award/,ICE contract award 70CMSW24FR0000121 from USAspending (award-level obligation).,it-services,Partial,Unknown / multi-site
2024-09-18,API GROUP LIFE SAFETY USA LLC (CO),328520.74,operations-support,Verified,https://api.usaspending.gov/api/v2/search/spending_by_award/,ICE contract award 70CMSW24C00000025 from USAspending (award-level obligation).,operations-support,Partial,Unknown / multi-site
2024-09-18,YOUNG SCALE CO LLC (HI),14962.1,operations-support,Verified,https://api.usaspending.gov/api/v2/search/spending_by_award/,ICE contract award 70CMSD24P00000059 from USAspending (award-level obligation).,operations-support,Partial,Unknown / multi-site
2024-09-17,GOVERNMENT ACQUISITIONS INC (DC),159250.0,it-services,Verified,https://api.usaspending.gov/api/v2/search/spending_by_award/,ICE contract award 70CTD024FR0000072 from USAspending (award-level obligation).,it-services,Partial,Unknown / multi-site
2024-09-17,"SRT SUPPLY, LLC (FL)",41116.44,operations-support,Verified,https://api.usaspending.gov/api/v2/search/spending_by_award/,ICE contract award 70CMSW24FR0000124 from USAspending (award-level obligation).,operations-support,Partial,Unknown / multi-site
2024-09-17,PRICE MODERN LLC (MD),167581.85,it-services,Verified,https://api.usaspending.gov/api/v2/search/spending_by_award/,ICE contract award 70CMSW24FC0000114 from USAspending (award-level obligation).,it-services,Partial,Unknown / multi-site
2024-09-17,"CHENEGA MISSION OPERATIONS, LLC (TX)",1798982.46,detention-operations,Verified,https://api.usaspending.gov/api/v2/search/spending_by_award/,ICE contract award 70CMSW24C00000027 from USAspending (award-level obligation).,detention-operations,Partial,Unknown / multi-site
2024-09-17,"SOUTH BAY FENCE, INC. (CA)",17665.0,operations-support,Verified,https://api.usaspending.gov/api/v2/search/spending_by_award/,ICE contract award 70CMSD24P00000154 from USAspending (award-level obligation).,operations-support,Partial,Unknown / multi-site
2024-09-17,FEDERAL LOCK & SAFE INC (VA),6380.55,operations-support,Verified,https://api.usaspending.gov/api/v2/search/spending_by_award/,ICE contract award 70CMSD24P00000149 from USAspending (award-level obligation).,operations-support,Partial,Unknown / multi-site
2024-09-17,"GANS & PUGH ASSOCIATES, INC. (VA)",913215.0,operations-support,Verified,https://api.usaspending.gov/api/v2/search/spending_by_award/,ICE contract award 70CMSD24P00000143 from USAspending (award-level obligation).,operations-support,Partial,Unknown / multi-site
2024-09-17,THE MOUNT VERNON LADIES' ASSOCIATION OF THE UNION (VA),12250.0,it-services,Verified,https://api.usaspending.gov/api/v2/search/spending_by_award/,ICE contract award 70CMSD24P00000124 from USAspending (award-level obligation).,it-services,Partial,Unknown / multi-site
2024-09-17,VALORENCE LLC (UT),17931.82,operations-support,Verified,https://api.usaspending.gov/api/v2/search/spending_by_award/,ICE contract award 70CMSD24FR0000157 from USAspending (award-level obligation).,operations-support,Partial,Unknown / multi-site
2024-09-17,"FCN, INC. (MD)",691970.29,operations-support,Verified,https://api.usaspending.gov/api/v2/search/spending_by_award/,ICE contract award 70CMSD24FC0000039 from USAspending (award-level obligation).,operations-support,Partial,Unknown / multi-site
2024-09-16,"C & C INTERNATIONAL COMPUTERS & CONSULTANTS, INC. (CA)",128288.55,operations-support,Verified,https://api.usaspending.gov/api/v2/search/spending_by_award/,ICE contract award 70CTD024FR0000021 from USAspending (award-level obligation).,operations-support,Partial,Unknown / multi-site
2024-09-16,LEADING TECHNOLOGY COMPOSITES INC (KS),998488.02,operations-support,Verified,https://api.usaspending.gov/api/v2/search/spending_by_award/,ICE contract award 70CMSW24FR0000150 from USAspending (award-level obligation).,operations-support,Partial,Unknown / multi-site
2024-09-16,"TACTICAL & SURVIVAL SPECIALTIES, LLC (VA)",241830.0,operations-support,Verified,https://api.usaspending.gov/api/v2/search/spending_by_award/,ICE contract award 70CMSW24FR0000122 from USAspending (award-level obligation).,operations-support,Partial,Unknown / multi-site
2024-09-16,"MANAGEMENT CONCEPTS, INC (VA)",17525.0,operations-support,Verified,https://api.usaspending.gov/api/v2/search/spending_by_award/,ICE contract award 70CMSW24FR0000113 from USAspending (award-level obligation).,operations-support,Partial,Unknown / multi-site
2024-09-16,"SCHATZ PUBLISHING GROUP, LLC (DC)",787622.34,it-services,Verified,https://api.usaspending.gov/api/v2/search/spending_by_award/,ICE contract award 70CMSW24FR0000104 from USAspending (award-level obligation).,it-services,Partial,Unknown / multi-site
2024-09-16,"AECOM TECHNICAL SERVICES, INC. (DC)",287491.85,it-services,Verified,https://api.usaspending.gov/api/v2/search/spending_by_award/,ICE contract award 70CMSW24FR0000094 from USAspending (award-level obligation).,it-services,Partial,Unknown / multi-site
2024-09-16,PRICE MODERN LLC (MD),3300.0,it-services,Verified,https://api.usaspending.gov/api/v2/search/spending_by_award/,ICE contract award 70CMSW24FC0000113 from USAspending (award-level obligation).,it-services,Partial,Unknown / multi-site
2024-09-16,"CHENEGA MISSION OPERATIONS, LLC (TX)",520425.06,detention-operations,Verified,https://api.usaspending.gov/api/v2/search/spending_by_award/,ICE contract award 70CMSW24C00000024 from USAspending (award-level obligation).,detention-operations,Partial,Unknown / multi-site
2024-09-16,"SILVUS TECHNOLOGIES, INC. (MD)",54889.6,operations-support,Verified,https://api.usaspending.gov/api/v2/search/spending_by_award/,ICE contract award 70CMSD24P00000148 from USAspending (award-level obligation).,operations-support,Partial,Unknown / multi-site
2024-09-16,"ASSOCIATION OF CERTIFIED ANTI-MONEY LAUNDERING SPECIALISTS, LLC (DC)",1009025.0,operations-support,Verified,https://api.usaspending.gov/api/v2/search/spending_by_award/,ICE contract award 70CMSD24P00000136 from USAspending (award-level obligation).,operations-support,Partial,Unknown / multi-site
2024-09-16,CERIFI LLC (GA),142500.0,operations-support,Verified,https://api.usaspending.gov/api/v2/search/spending_by_award/,ICE contract award 70CMSD24P00000132 from USAspending (award-level obligation).,operations-support,Partial,Unknown / multi-site
2024-09-16,SIGNALSCAPE INC (MI),17824.88,it-services,Verified,https://api.usaspending.gov/api/v2/search/spending_by_award/,ICE contract award 70CMSD24FR0000166 from USAspending (award-level obligation).,it-services,Partial,Unknown / multi-site
2024-09-16,"FCN, INC. (MD)",31405.71,it-services,Verified,https://api.usaspending.gov/api/v2/search/spending_by_award/,ICE contract award 70CMSD24FR0000163 from USAspending (award-level obligation).,it-services,Partial,Unknown / multi-site
2024-09-16,GUIDEHOUSE INC. (AL),248560.0,operations-support,Verified,https://api.usaspending.gov/api/v2/search/spending_by_award/,ICE contract award 70CMSD24FR0000128 from USAspending (award-level obligation).,operations-support,Partial,Unknown / multi-site
2024-09-16,"CHAINALYSIS GOVERNMENT SOLUTIONS, LLC (VA)",3442935.88,operations-support,Verified,https://api.usaspending.gov/api/v2/search/spending_by_award/,ICE contract award 70CMSD24FR0000068 from USAspending (award-level obligation).,operations-support,Partial,Unknown / multi-site
2024-09-16,AKIRA TECHNOLOGIES INC. (CA),18707.53,it-services,Verified,https://api.usaspending.gov/api/v2/search/spending_by_award/,ICE contract award 70CDCR24FR0000071 from USAspending (award-level obligation).,it-services,Partial,Unknown / multi-site
2024-09-15,"TACTICAL & SURVIVAL SPECIALTIES, LLC (MA)",25992.0,operations-support,Verified,https://api.usaspending.gov/api/v2/search/spending_by_award/,ICE contract award 70CMSW24FR0000116 from USAspending (award-level obligation).,operations-support,Partial,Unknown / multi-site
2024-09-15,CYBRARY INC (VA),189000.0,operations-support,Verified,https://api.usaspending.gov/api/v2/search/spending_by_award/,ICE contract award 70CMSD24P00000082 from USAspending (award-level obligation).,operations-support,Partial,Unknown / multi-site
2024-09-15,"FCN, INC. (VA)",119300.33,operations-support,Verified,https://api.usaspending.gov/api/v2/search/spending_by_award/,ICE contract award 70CMSD24FR0000105 from USAspending (award-level obligation).,operations-support,Partial,Unknown / multi-site
2024-09-15,"NAR MEDICAL DEPOT, LLC (SC)",50348.06,operations-support,Verified,https://api.usaspending.gov/api/v2/search/spending_by_award/,ICE contract award 70CDCR24FC0000008 from USAspending (award-level obligation).,operations-support,Partial,Unknown / multi-site
2024-09-14,BLUE TECH INC. (CA),80015.0,operations-support,Verified,https://api.usaspending.gov/api/v2/search/spending_by_award/,ICE contract award 70CTD024FR0000056 from USAspending (award-level obligation).,operations-support,Partial,Unknown / multi-site
2024-09-13,"AVAYA FEDERAL SOLUTIONS, INC. (DC)",100009.08,operations-support,Verified,https://api.usaspending.gov/api/v2/search/spending_by_award/,ICE contract award 70CTD024FR0000068 from USAspending (award-level obligation).,operations-support,Partial,Unknown / multi-site
2024-09-13,TIDEWATER DISTRIBUTORS LLC (VA),69808.5,operations-support,Verified,https://api.usaspending.gov/api/v2/search/spending_by_award/,ICE contract award 70CMSW24P00000036 from USAspending (award-level obligation).,operations-support,Partial,Unknown / multi-site
2024-09-13,"HOLITNA CONSTRUCTION, LLC (DC)",19925.36,it-services,Verified,https://api.usaspending.gov/api/v2/search/spending_by_award/,ICE contract award 70CMSW24FR0000123 from USAspending (award-level obligation).,it-services,Partial,Unknown / multi-site
2024-09-13,"IRONCOMPANY.COM, LLC (TX)",28274.0,operations-support,Verified,https://api.usaspending.gov/api/v2/search/spending_by_award/,ICE contract award 70CMSW24FR0000118 from USAspending (award-level obligation).,operations-support,Partial,Unknown / multi-site
2024-09-13,FOCUS CAMERA LLC (NY),44999.0,operations-support,Verified,https://api.usaspending.gov/api/v2/search/spending_by_award/,ICE contract award 70CMSW24FR0000117 from USAspending (award-level obligation).,operations-support,Partial,Unknown / multi-site
2024-09-13,"HOLITNA CONSTRUCTION, LLC (VA)",75720.06,operations-support,Verified,https://api.usaspending.gov/api/v2/search/spending_by_award/,ICE contract award 70CMSW24FR0000106 from USAspending (award-level obligation).,operations-support,Partial,Unknown / multi-site
2024-09-13,ADVANTIX ENGINEERING CORP (PR),2972440.87,it-services,Verified,https://api.usaspending.gov/api/v2/search/spending_by_award/,ICE contract award 70CMSW24C00000026 from USAspending (award-level obligation).,it-services,Partial,Unknown / multi-site
2024-09-13,COMM-FIT HOLDINGS LLC (TX),31949.54,operations-support,Verified,https://api.usaspending.gov/api/v2/search/spending_by_award/,ICE contract award 70CMSD24P00000070 from USAspending (award-level obligation).,operations-support,Partial,Unknown / multi-site
2024-09-13,"FCN, INC. (MD)",11775.41,operations-support,Verified,https://api.usaspending.gov/api/v2/search/spending_by_award/,ICE contract award 70CMSD24FC0000038 from USAspending (award-level obligation).,operations-support,Partial,Unknown / multi-site
2024-09-13,"FCN, INC. (MD)",60317.61,it-services,Verified,https://api.usaspending.gov/api/v2/search/spending_by_award/,ICE contract award 70CMSD24FC0000035 from USAspending (award-level obligation).,it-services,Partial,Unknown / multi-site
2024-09-13,"NOBLE SUPPLY & LOGISTICS, LLC (PA)",31395.0,operations-support,Verified,https://api.usaspending.gov/api/v2/search/spending_by_award/,ICE contract award 70CDCR24FR0000069 from USAspending (award-level obligation).,operations-support,Partial,Unknown / multi-site
2024-09-13,"CREATIVE CORRECTIONS, LLC (TX)",993921.84,it-services,Verified,https://api.usaspending.gov/api/v2/search/spending_by_award/,ICE contract award 70CDCR24FR0000052 from USAspending (award-level obligation).,it-services,Partial,Unknown / multi-site
2024-09-12,"OPTIVOR TECHNOLOGIES, LLC (CA)",24542.74,it-services,Verified,https://api.usaspending.gov/api/v2/search/spending_by_award/,ICE contract award 70CTD024FC0000025 from USAspending (award-level obligation).,it-services,Partial,Unknown / multi-site
2024-09-12,QUANTICO TACTICAL INCORPORATED (NC),99109.5,operations-support,Verified,https://api.usaspending.gov/api/v2/search/spending_by_award/,ICE contract award 70CMSW24P00000035 from USAspending (award-level obligation).,operations-support,Partial,Unknown / multi-site
2024-09-12,ASPETTO INC (FL),125817.6,operations-support,Verified,https://api.usaspending.gov/api/v2/search/spending_by_award/,ICE contract award 70CMSW24FR0000115 from USAspending (award-level obligation).,operations-support,Partial,Unknown / multi-site
2024-09-12,QUANTICO TACTICAL INCORPORATED (NC),58980.0,operations-support,Verified,https://api.usaspending.gov/api/v2/search/spending_by_award/,ICE contract award 70CMSW24FC0000112 from USAspending (award-level obligation).,operations-support,Partial,Unknown / multi-site
2024-09-12,PRICE MODERN LLC (FL),4800.0,it-services,Verified,https://api.usaspending.gov/api/v2/search/spending_by_award/,ICE contract award 70CMSW24FC0000111 from USAspending (award-level obligation).,it-services,Partial,Unknown / multi-site
2024-09-12,PRICE MODERN LLC (CO),176078.83,it-services,Verified,https://api.usaspending.gov/api/v2/search/spending_by_award/,ICE contract award 70CMSW24FC0000099 from USAspending (award-level obligation).,it-services,Partial,Unknown / multi-site
2024-09-12,"TLI CONSTRUCTION, INC. (NY)",1032131.29,detention-operations,Verified,https://api.usaspending.gov/api/v2/search/spending_by_award/,ICE contract award 70CMSW24C00000028 from USAspending (award-level obligation).,detention-operations,Partial,Unknown / multi-site
2024-09-12,CGI FEDERAL INC. (VA),138540.0,operations-support,Verified,https://api.usaspending.gov/api/v2/search/spending_by_award/,ICE contract award 70CMSD24P00000139 from USAspending (award-level obligation).,operations-support,Partial,Unknown / multi-site
2024-09-12,"MACRO COMPANIES, INC. (LA)",10269.37,operations-support,Verified,https://api.usaspending.gov/api/v2/search/spending_by_award/,ICE contract award 70CMSD24FR0000161 from USAspending (award-level obligation).,operations-support,Partial,Unknown / multi-site
2024-09-12,"PANAMERICA COMPUTERS, INC. (VA)",44210.0,operations-support,Verified,https://api.usaspending.gov/api/v2/search/spending_by_award/,ICE contract award 70CMSD24FR0000145 from USAspending (award-level obligation).,operations-support,Partial,Unknown / multi-site
2024-09-12,AKIRA TECHNOLOGIES INC. (DC),212915.82,it-services,Verified,https://api.usaspending.gov/api/v2/search/spending_by_award/,ICE contract award 70CMSD24FR0000140 from USAspending (award-level obligation).,it-services,Partial,Unknown / multi-site
2024-09-12,PATRIOT COMM LLC (TX),190686.6,operations-support,Verified,https://api.usaspending.gov/api/v2/search/spending_by_award/,ICE contract award 70CMSD24FR0000125 from USAspending (award-level obligation).,operations-support,Partial,Unknown / multi-site
2024-09-12,"SOUTHERN POLICE EQUIPMENT COMPANY, INC. (VA)",12626.8,operations-support,Verified,https://api.usaspending.gov/api/v2/search/spending_by_award/,ICE contract award 70CDCR24FR0000067 from USAspending (award-level obligation).,operations-support,Partial,Unknown / multi-site
2024-09-11,"FS PARTNERS, LLP (VA)",38016.04,operations-support,Verified,https://api.usaspending.gov/api/v2/search/spending_by_award/,ICE contract award 70CTD024FR0000060 from USAspending (award-level obligation).,operations-support,Partial,Unknown / multi-site
2024-09-11,"OPTIVOR TECHNOLOGIES, LLC (TX)",14424.03,it-services,Verified,https://api.usaspending.gov/api/v2/search/spending_by_award/,ICE contract award 70CTD024FC0000024 from USAspending (award-level obligation).,it-services,Partial,Unknown / multi-site
2024-09-11,"RECONROBOTICS, INC (MN)",117153.12,it-services,Verified,https://api.usaspending.gov/api/v2/search/spending_by_award/,ICE contract award 70CMSW24FR0000112 from USAspending (award-level obligation).,it-services,Partial,Unknown / multi-site
2024-09-11,SIG SAUER INC. (NH),270787.86,operations-support,Verified,https://api.usaspending.gov/api/v2/search/spending_by_award/,ICE contract award 70CMSW24FC0000109 from USAspending (award-level obligation).,operations-support,Partial,Unknown / multi-site
2024-09-11,A&A HARRIS ENTERPRISES (DC),75804.0,it-services,Verified,https://api.usaspending.gov/api/v2/search/spending_by_award/,ICE contract award 70CMSD24FR0000155 from USAspending (award-level obligation).,it-services,Partial,Unknown / multi-site
2024-09-11,"PANAMERICA COMPUTERS, INC. (VA)",231550.0,operations-support,Verified,https://api.usaspending.gov/api/v2/search/spending_by_award/,ICE contract award 70CMSD24FR0000154 from USAspending (award-level obligation).,operations-support,Partial,Unknown / multi-site
2024-09-11,"CAPTURE TECHNOLOGIES, INC. (CA)",106120.95,operations-support,Verified,https://api.usaspending.gov/api/v2/search/spending_by_award/,ICE contract award 70CMSD24FR0000147 from USAspending (award-level obligation).,operations-support,Partial,Unknown / multi-site
2024-09-11,"FCN, INC. (VA)",75872.34,it-services,Verified,https://api.usaspending.gov/api/v2/search/spending_by_award/,ICE contract award 70CMSD24FC0000037 from USAspending (award-level obligation).,it-services,Partial,Unknown / multi-site
2024-09-10,"CONVERGEONE GOVERNMENT SOLUTIONS, LLC (PA)",27541.99,it-services,Verified,https://api.usaspending.gov/api/v2/search/spending_by_award/,ICE contract award 70CTD024FC0000023 from USAspending (award-level obligation).,it-services,Partial,Unknown / multi-site
2024-09-10,"FCN, INC. (DC)",883097.26,it-services,Verified,https://api.usaspending.gov/api/v2/search/spending_by_award/,ICE contract award 70CTD024FC0000022 from USAspending (award-level obligation).,it-services,Partial,Unknown / multi-site
2024-09-10,"SOUTHERN POLICE EQUIPMENT COMPANY, INC. (VA)",37722.0,operations-support,Verified,https://api.usaspending.gov/api/v2/search/spending_by_award/,ICE contract award 70CMSW24FR0000111 from USAspending (award-level obligation).,operations-support,Partial,Unknown / multi-site
2024-09-10,WALGREEN CO. (DC),79880.6,operations-support,Verified,https://api.usaspending.gov/api/v2/search/spending_by_award/,ICE contract award 70CMSW24FR0000109 from USAspending (award-level obligation).,operations-support,Partial,Unknown / multi-site
2024-09-10,BREACHING TECHNOLOGIES INC (TX),16845.13,operations-support,Verified,https://api.usaspending.gov/api/v2/search/spending_by_award/,ICE contract award 70CMSW24FR0000108 from USAspending (award-level obligation).,operations-support,Partial,Unknown / multi-site
2024-09-10,QUANTICO TACTICAL INCORPORATED (NC),163944.54,operations-support,Verified,https://api.usaspending.gov/api/v2/search/spending_by_award/,ICE contract award 70CMSW24FC0000110 from USAspending (award-level obligation).,operations-support,Partial,Unknown / multi-site
2024-09-10,PRICE MODERN LLC (PA),78980.14,it-services,Verified,https://api.usaspending.gov/api/v2/search/spending_by_award/,ICE contract award 70CMSW24FC0000102 from USAspending (award-level obligation).,it-services,Partial,Unknown / multi-site
2024-09-10,TYR TACTICAL LLC (DC),9593.76,operations-support,Verified,https://api.usaspending.gov/api/v2/search/spending_by_award/,ICE contract award 70CMSD24P00000138 from USAspending (award-level obligation).,operations-support,Partial,Unknown / multi-site
2024-09-10,BLUE TECH INC. (VA),564685.0,operations-support,Verified,https://api.usaspending.gov/api/v2/search/spending_by_award/,ICE contract award 70CMSD24FR0000144 from USAspending (award-level obligation).,operations-support,Partial,Unknown / multi-site
2024-09-10,"GOVPLACE, LLC (VA)",352000.58,operations-support,Verified,https://api.usaspending.gov/api/v2/search/spending_by_award/,ICE contract award 70CMSD24FR0000133 from USAspending (award-level obligation).,operations-support,Partial,Unknown / multi-site
2024-09-09,RICHARD TASHMAN (PA),27885.04,operations-support,Verified,https://api.usaspending.gov/api/v2/search/spending_by_award/,ICE contract award 70CTD024P00000011 from USAspending (award-level obligation).,operations-support,Partial,Unknown / multi-site
2024-09-09,"SNAP, INC (DC)",465736.39,operations-support,Verified,https://api.usaspending.gov/api/v2/search/spending_by_award/,ICE contract award 70CTD024FR0000062 from USAspending (award-level obligation).,operations-support,Partial,Unknown / multi-site
2024-09-09,DELL FEDERAL SYSTEMS L.P (DC),63000.0,operations-support,Verified,https://api.usaspending.gov/api/v2/search/spending_by_award/,ICE contract award 70CTD024FC0000021 from USAspending (award-level obligation).,operations-support,Partial,Unknown / multi-site
2024-09-09,PRICE MODERN LLC (MD),202918.64,it-services,Verified,https://api.usaspending.gov/api/v2/search/spending_by_award/,ICE contract award 70CMSW24FC0000107 from USAspending (award-level obligation).,it-services,Partial,Unknown / multi-site
2024-09-09,PRICE MODERN LLC (MD),145796.01,it-services,Verified,https://api.usaspending.gov/api/v2/search/spending_by_award/,ICE contract award 70CMSW24FC0000105 from USAspending (award-level obligation).,it-services,Partial,Unknown / multi-site
2024-09-09,SIMTEK MODULAR LLC (DC),53880.0,operations-support,Verified,https://api.usaspending.gov/api/v2/search/spending_by_award/,ICE contract award 70CMSD24P00000125 from USAspending (award-level obligation).,operations-support,Partial,Unknown / multi-site
2024-09-09,"THE ESCAL INSTITUTE OF ADVANCED TECHNOLOGIES, INC. (VA)",999838.4,operations-support,Verified,https://api.usaspending.gov/api/v2/search/spending_by_award/,ICE contract award 70CMSD24P00000122 from USAspending (award-level obligation).,operations-support,Partial,Unknown / multi-site
2024-09-09,NAXO LABS LLC (VA),4500000.0,operations-support,Verified,https://api.usaspending.gov/api/v2/search/spending_by_award/,ICE contract award 70CMSD24P00000113 from USAspending (award-level obligation).,operations-support,Partial,Unknown / multi-site
2024-09-09,"MA FEDERAL, INC. (VA)",67123.43,operations-support,Verified,https://api.usaspending.gov/api/v2/search/spending_by_award/,ICE contract award 70CMSD24FR0000129 from USAspending (award-level obligation).,operations-support,Partial,Unknown / multi-site
2024-09-09,JTF BUSINESS SYSTEMS CORPORATION (VT),8160.0,operations-support,Verified,https://api.usaspending.gov/api/v2/search/spending_by_award/,ICE contract award 70CMSD24FR0000052 from USAspending (award-level obligation).,operations-support,Partial,Unknown / multi-site
2024-09-09,JTF BUSINESS SYSTEMS CORPORATION (VA),58899.84,operations-support,Verified,https://api.usaspending.gov/api/v2/search/spending_by_award/,ICE contract award 70CMSD24FC0000023 from USAspending (award-level obligation).,operations-support,Partial,Unknown / multi-site
2024-09-09,CONSTELLATION INC (DC),2841652.37,operations-support,Verified,https://api.usaspending.gov/api/v2/search/spending_by_award/,ICE contract award 70CDCR24FR0000048 from USAspending (award-level obligation).,operations-support,Partial,Unknown / multi-site
2024-09-07,"ERAD GROUP, INC. (VT)",167500.0,operations-support,Verified,https://api.usaspending.gov/api/v2/search/spending_by_award/,ICE contract award 70CMSD24P00000075 from USAspending (award-level obligation).,operations-support,Partial,Unknown / multi-site
2024-09-07,"SNAP, INC (VA)",151500.0,operations-support,Verified,https://api.usaspending.gov/api/v2/search/spending_by_award/,ICE contract award 70CMSD24FR0000076 from USAspending (award-level obligation).,operations-support,Partial,Unknown / multi-site
2024-09-06,"ANACAPA MICRO PRODUCTS, INC. (CA)",336192.28,operations-support,Verified,https://api.usaspending.gov/api/v2/search/spending_by_award/,ICE contract award 70CTD024FR0000061 from USAspending (award-level obligation).,operations-support,Partial,Unknown / multi-site
2024-09-06,ARMAG CORP (KY),1954304.95,operations-support,Verified,https://api.usaspending.gov/api/v2/search/spending_by_award/,ICE contract award 70CMSW24P00000034 from USAspending (award-level obligation).,operations-support,Partial,Unknown / multi-site
2024-09-06,AIR SCIENCE USA LLC (FL),32801.92,it-services,Verified,https://api.usaspending.gov/api/v2/search/spending_by_award/,ICE contract award 70CMSW24FR0000105 from USAspending (award-level obligation).,it-services,Partial,Unknown / multi-site
2024-09-06,QUANTICO TACTICAL INCORPORATED (NC),174793.2,operations-support,Verified,https://api.usaspending.gov/api/v2/search/spending_by_award/,ICE contract award 70CMSW24FR0000103 from USAspending (award-level obligation).,operations-support,Partial,Unknown / multi-site
2024-09-06,INTERNATIONAL CARTRIDGE CORP (PA),342505.8,it-services,Verified,https://api.usaspending.gov/api/v2/search/spending_by_award/,ICE contract award 70CMSW24FR0000102 from USAspending (award-level obligation).,it-services,Partial,Unknown / multi-site
2024-09-06,AVMEDICAL LLC (TN),27778.48,medical-services,Verified,https://api.usaspending.gov/api/v2/search/spending_by_award/,ICE contract award 70CMSW24FC0000108 from USAspending (award-level obligation).,medical-services,Partial,Unknown / multi-site
2024-09-06,"FCN, INC. (DC)",14488.0,it-services,Verified,https://api.usaspending.gov/api/v2/search/spending_by_award/,ICE contract award 70CMSW24FC0000106 from USAspending (award-level obligation).,it-services,Partial,Unknown / multi-site
2024-09-06,"THUNDERCAT TECHNOLOGY, LLC (VA)",91500.0,operations-support,Verified,https://api.usaspending.gov/api/v2/search/spending_by_award/,ICE contract award 70CMSD24FR0000089 from USAspending (award-level obligation).,operations-support,Partial,Unknown / multi-site
2024-09-06,BLUE TECH INC. (VA),187425.0,it-services,Verified,https://api.usaspending.gov/api/v2/search/spending_by_award/,ICE contract award 70CMSD24FR0000078 from USAspending (award-level obligation).,it-services,Partial,Unknown / multi-site
2024-09-05,"IRONCOMPANY.COM, LLC (TX)",42876.0,it-services,Verified,https://api.usaspending.gov/api/v2/search/spending_by_award/,ICE contract award 70CMSW24FR0000098 from USAspending (award-level obligation).,it-services,Partial,Unknown / multi-site
2024-09-05,VETTED SECURITY SOLUTIONS LLC (FL),39973.3,operations-support,Verified,https://api.usaspending.gov/api/v2/search/spending_by_award/,ICE contract award 70CMSD24P00000127 from USAspending (award-level obligation).,operations-support,Partial,Unknown / multi-site
2024-09-05,ALL HANDS FIRE EQUIPMENT LLC (NJ),28157.98,operations-support,Verified,https://api.usaspending.gov/api/v2/search/spending_by_award/,ICE contract award 70CMSD24FR0000127 from USAspending (award-level obligation).,operations-support,Partial,Unknown / multi-site
2024-09-04,"IRONCOMPANY.COM, LLC (TX)",44043.0,operations-support,Verified,https://api.usaspending.gov/api/v2/search/spending_by_award/,ICE contract award 70CMSW24FR0000107 from USAspending (award-level obligation).,operations-support,Partial,Unknown / multi-site
2024-09-04,"CLEARVIEW AI, INC. (DC)",1102500.0,operations-support,Verified,https://api.usaspending.gov/api/v2/search/spending_by_award/,ICE contract award 70CMSD24P00000119 from USAspending (award-level obligation).,operations-support,Partial,Unknown / multi-site
2024-09-03,GUIDEHOUSE INC. (DC),1327150.0,it-services,Verified,https://api.usaspending.gov/api/v2/search/spending_by_award/,ICE contract award 70CMSW24FR0000089 from USAspending (award-level obligation).,it-services,Partial,Unknown / multi-site
2024-09-03,"BMT CONSULTING, INC. (MO)",32754.0,it-services,Verified,https://api.usaspending.gov/api/v2/search/spending_by_award/,ICE contract award 70CMSD24P00000104 from USAspending (award-level obligation).,it-services,Partial,Unknown / multi-site
2024-09-03,MOUNTAIN HORSE LLC (NM),89262.94,operations-support,Verified,https://api.usaspending.gov/api/v2/search/spending_by_award/,ICE contract award 70CMSD24FR0000121 from USAspending (award-level obligation).,operations-support,Partial,Unknown / multi-site
2024-09-03,"THE KACE COMPANY, LLC. (VA)",18061214.29,it-services,Verified,https://api.usaspending.gov/api/v2/search/spending_by_award/,ICE contract award 70CMSD24FR0000106 from USAspending (award-level obligation).,it-services,Partial,Unknown / multi-site
2024-09-03,GUIDEHOUSE INC. (VA),2034756.9,operations-support,Verified,https://api.usaspending.gov/api/v2/search/spending_by_award/,ICE contract award 70CMSD24FR0000095 from USAspending (award-level obligation).,operations-support,Partial,Unknown / multi-site
2024-09-03,MACQUEEN MICHAEL C (MD),18000.0,it-services,Verified,https://api.usaspending.gov/api/v2/search/spending_by_award/,ICE contract award 70CMSD24FC0000029 from USAspending (award-level obligation).,it-services,Partial,Unknown / multi-site
2024-09-01,"AFFIGENT, LLC (DC)",886595.24,it-services,Verified,https://api.usaspending.gov/api/v2/search/spending_by_award/,ICE contract award 70CTD024FR0000050 from USAspending (award-level obligation).,it-services,Partial,Unknown / multi-site
2024-09-01,PERATON TECHNOLOGY SERVICES INC. (DC),293280.0,operations-support,Verified,https://api.usaspending.gov/api/v2/search/spending_by_award/,ICE contract award 70CTD024FR0000049 from USAspending (award-level obligation).,operations-support,Partial,Unknown / multi-site
2024-09-01,"GOVSMART, INC. (VA)",1199786.46,operations-support,Verified,https://api.usaspending.gov/api/v2/search/spending_by_award/,ICE contract award 70CTD024FR0000046 from USAspending (award-level obligation).,operations-support,Partial,Unknown / multi-site
2024-09-01,BLUE TECH INC. (DC),60080.0,operations-support,Verified,https://api.usaspending.gov/api/v2/search/spending_by_award/,ICE contract award 70CTD024FR0000037 from USAspending (award-level obligation).,operations-support,Partial,Unknown / multi-site
2024-09-01,"GARTNER, INC. (CT)",766414.0,operations-support,Verified,https://api.usaspending.gov/api/v2/search/spending_by_award/,ICE contract award 70CMSW24FR0000085 from USAspending (award-level obligation).,operations-support,Partial,Unknown / multi-site
2024-09-01,"MOTOROLA SOLUTIONS, INC. (IL)",195120.0,operations-support,Verified,https://api.usaspending.gov/api/v2/search/spending_by_award/,ICE contract award 70CMSD24P00000126 from USAspending (award-level obligation).,operations-support,Partial,Unknown / multi-site
2024-09-01,DETECTACHEM INC. (TX),54925.0,operations-support,Verified,https://api.usaspending.gov/api/v2/search/spending_by_award/,ICE contract award 70CMSD24P00000108 from USAspending (award-level obligation).,operations-support,Partial,Unknown / multi-site
2024-09-01,COUNTY OF PALM BEACH (FL),114165.0,operations-support,Verified,https://api.usaspending.gov/api/v2/search/spending_by_award/,ICE contract award 70CMSD24P00000103 from USAspending (award-level obligation).,operations-support,Partial,Unknown / multi-site
2024-09-01,"SAYARI ANALYTICS, LLC (AL)",243907.0,operations-support,Verified,https://api.usaspending.gov/api/v2/search/spending_by_award/,ICE contract award 70CMSD24P00000099 from USAspending (award-level obligation).,operations-support,Partial,Unknown / multi-site
2024-09-01,CODE 5 GROUP LLC (AZ),17650.0,operations-support,Verified,https://api.usaspending.gov/api/v2/search/spending_by_award/,ICE contract award 70CMSD24P00000065 from USAspending (award-level obligation).,operations-support,Partial,Unknown / multi-site
2024-09-01,CITY OF COTTAGE GROVE (MN),109500.0,operations-support,Verified,https://api.usaspending.gov/api/v2/search/spending_by_award/,ICE contract award 70CMSD24P00000044 from USAspending (award-level obligation).,operations-support,Partial,Unknown / multi-site
2024-09-01,"THUNDERCAT TECHNOLOGY, LLC (VA)",182158.68,operations-support,Verified,https://api.usaspending.gov/api/v2/search/spending_by_award/,ICE contract award 70CMSD24FR0000138 from USAspending (award-level obligation).,operations-support,Partial,Unknown / multi-site
2024-09-01,"FCN, INC. (DC)",80145.45,operations-support,Verified,https://api.usaspending.gov/api/v2/search/spending_by_award/,ICE contract award 70CMSD24FR0000122 from USAspending (award-level obligation).,operations-support,Partial,Unknown / multi-site
2024-09-01,"PANAMERICA COMPUTERS, INC. (VA)",700342.4,it-services,Verified,https://api.usaspending.gov/api/v2/search/spending_by_award/,ICE contract award 70CMSD24FR0000119 from USAspending (award-level obligation).,it-services,Partial,Unknown / multi-site
2024-09-01,DELOITTE CONSULTING LLP (DC),410798.39,it-services,Verified,https://api.usaspending.gov/api/v2/search/spending_by_award/,ICE contract award 70CMSD24FR0000101 from USAspending (award-level obligation).,it-services,Partial,Unknown / multi-site
2024-09-01,"GENERAL DYNAMICS INFORMATION TECHNOLOGY, INC. (VA)",14810252.68,operations-support,Verified,https://api.usaspending.gov/api/v2/search/spending_by_award/,ICE contract award 70CMSD24FR0000050 from USAspending (award-level obligation).,operations-support,Partial,Unknown / multi-site
2024-09-01,"OMNI BUSINESS SYSTEMS, INC (VA)",60145.92,operations-support,Verified,https://api.usaspending.gov/api/v2/search/spending_by_award/,ICE contract award 70CMSD24FC0000027 from USAspending (award-level obligation).,operations-support,Partial,Unknown / multi-site
2024-09-01,AKIMA INFRASTRUCTURE PROTECTION LLC (NA),21678841.83,it-services,Verified,https://api.usaspending.gov/api/v2/search/spending_by_award/,ICE contract award 70CDCR24FR0000058 from USAspending (award-level obligation).,it-services,Partial,Unknown / multi-site
2024-09-01,AKIMA INFRASTRUCTURE PROTECTION LLC (FL),62794324.42,detention-operations,Verified,https://api.usaspending.gov/api/v2/search/spending_by_award/,ICE contract award 70CDCR24FR0000057 from USAspending (award-level obligation).,detention-operations,Verified,Detention Operations
2024-09-01,"THE GEO GROUP, INC. (FL)",42926174.75,detention-operations,Verified,https://api.usaspending.gov/api/v2/search/spending_by_award/,ICE contract award 70CDCR24FR0000053 from USAspending (award-level obligation).,detention-operations,Partial,Unknown / multi-site
2024-09-01,LOW KOUNTRY INK MOBILE NOTARY LLC (CA),87406.8,operations-support,Verified,https://api.usaspending.gov/api/v2/search/spending_by_award/,ICE contract award 70CDCR24FR0000050 from USAspending (award-level obligation).,operations-support,Partial,Unknown / multi-site
2024-08-30,"MBF INDUSTRIES, INC. (FL)",910273.92,operations-support,Verified,https://api.usaspending.gov/api/v2/search/spending_by_award/,ICE contract award 70CMSW24FR0000096 from USAspending (award-level obligation).,operations-support,Partial,Unknown / multi-site
2024-08-30,"LIONHEART ALLIANCE, LLC (VA)",19297.21,operations-support,Verified,https://api.usaspending.gov/api/v2/search/spending_by_award/,ICE contract award 70CMSW24FR0000093 from USAspending (award-level obligation).,operations-support,Partial,Unknown / multi-site
2024-08-30,QUANTICO TACTICAL INCORPORATED (NC),132273.3,operations-support,Verified,https://api.usaspending.gov/api/v2/search/spending_by_award/,ICE contract award 70CMSW24FC0000104 from USAspending (award-level obligation).,operations-support,Partial,Unknown / multi-site
2024-08-30,EG&R ENGINEERING PC (TX),1545910.24,it-services,Verified,https://api.usaspending.gov/api/v2/search/spending_by_award/,ICE contract award 70CMSW24C00000021 from USAspending (award-level obligation).,it-services,Partial,Unknown / multi-site
2024-08-30,"OURISMAN DODGE, INC. (VA)",3883.67,air-transport,Verified,https://api.usaspending.gov/api/v2/search/spending_by_award/,ICE contract award 70CMSD24P00000118 from USAspending (award-level obligation).,air-transport,Partial,Unknown / multi-site
2024-08-30,"WORKWEAR OUTFITTERS, LLC (GA)",55585.0,operations-support,Verified,https://api.usaspending.gov/api/v2/search/spending_by_award/,ICE contract award 70CMSD24FR0000104 from USAspending (award-level obligation).,operations-support,Partial,Unknown / multi-site
2024-08-30,"FCN, INC. (DC)",167969.35,it-services,Verified,https://api.usaspending.gov/api/v2/search/spending_by_award/,ICE contract award 70CMSD24FC0000032 from USAspending (award-level obligation).,it-services,Partial,Unknown / multi-site
2024-08-30,DELL FEDERAL SYSTEMS L.P (TX),236894.4,operations-support,Verified,https://api.usaspending.gov/api/v2/search/spending_by_award/,ICE contract award 70CMSD24FC0000030 from USAspending (award-level obligation).,operations-support,Partial,Unknown / multi-site
2024-08-29,AKIRA TECHNOLOGIES INC. (CA),66027.57,it-services,Verified,https://api.usaspending.gov/api/v2/search/spending_by_award/,ICE contract award 70CTD024FR0000059 from USAspending (award-level obligation).,it-services,Partial,Unknown / multi-site
2024-08-28,AKIRA TECHNOLOGIES INC. (VA),55225.53,it-services,Verified,https://api.usaspending.gov/api/v2/search/spending_by_award/,ICE contract award 70CTD024FR0000055 from USAspending (award-level obligation).,it-services,Partial,Unknown / multi-site
2024-08-28,"SRT SUPPLY, LLC (FL)",17228.88,operations-support,Verified,https://api.usaspending.gov/api/v2/search/spending_by_award/,ICE contract award 70CMSW24FR0000095 from USAspending (award-level obligation).,operations-support,Partial,Unknown / multi-site
2024-08-28,"ATLANTIC DIVING SUPPLY, INC. (FL)",20692.5,operations-support,Verified,https://api.usaspending.gov/api/v2/search/spending_by_award/,ICE contract award 70CMSW24FC0000103 from USAspending (award-level obligation).,operations-support,Partial,Unknown / multi-site
2024-08-28,"FEDERAL RESOURCES SUPPLY COMPANY, LLC (DC)",472800.0,operations-support,Verified,https://api.usaspending.gov/api/v2/search/spending_by_award/,ICE contract award 70CMSD24FR0000112 from USAspending (award-level obligation).,operations-support,Partial,Unknown / multi-site
2024-08-27,AKIRA TECHNOLOGIES INC. (DC),29357.5,operations-support,Verified,https://api.usaspending.gov/api/v2/search/spending_by_award/,ICE contract award 70CTD024FR0000057 from USAspending (award-level obligation).,operations-support,Partial,Unknown / multi-site
2024-08-27,AKIRA TECHNOLOGIES INC. (CA),20875.2,it-services,Verified,https://api.usaspending.gov/api/v2/search/spending_by_award/,ICE contract award 70CTD024FR0000054 from USAspending (award-level obligation).,it-services,Partial,Unknown / multi-site
2024-08-27,IRON MOUNTAIN INFORMATION MANAGEMENT LLC (DC),27534.12,detention-operations,Verified,https://api.usaspending.gov/api/v2/search/spending_by_award/,ICE contract award 70CTD024FC0000019 from USAspending (award-level obligation).,detention-operations,Partial,Unknown / multi-site
2024-08-27,KEYENCE CORPORATION OF AMERICA (NJ),89076.5,it-services,Verified,https://api.usaspending.gov/api/v2/search/spending_by_award/,ICE contract award 70CMSD24P00000117 from USAspending (award-level obligation).,it-services,Partial,Unknown / multi-site
2024-08-27,MOUNTAIN HORSE LLC (DC),627029.43,operations-support,Verified,https://api.usaspending.gov/api/v2/search/spending_by_award/,ICE contract award 70CMSD24FR0000116 from USAspending (award-level obligation).,operations-support,Partial,Unknown / multi-site
2024-08-27,"ANACAPA MICRO PRODUCTS, INC. (TX)",23655.6,operations-support,Verified,https://api.usaspending.gov/api/v2/search/spending_by_award/,ICE contract award 70CMSD24FR0000111 from USAspending (award-level obligation).,operations-support,Partial,Unknown / multi-site
2024-08-26,MK2 TECHNOLOGIES LLC (DC),329189.79,it-services,Verified,https://api.usaspending.gov/api/v2/search/spending_by_award/,ICE contract award 70CMSW24FR0000082 from USAspending (award-level obligation).,it-services,Partial,Unknown / multi-site
2024-08-26,GETDATA (DC),90000.0,operations-support,Verified,https://api.usaspending.gov/api/v2/search/spending_by_award/,ICE contract award 70CMSD24P00000105 from USAspending (award-level obligation).,operations-support,Partial,Unknown / multi-site
2024-08-26,STERICYCLE INC (TX),4160.0,operations-support,Verified,https://api.usaspending.gov/api/v2/search/spending_by_award/,ICE contract award 70CMSD24P00000060 from USAspending (award-level obligation).,operations-support,Partial,Unknown / multi-site
2024-08-26,"WORKWEAR OUTFITTERS, LLC (DC)",860040.75,operations-support,Verified,https://api.usaspending.gov/api/v2/search/spending_by_award/,ICE contract award 70CMSD24FR0000110 from USAspending (award-level obligation).,operations-support,Partial,Unknown / multi-site
2024-08-23,"CONVERGEONE GOVERNMENT SOLUTIONS, LLC (CA)",22699.77,it-services,Verified,https://api.usaspending.gov/api/v2/search/spending_by_award/,ICE contract award 70CTD024FC0000020 from USAspending (award-level obligation).,it-services,Partial,Unknown / multi-site
2024-08-23,"ATLANTIC DIVING SUPPLY, INC. (VA)",38924.06,operations-support,Verified,https://api.usaspending.gov/api/v2/search/spending_by_award/,ICE contract award 70CMSW24FR0000091 from USAspending (award-level obligation).,operations-support,Partial,Unknown / multi-site
2024-08-23,PRICE MODERN LLC (LA),12759.87,it-services,Verified,https://api.usaspending.gov/api/v2/search/spending_by_award/,ICE contract award 70CMSW24FC0000097 from USAspending (award-level obligation).,it-services,Partial,Unknown / multi-site
2024-08-23,PRICE MODERN LLC (PR),504515.43,it-services,Verified,https://api.usaspending.gov/api/v2/search/spending_by_award/,ICE contract award 70CMSW24FC0000095 from USAspending (award-level obligation).,it-services,Partial,Unknown / multi-site
2024-08-23,RELX INC. (DC),41731.2,operations-support,Verified,https://api.usaspending.gov/api/v2/search/spending_by_award/,ICE contract award 70CMSD24P00000109 from USAspending (award-level obligation).,operations-support,Partial,Unknown / multi-site
2024-08-23,REGULA FORENSICS INC (VA),71500.0,operations-support,Verified,https://api.usaspending.gov/api/v2/search/spending_by_award/,ICE contract award 70CMSD24P00000107 from USAspending (award-level obligation).,operations-support,Partial,Unknown / multi-site
2024-08-22,INTERNATIONAL CARTRIDGE CORP (PA),349685.48,it-services,Verified,https://api.usaspending.gov/api/v2/search/spending_by_award/,ICE contract award 70CMSW24FR0000092 from USAspending (award-level obligation).,it-services,Partial,Unknown / multi-site
2024-08-22,"AXON ENTERPRISE, INC. (AZ)",3762500.0,operations-support,Verified,https://api.usaspending.gov/api/v2/search/spending_by_award/,ICE contract award 70CMSW24FR0000066 from USAspending (award-level obligation).,operations-support,Partial,Unknown / multi-site
2024-08-22,PRICE MODERN LLC (NJ),11606.6,it-services,Verified,https://api.usaspending.gov/api/v2/search/spending_by_award/,ICE contract award 70CMSW24FC0000101 from USAspending (award-level obligation).,it-services,Partial,Unknown / multi-site
2024-08-22,THERMO SCIENTIFIC PORTABLE ANALYTICAL INSTRUMENTS INC. (FL),4640.0,air-transport,Verified,https://api.usaspending.gov/api/v2/search/spending_by_award/,ICE contract award 70CMSD24P00000111 from USAspending (award-level obligation).,air-transport,Partial,Unknown / multi-site
2024-08-22,IBUY DISTRIBUTION LLC (DC),500669.0,operations-support,Verified,https://api.usaspending.gov/api/v2/search/spending_by_award/,ICE contract award 70CMSD24FR0000108 from USAspending (award-level obligation).,operations-support,Partial,Unknown / multi-site
2024-08-22,SIGNALSCAPE INC (NM),20065.0,operations-support,Verified,https://api.usaspending.gov/api/v2/search/spending_by_award/,ICE contract award 70CMSD24FR0000107 from USAspending (award-level obligation).,operations-support,Partial,Unknown / multi-site
2024-08-21,SIG SAUER INC. (NH),159279.25,operations-support,Verified,https://api.usaspending.gov/api/v2/search/spending_by_award/,ICE contract award 70CMSW24FC0000096 from USAspending (award-level obligation).,operations-support,Partial,Unknown / multi-site
2024-08-21,"KCORP RELIANCE COMPANY, INC. (FL)",818296.98,detention-operations,Verified,https://api.usaspending.gov/api/v2/search/spending_by_award/,ICE contract award 70CMSW24C00000022 from USAspending (award-level obligation).,detention-operations,Partial,Unknown / multi-site
2024-08-20,"TYRRELLTECH, INC. (MD)",191476.5,operations-support,Verified,https://api.usaspending.gov/api/v2/search/spending_by_award/,ICE contract award 70CMSD24P00000102 from USAspending (award-level obligation).,operations-support,Partial,Unknown / multi-site
2024-08-20,"SNAP, INC (VA)",97462.0,operations-support,Verified,https://api.usaspending.gov/api/v2/search/spending_by_award/,ICE contract award 70CMSD24FR0000103 from USAspending (award-level obligation).,operations-support,Partial,Unknown / multi-site
2024-08-19,"FOUR POINTS TECHNOLOGY, L.L.C. (VA)",618975.0,operations-support,Verified,https://api.usaspending.gov/api/v2/search/spending_by_award/,ICE contract award 70CTD024FR0000053 from USAspending (award-level obligation).,operations-support,Partial,Unknown / multi-site
2024-08-19,"ANACAPA MICRO PRODUCTS, INC. (DC)",45196.89,it-services,Verified,https://api.usaspending.gov/api/v2/search/spending_by_award/,ICE contract award 70CTD024FR0000052 from USAspending (award-level obligation).,it-services,Partial,Unknown / multi-site
2024-08-19,BLUE TECH INC. (TX),22615.95,it-services,Verified,https://api.usaspending.gov/api/v2/search/spending_by_award/,ICE contract award 70CTD024FR0000042 from USAspending (award-level obligation).,it-services,Partial,Unknown / multi-site
2024-08-19,HYATT CORPORATION (TX),17420.0,operations-support,Verified,https://api.usaspending.gov/api/v2/search/spending_by_award/,ICE contract award 70CMSW24P00000011 from USAspending (award-level obligation).,operations-support,Partial,Unknown / multi-site
2024-08-19,"INTEGRATED SECURITY TECHNOLOGIES, INC (VA)",13130.03,operations-support,Verified,https://api.usaspending.gov/api/v2/search/spending_by_award/,ICE contract award 70CMSD24P00000097 from USAspending (award-level obligation).,operations-support,Partial,Unknown / multi-site
2024-08-19,GETDATA (VA),190933.15,operations-support,Verified,https://api.usaspending.gov/api/v2/search/spending_by_award/,ICE contract award 70CMSD24P00000038 from USAspending (award-level obligation).,operations-support,Partial,Unknown / multi-site
2024-08-18,"THUNDERCAT TECHNOLOGY, LLC (DC)",35216.77,operations-support,Verified,https://api.usaspending.gov/api/v2/search/spending_by_award/,ICE contract award 70CTD024FR0000045 from USAspending (award-level obligation).,operations-support,Partial,Unknown / multi-site
2024-08-18,"THE GEO GROUP, INC. (FL)",49978428.0,detention-operations,Verified,https://api.usaspending.gov/api/v2/search/spending_by_award/,ICE contract award 70CDCR25FR0000097 from USAspending (award-level obligation).,air-transport,Verified,ICE Air / Removal Operations
2024-08-18,"CORECIVIC, INC. (TX)",52488893.0,detention-operations,Verified,https://api.usaspending.gov/api/v2/search/spending_by_award/,ICE contract award 70CDCR24FR0000051 from USAspending (award-level obligation).,air-transport,Verified,ICE Air / Removal Operations
2024-08-17,IRON MOUNTAIN INFORMATION MANAGEMENT LLC (DC),513266.4,operations-support,Verified,https://api.usaspending.gov/api/v2/search/spending_by_award/,ICE contract award 70CTD024FC0000018 from USAspending (award-level obligation).,operations-support,Partial,Unknown / multi-site
2024-08-17,"THE GEO GROUP, INC. (TX)",61884954.77,operations-support,Verified,https://api.usaspending.gov/api/v2/search/spending_by_award/,ICE contract award 70CDCR24FR0000056 from USAspending (award-level obligation).,operations-support,Partial,Unknown / multi-site
2024-08-16,CGI FEDERAL INC. (VA),244167.6,operations-support,Verified,https://api.usaspending.gov/api/v2/search/spending_by_award/,ICE contract award 70CTD024FR0000051 from USAspending (award-level obligation).,operations-support,Partial,Unknown / multi-site
2024-08-16,"SNAP, INC (VA)",121785.55,operations-support,Verified,https://api.usaspending.gov/api/v2/search/spending_by_award/,ICE contract award 70CTD024FR0000047 from USAspending (award-level obligation).,operations-support,Partial,Unknown / multi-site
2024-08-16,"FOUR POINTS TECHNOLOGY, L.L.C. (VA)",28038925.98,operations-support,Verified,https://api.usaspending.gov/api/v2/search/spending_by_award/,ICE contract award 70CTD024FC0000017 from USAspending (award-level obligation).,operations-support,Partial,Unknown / multi-site
2024-08-16,"FOUR POINTS TECHNOLOGY, L.L.C. (VA)",10901405.9,operations-support,Verified,https://api.usaspending.gov/api/v2/search/spending_by_award/,ICE contract award 70CTD024FC0000015 from USAspending (award-level obligation).,operations-support,Partial,Unknown / multi-site
2024-08-16,"AXON ENTERPRISE, INC. (GA)",52342.88,operations-support,Verified,https://api.usaspending.gov/api/v2/search/spending_by_award/,ICE contract award 70CMSW24FR0000086 from USAspending (award-level obligation).,operations-support,Partial,Unknown / multi-site
2024-08-16,"HOLITNA CONSTRUCTION, LLC (AZ)",973106.21,it-services,Verified,https://api.usaspending.gov/api/v2/search/spending_by_award/,ICE contract award 70CMSW24C00000015 from USAspending (award-level obligation).,it-services,Partial,Unknown / multi-site
2024-08-16,"TRM LABS, INC. (VA)",40000.0,operations-support,Verified,https://api.usaspending.gov/api/v2/search/spending_by_award/,ICE contract award 70CMSD24P00000094 from USAspending (award-level obligation).,operations-support,Partial,Unknown / multi-site
2024-08-16,"TRM LABS, INC. (VA)",1662667.0,operations-support,Verified,https://api.usaspending.gov/api/v2/search/spending_by_award/,ICE contract award 70CMSD24FR0000075 from USAspending (award-level obligation).,operations-support,Partial,Unknown / multi-site
2024-08-16,"VALOR NETWORK, INC. (NJ)",2087280.0,operations-support,Verified,https://api.usaspending.gov/api/v2/search/spending_by_award/,ICE contract award 70CDCR24FR0000041 from USAspending (award-level obligation).,operations-support,Partial,Unknown / multi-site
2024-08-15,"ANACAPA MICRO PRODUCTS, INC. (DC)",145766.5,operations-support,Verified,https://api.usaspending.gov/api/v2/search/spending_by_award/,ICE contract award 70CTD024FR0000033 from USAspending (award-level obligation).,operations-support,Partial,Unknown / multi-site
2024-08-15,"LEADSONLINE PARENT, LLC (TX)",11325.0,operations-support,Verified,https://api.usaspending.gov/api/v2/search/spending_by_award/,ICE contract award 70CMSD24P00000090 from USAspending (award-level obligation).,operations-support,Partial,Unknown / multi-site
2024-08-15,AMERICAN PUBLIC TRAINING LLC (TX),23231.0,operations-support,Verified,https://api.usaspending.gov/api/v2/search/spending_by_award/,ICE contract award 70CMSD24P00000079 from USAspending (award-level obligation).,operations-support,Partial,Unknown / multi-site
2024-08-15,"FCN, INC. (DC)",63290.8,operations-support,Verified,https://api.usaspending.gov/api/v2/search/spending_by_award/,ICE contract award 70CMSD24FR0000102 from USAspending (award-level obligation).,operations-support,Partial,Unknown / multi-site
2024-08-15,"PANAMERICA COMPUTERS, INC. (VA)",797256.0,operations-support,Verified,https://api.usaspending.gov/api/v2/search/spending_by_award/,ICE contract award 70CMSD24FR0000100 from USAspending (award-level obligation).,operations-support,Partial,Unknown / multi-site
2024-08-15,"PANAMERICA COMPUTERS, INC. (VA)",44919.0,operations-support,Verified,https://api.usaspending.gov/api/v2/search/spending_by_award/,ICE contract award 70CMSD24FR0000082 from USAspending (award-level obligation).,operations-support,Partial,Unknown / multi-site
2024-08-15,"FCN, INC. (TX)",54900.0,operations-support,Verified,https://api.usaspending.gov/api/v2/search/spending_by_award/,ICE contract award 70CMSD24FC0000024 from USAspending (award-level obligation).,operations-support,Partial,Unknown / multi-site
2024-08-14,"TECHOPS SPECIALTY VEHICLES, LLC (MD)",47851.29,air-transport,Verified,https://api.usaspending.gov/api/v2/search/spending_by_award/,ICE contract award 70CMSD24P00000096 from USAspending (award-level obligation).,air-transport,Partial,Unknown / multi-site
2024-08-14,FLIGHTWAVE AEROSPACE SYSTEMS CORPORATION (CA),35300.0,operations-support,Verified,https://api.usaspending.gov/api/v2/search/spending_by_award/,ICE contract award 70CMSD24P00000095 from USAspending (award-level obligation).,operations-support,Partial,Unknown / multi-site
2024-08-13,"ATLANTIC DIVING SUPPLY, INC. (VA)",190530.0,operations-support,Verified,https://api.usaspending.gov/api/v2/search/spending_by_award/,ICE contract award 70CMSW24P00000032 from USAspending (award-level obligation).,operations-support,Partial,Unknown / multi-site
2024-08-13,"THE GRACELAND COLLEGE CENTER FOR PROFESSIONAL DEVELOPMENT AND LIFELONG LEARNING, INC (KS)",7600.0,operations-support,Verified,https://api.usaspending.gov/api/v2/search/spending_by_award/,ICE contract award 70CMSW24P00000019 from USAspending (award-level obligation).,operations-support,Partial,Unknown / multi-site
2024-08-13,"MANDIANT, INC. (VA)",40480.0,it-services,Verified,https://api.usaspending.gov/api/v2/search/spending_by_award/,ICE contract award 70CMSD24P00000086 from USAspending (award-level obligation).,it-services,Partial,Unknown / multi-site
2024-08-12,GEISSELE AUTOMATICS LLC (GA),12224.16,operations-support,Verified,https://api.usaspending.gov/api/v2/search/spending_by_award/,ICE contract award 70CMSW24FR0000079 from USAspending (award-level obligation).,operations-support,Partial,Unknown / multi-site
2024-08-12,"TRUKINETICS, LLC (GA)",27748.0,operations-support,Verified,https://api.usaspending.gov/api/v2/search/spending_by_award/,ICE contract award 70CMSD24P00000093 from USAspending (award-level obligation).,operations-support,Partial,Unknown / multi-site
2024-08-12,"MAGNET FORENSICS, LLC (VA)",80000.0,operations-support,Verified,https://api.usaspending.gov/api/v2/search/spending_by_award/,ICE contract award 70CMSD24P00000045 from USAspending (award-level obligation).,operations-support,Partial,Unknown / multi-site
2024-08-12,"FS PARTNERS, LLP (CO)",120777.13,operations-support,Verified,https://api.usaspending.gov/api/v2/search/spending_by_award/,ICE contract award 70CMSD24FR0000087 from USAspending (award-level obligation).,operations-support,Partial,Unknown / multi-site
2024-08-12,GUIDEHOUSE INC. (VA),440640.0,it-services,Verified,https://api.usaspending.gov/api/v2/search/spending_by_award/,ICE contract award 70CMSD24FR0000070 from USAspending (award-level obligation).,it-services,Partial,Unknown / multi-site
2024-08-12,"FCN, INC. (TX)",355961.76,operations-support,Verified,https://api.usaspending.gov/api/v2/search/spending_by_award/,ICE contract award 70CMSD24FC0000025 from USAspending (award-level obligation).,operations-support,Partial,Unknown / multi-site
2024-08-10,BLUE TECH INC. (VA),188051.8,operations-support,Verified,https://api.usaspending.gov/api/v2/search/spending_by_award/,ICE contract award 70CMSD24FR0000093 from USAspending (award-level obligation).,operations-support,Partial,Unknown / multi-site
2024-08-09,GLOBAL ASSETS INTEGRATED LLC (NV),24748.33,operations-support,Verified,https://api.usaspending.gov/api/v2/search/spending_by_award/,ICE contract award 70CMSW24P00000031 from USAspending (award-level obligation).,operations-support,Partial,Unknown / multi-site
2024-08-09,"SEILEVEL PARTNERS, LP (TX)",20081.0,it-services,Verified,https://api.usaspending.gov/api/v2/search/spending_by_award/,ICE contract award 70CMSW24P00000029 from USAspending (award-level obligation).,it-services,Partial,Unknown / multi-site
2024-08-09,"HOLITNA CONSTRUCTION, LLC (DC)",62317.26,it-services,Verified,https://api.usaspending.gov/api/v2/search/spending_by_award/,ICE contract award 70CMSW24FR0000088 from USAspending (award-level obligation).,it-services,Partial,Unknown / multi-site
2024-08-09,BGRS RELOCATION INC (IL),259350.0,operations-support,Verified,https://api.usaspending.gov/api/v2/search/spending_by_award/,ICE contract award 70CMSW24FC0000092 from USAspending (award-level obligation).,operations-support,Partial,Unknown / multi-site
2024-08-09,AIRBORNE OUTFITTERS LLC (GA),20449.75,operations-support,Verified,https://api.usaspending.gov/api/v2/search/spending_by_award/,ICE contract award 70CMSW24FC0000091 from USAspending (award-level obligation).,operations-support,Partial,Unknown / multi-site
2024-08-08,"FOUR POINTS TECHNOLOGY, L.L.C. (VA)",499999.38,operations-support,Verified,https://api.usaspending.gov/api/v2/search/spending_by_award/,ICE contract award 70CTD024FC0000016 from USAspending (award-level obligation).,operations-support,Partial,Unknown / multi-site
2024-08-08,FIRELAKE CONSTRUCTION INC (AL),78617.39,it-services,Verified,https://api.usaspending.gov/api/v2/search/spending_by_award/,ICE contract award 70CMSW24C00000019 from USAspending (award-level obligation).,it-services,Partial,Unknown / multi-site
2024-08-07,"TACTICAL & SURVIVAL SPECIALTIES, LLC (VA)",249999.81,operations-support,Verified,https://api.usaspending.gov/api/v2/search/spending_by_award/,ICE contract award 70CMSW24FR0000087 from USAspending (award-level obligation).,operations-support,Partial,Unknown / multi-site
2024-08-07,"ORLANDO FREIGHTLINER, INC. (FL)",7022.3,air-transport,Verified,https://api.usaspending.gov/api/v2/search/spending_by_award/,ICE contract award 70CMSD24P00000088 from USAspending (award-level obligation).,air-transport,Partial,Unknown / multi-site
2024-08-07,"MAGNET FORENSICS, LLC (VA)",18000.0,operations-support,Verified,https://api.usaspending.gov/api/v2/search/spending_by_award/,ICE contract award 70CMSD24P00000080 from USAspending (award-level obligation).,operations-support,Partial,Unknown / multi-site
2024-08-07,"FCN, INC. (VA)",21356.12,operations-support,Verified,https://api.usaspending.gov/api/v2/search/spending_by_award/,ICE contract award 70CMSD24FR0000088 from USAspending (award-level obligation).,operations-support,Partial,Unknown / multi-site
2024-08-07,"GETTYSBURG ADDRESSES, INC. (PA)",22400.0,operations-support,Verified,https://api.usaspending.gov/api/v2/search/spending_by_award/,ICE contract award 70CMSD24FR0000085 from USAspending (award-level obligation).,operations-support,Partial,Unknown / multi-site
2024-08-06,BLUE TECH INC. (TX),84765.0,operations-support,Verified,https://api.usaspending.gov/api/v2/search/spending_by_award/,ICE contract award 70CMSD24FR0000081 from USAspending (award-level obligation).,operations-support,Partial,Unknown / multi-site
2024-08-06,"THE GEO GROUP, INC. (TX)",60523845.63,detention-operations,Verified,https://api.usaspending.gov/api/v2/search/spending_by_award/,ICE contract award 70CDCR24FR0000038 from USAspending (award-level obligation).,air-transport,Verified,ICE Air / Removal Operations
2024-08-05,"GUARDIAN CENTERS OF GEORGIA, LLC (GA)",34029.4,operations-support,Verified,https://api.usaspending.gov/api/v2/search/spending_by_award/,ICE contract award 70CMSW24P00000006 from USAspending (award-level obligation).,operations-support,Partial,Unknown / multi-site
2024-08-05,"MCGRATH AUTOMOTIVE GROUP, INC (IA)",8702.24,air-transport,Verified,https://api.usaspending.gov/api/v2/search/spending_by_award/,ICE contract award 70CMSD24P00000087 from USAspending (award-level obligation).,air-transport,Partial,Unknown / multi-site
2024-08-05,"SNAP, INC (VA)",156211.44,it-services,Verified,https://api.usaspending.gov/api/v2/search/spending_by_award/,ICE contract award 70CMSD24FR0000083 from USAspending (award-level obligation).,it-services,Partial,Unknown / multi-site
2024-08-05,"PINNACLE LIVE, LLC (TX)",26043.05,operations-support,Verified,https://api.usaspending.gov/api/v2/search/spending_by_award/,ICE contract award 70CDCR24P00000019 from USAspending (award-level obligation).,operations-support,Partial,Unknown / multi-site
2024-08-02,"LAFAYETTE INSTRUMENT COMPANY, LLC (IN)",19140.0,operations-support,Verified,https://api.usaspending.gov/api/v2/search/spending_by_award/,ICE contract award 70CMSD24P00000083 from USAspending (award-level obligation).,operations-support,Partial,Unknown / multi-site
2024-08-02,A&A HARRIS ENTERPRISES (CA),12018.2,it-services,Verified,https://api.usaspending.gov/api/v2/search/spending_by_award/,ICE contract award 70CMSD24P00000072 from USAspending (award-level obligation).,it-services,Partial,Unknown / multi-site
2024-08-01,AKIRA TECHNOLOGIES INC. (VA),3331110.38,operations-support,Verified,https://api.usaspending.gov/api/v2/search/spending_by_award/,ICE contract award 70CTD024FR0000044 from USAspending (award-level obligation).,operations-support,Partial,Unknown / multi-site
2024-08-01,"THUNDERCAT TECHNOLOGY, LLC (AZ)",40640.76,operations-support,Verified,https://api.usaspending.gov/api/v2/search/spending_by_award/,ICE contract award 70CTD024FR0000035 from USAspending (award-level obligation).,operations-support,Partial,Unknown / multi-site
2024-08-01,"NOBLE SUPPLY & LOGISTICS, LLC (MA)",249299.86,operations-support,Verified,https://api.usaspending.gov/api/v2/search/spending_by_award/,ICE contract award 70CMSW24P00000022 from USAspending (award-level obligation).,operations-support,Partial,Unknown / multi-site
2024-08-01,"ATLANTIC DIVING SUPPLY, INC. (VA)",85396.6,it-services,Verified,https://api.usaspending.gov/api/v2/search/spending_by_award/,ICE contract award 70CMSW24FR0000081 from USAspending (award-level obligation).,it-services,Partial,Unknown / multi-site
2024-08-01,"TACTICAL & SURVIVAL SPECIALTIES, LLC (GA)",31227.4,it-services,Verified,https://api.usaspending.gov/api/v2/search/spending_by_award/,ICE contract award 70CMSW24FR0000078 from USAspending (award-level obligation).,it-services,Partial,Unknown / multi-site
2024-08-01,"ATLANTIC DIVING SUPPLY, INC. (FL)",40500.0,operations-support,Verified,https://api.usaspending.gov/api/v2/search/spending_by_award/,ICE contract award 70CMSW24FC0000089 from USAspending (award-level obligation).,operations-support,Partial,Unknown / multi-site
2024-08-01,"MOI, INC. (VA)",796768.01,it-services,Verified,https://api.usaspending.gov/api/v2/search/spending_by_award/,ICE contract award 70CMSW24FC0000078 from USAspending (award-level obligation).,it-services,Partial,Unknown / multi-site
2024-08-01,PRICE MODERN LLC (TX),179980.84,it-services,Verified,https://api.usaspending.gov/api/v2/search/spending_by_award/,ICE contract award 70CMSW24FC0000074 from USAspending (award-level obligation).,it-services,Partial,Unknown / multi-site
2024-08-01,PRICE MODERN LLC (LA),303274.12,detention-operations,Verified,https://api.usaspending.gov/api/v2/search/spending_by_award/,ICE contract award 70CMSW24FC0000069 from USAspending (award-level obligation).,detention-operations,Partial,Unknown / multi-site
2024-08-01,SKOPENOW INC. (DC),19500.0,operations-support,Verified,https://api.usaspending.gov/api/v2/search/spending_by_award/,ICE contract award 70CMSD24P00000081 from USAspending (award-level obligation).,operations-support,Partial,Unknown / multi-site
2024-08-01,"CENTRIPETAL NETWORKS, LLC (VA)",291863.76,operations-support,Verified,https://api.usaspending.gov/api/v2/search/spending_by_award/,ICE contract award 70CMSD24P00000063 from USAspending (award-level obligation).,operations-support,Partial,Unknown / multi-site
2024-08-01,COMCAST GOVERNMENT SERVICES LLC (TX),22649.7,operations-support,Verified,https://api.usaspending.gov/api/v2/search/spending_by_award/,ICE contract award 70CMSD24P00000057 from USAspending (award-level obligation).,operations-support,Partial,Unknown / multi-site
2024-08-01,"HOTELES SHERATON, S. DE R.L. DE C.V. (NA)",32870.88,operations-support,Verified,https://api.usaspending.gov/api/v2/search/spending_by_award/,ICE contract award 70CMSD24P00000049 from USAspending (award-level obligation).,operations-support,Partial,Unknown / multi-site
2024-08-01,MOUNTAIN HORSE LLC (DC),996666.68,operations-support,Verified,https://api.usaspending.gov/api/v2/search/spending_by_award/,ICE contract award 70CMSD24FR0000080 from USAspending (award-level obligation).,operations-support,Partial,Unknown / multi-site
2024-08-01,WATCH SYSTEMS LLC (VA),133250.0,operations-support,Verified,https://api.usaspending.gov/api/v2/search/spending_by_award/,ICE contract award 70CMSD24FR0000074 from USAspending (award-level obligation).,operations-support,Partial,Unknown / multi-site
2024-08-01,"C & C INTERNATIONAL COMPUTERS & CONSULTANTS, INC. (VA)",4200.0,operations-support,Verified,https://api.usaspending.gov/api/v2/search/spending_by_award/,ICE contract award 70CMSD24FR0000073 from USAspending (award-level obligation).,operations-support,Partial,Unknown / multi-site
2024-08-01,"FCN, INC. (DC)",28740.06,operations-support,Verified,https://api.usaspending.gov/api/v2/search/spending_by_award/,ICE contract award 70CMSD24FC0000020 from USAspending (award-level obligation).,operations-support,Partial,Unknown / multi-site
2024-08-01,"DENTRUST DENTAL INTERNATIONAL, INC. (TX)",290707.93,medical-services,Verified,https://api.usaspending.gov/api/v2/search/spending_by_award/,ICE contract award 70CMSD24C00000002 from USAspending (award-level obligation).,medical-services,Partial,Unknown / multi-site
2024-08-01,XTREME LOGISTIX LLC (TX),34096.8,operations-support,Verified,https://api.usaspending.gov/api/v2/search/spending_by_award/,ICE contract award 70CDCR24P00000021 from USAspending (award-level obligation).,operations-support,Partial,Unknown / multi-site
2024-08-01,"LEIDOS SECURITY DETECTION & AUTOMATION, INC. (FL)",6200.0,detention-operations,Verified,https://api.usaspending.gov/api/v2/search/spending_by_award/,ICE contract award 70CDCR24P00000018 from USAspending (award-level obligation).,operations-support,Partial,Unknown / multi-site
2024-08-01,TALTON COMMUNICATIONS INC (AL),11343.59,it-services,Verified,https://api.usaspending.gov/api/v2/search/spending_by_award/,ICE contract award 70CDCR24FR0000055 from USAspending (award-level obligation).,it-services,Partial,Unknown / multi-site
2024-08-01,B.I. INCORPORATED (DC),270648323.5,operations-support,Verified,https://api.usaspending.gov/api/v2/search/spending_by_award/,ICE contract award 70CDCR24FR0000049 from USAspending (award-level obligation).,non-custodial-supervision,Verified,ISAP Program
2024-08-01,"CORECIVIC, INC. (TN)",24394912.37,operations-support,Verified,https://api.usaspending.gov/api/v2/search/spending_by_award/,ICE contract award 70CDCR24FR0000039 from USAspending (award-level obligation).,operations-support,Partial,Unknown / multi-site
2024-08-01,"THE ARORA GROUP, INC. (LA)",54308292.16,medical-services,Verified,https://api.usaspending.gov/api/v2/search/spending_by_award/,ICE contract award 70CDCR24FR0000035 from USAspending (award-level obligation).,medical-services,Verified,IHSC Medical Services
2024-07-31,"RELIANCE RELOCATION SERVICES, INC (IL)",450000.0,operations-support,Verified,https://api.usaspending.gov/api/v2/search/spending_by_award/,ICE contract award 70CMSW24FC0000090 from USAspending (award-level obligation).,operations-support,Partial,Unknown / multi-site
2024-07-31,BLUE TECH INC. (CA),35646.0,operations-support,Verified,https://api.usaspending.gov/api/v2/search/spending_by_award/,ICE contract award 70CMSD24FR0000077 from USAspending (award-level obligation).,operations-support,Partial,Unknown / multi-site
2024-07-31,G4S SECURE SOLUTIONS (USA) INC. (AZ),11707970.0,detention-operations,Verified,https://api.usaspending.gov/api/v2/search/spending_by_award/,ICE contract award 70CDCR24FR0000042 from USAspending (award-level obligation).,detention-operations,Partial,Unknown / multi-site
2024-07-30,AMERICAN PUBLIC TRAINING LLC (DC),5946.0,operations-support,Verified,https://api.usaspending.gov/api/v2/search/spending_by_award/,ICE contract award 70CMSW24P00000027 from USAspending (award-level obligation).,operations-support,Partial,Unknown / multi-site
2024-07-30,REALLY RIGHT STUFF LLC (GA),31590.0,operations-support,Verified,https://api.usaspending.gov/api/v2/search/spending_by_award/,ICE contract award 70CMSW24P00000023 from USAspending (award-level obligation).,operations-support,Partial,Unknown / multi-site
2024-07-30,GOVERNMENT ACQUISITIONS INC (DC),414691.8,operations-support,Verified,https://api.usaspending.gov/api/v2/search/spending_by_award/,ICE contract award 70CMSD24FR0000079 from USAspending (award-level obligation).,operations-support,Partial,Unknown / multi-site
2024-07-30,"FCN, INC. (GA)",395981.52,operations-support,Verified,https://api.usaspending.gov/api/v2/search/spending_by_award/,ICE contract award 70CMSD24FC0000019 from USAspending (award-level obligation).,operations-support,Partial,Unknown / multi-site
2024-07-30,G4S SECURE SOLUTIONS (USA) INC. (CA),16634143.8,detention-operations,Verified,https://api.usaspending.gov/api/v2/search/spending_by_award/,ICE contract award 70CDCR24FR0000047 from USAspending (award-level obligation).,detention-operations,Partial,Unknown / multi-site
2024-07-30,G4S SECURE SOLUTIONS (USA) INC. (CA),15472860.33,detention-operations,Verified,https://api.usaspending.gov/api/v2/search/spending_by_award/,ICE contract award 70CDCR24FR0000046 from USAspending (award-level obligation).,detention-operations,Partial,Unknown / multi-site
2024-07-29,"PANAMERICA COMPUTERS, INC. (VA)",1633468.54,operations-support,Verified,https://api.usaspending.gov/api/v2/search/spending_by_award/,ICE contract award 70CTD024FR0000036 from USAspending (award-level obligation).,operations-support,Partial,Unknown / multi-site
2024-07-29,PRICE MODERN LLC (NJ),137543.1,it-services,Verified,https://api.usaspending.gov/api/v2/search/spending_by_award/,ICE contract award 70CMSW24FC0000088 from USAspending (award-level obligation).,it-services,Partial,Unknown / multi-site
2024-07-29,QUANTICO TACTICAL INCORPORATED (NC),69231.0,it-services,Verified,https://api.usaspending.gov/api/v2/search/spending_by_award/,ICE contract award 70CMSW24FC0000087 from USAspending (award-level obligation).,it-services,Partial,Unknown / multi-site
2024-07-26,PRICE MODERN LLC (DE),58650.0,it-services,Verified,https://api.usaspending.gov/api/v2/search/spending_by_award/,ICE contract award 70CMSW25FC0000004 from USAspending (award-level obligation).,it-services,Partial,Unknown / multi-site
2024-07-26,PRICE MODERN LLC (TX),30076.66,it-services,Verified,https://api.usaspending.gov/api/v2/search/spending_by_award/,ICE contract award 70CMSW24FC0000093 from USAspending (award-level obligation).,it-services,Partial,Unknown / multi-site
2024-07-26,PRICE MODERN LLC (NY),84252.4,it-services,Verified,https://api.usaspending.gov/api/v2/search/spending_by_award/,ICE contract award 70CMSW24FC0000084 from USAspending (award-level obligation).,it-services,Partial,Unknown / multi-site
2024-07-26,XENTURIS LLC (MT),246971.81,operations-support,Verified,https://api.usaspending.gov/api/v2/search/spending_by_award/,ICE contract award 70CMSD24P00000071 from USAspending (award-level obligation).,operations-support,Partial,Unknown / multi-site
2024-07-25,"MANAGEMENT CONCEPTS, INC (VA)",94214.0,operations-support,Verified,https://api.usaspending.gov/api/v2/search/spending_by_award/,ICE contract award 70CMSW24P00000026 from USAspending (award-level obligation).,operations-support,Partial,Unknown / multi-site
2024-07-25,"MANAGEMENT CONCEPTS, INC (DC)",10699.0,operations-support,Verified,https://api.usaspending.gov/api/v2/search/spending_by_award/,ICE contract award 70CMSW24FR0000080 from USAspending (award-level obligation).,operations-support,Partial,Unknown / multi-site
2024-07-25,QUANTICO TACTICAL INCORPORATED (NC),147782.5,operations-support,Verified,https://api.usaspending.gov/api/v2/search/spending_by_award/,ICE contract award 70CMSW24FC0000086 from USAspending (award-level obligation).,operations-support,Partial,Unknown / multi-site
2024-07-25,"METROTEC, INC. (DC)",4995.2,operations-support,Verified,https://api.usaspending.gov/api/v2/search/spending_by_award/,ICE contract award 70CMSW24C00000016 from USAspending (award-level obligation).,operations-support,Partial,Unknown / multi-site
2024-07-25,VCLOUD TECH INC (TX),15629.76,it-services,Verified,https://api.usaspending.gov/api/v2/search/spending_by_award/,ICE contract award 70CMSD24P00000073 from USAspending (award-level obligation).,it-services,Partial,Unknown / multi-site
2024-07-24,AARDVARK (CA),36083.0,operations-support,Verified,https://api.usaspending.gov/api/v2/search/spending_by_award/,ICE contract award 70CMSW24FR0000084 from USAspending (award-level obligation).,operations-support,Partial,Unknown / multi-site
2024-07-24,PRICE MODERN LLC (PR),280181.98,it-services,Verified,https://api.usaspending.gov/api/v2/search/spending_by_award/,ICE contract award 70CMSW24FC0000079 from USAspending (award-level obligation).,it-services,Partial,Unknown / multi-site
2024-07-24,TUTTLE CLICK TUSTIN INC (CA),6725.0,air-transport,Verified,https://api.usaspending.gov/api/v2/search/spending_by_award/,ICE contract award 70CMSD24P00000074 from USAspending (award-level obligation).,air-transport,Partial,Unknown / multi-site
2024-07-24,"CHAINALYSIS GOVERNMENT SOLUTIONS, LLC (DC)",622617.1,operations-support,Verified,https://api.usaspending.gov/api/v2/search/spending_by_award/,ICE contract award 70CMSD24FR0000072 from USAspending (award-level obligation).,operations-support,Partial,Unknown / multi-site
2024-07-24,"TRM LABS, INC. (DC)",476000.0,operations-support,Verified,https://api.usaspending.gov/api/v2/search/spending_by_award/,ICE contract award 70CMSD24FR0000071 from USAspending (award-level obligation).,operations-support,Partial,Unknown / multi-site
2024-07-23,BLUE TECH INC. (VA),31510.0,operations-support,Verified,https://api.usaspending.gov/api/v2/search/spending_by_award/,ICE contract award 70CTD024FR0000039 from USAspending (award-level obligation).,operations-support,Partial,Unknown / multi-site
2024-07-23,"THE GEO GROUP, INC. (GA)",551700.0,detention-operations,Verified,https://api.usaspending.gov/api/v2/search/spending_by_award/,ICE contract award 70CDCR24FC0000005 from USAspending (award-level obligation).,detention-operations,Partial,Unknown / multi-site
2024-07-22,"AVAYA FEDERAL SOLUTIONS, INC. (DC)",162000.0,operations-support,Verified,https://api.usaspending.gov/api/v2/search/spending_by_award/,ICE contract award 70CTD024FR0000041 from USAspending (award-level obligation).,operations-support,Partial,Unknown / multi-site
2024-07-22,"NOBLE SUPPLY & LOGISTICS, LLC (GA)",30000.0,operations-support,Verified,https://api.usaspending.gov/api/v2/search/spending_by_award/,ICE contract award 70CMSW24P00000024 from USAspending (award-level obligation).,operations-support,Partial,Unknown / multi-site
2024-07-22,PRICE MODERN LLC (MD),9000.0,it-services,Verified,https://api.usaspending.gov/api/v2/search/spending_by_award/,ICE contract award 70CMSW24FC0000083 from USAspending (award-level obligation).,it-services,Partial,Unknown / multi-site
2024-07-19,THE KINETIC GROUP SALES LLC (MN),249905.6,it-services,Verified,https://api.usaspending.gov/api/v2/search/spending_by_award/,ICE contract award 70CMSW24FR0000083 from USAspending (award-level obligation).,it-services,Partial,Unknown / multi-site
2024-07-19,PRICE MODERN LLC (MD),4920.0,it-services,Verified,https://api.usaspending.gov/api/v2/search/spending_by_award/,ICE contract award 70CMSW24FC0000081 from USAspending (award-level obligation).,it-services,Partial,Unknown / multi-site
2024-07-19,PRICE MODERN LLC (MD),468169.66,it-services,Verified,https://api.usaspending.gov/api/v2/search/spending_by_award/,ICE contract award 70CMSW24FC0000080 from USAspending (award-level obligation).,it-services,Partial,Unknown / multi-site
2024-07-19,MASHIMA ELECTRIC LLC (HI),88438.09,it-services,Verified,https://api.usaspending.gov/api/v2/search/spending_by_award/,ICE contract award 70CMSW24C00000014 from USAspending (award-level obligation).,it-services,Partial,Unknown / multi-site
2024-07-18,"EXCENTIUM, INC (DC)",93370.0,operations-support,Verified,https://api.usaspending.gov/api/v2/search/spending_by_award/,ICE contract award 70CTD024P00000007 from USAspending (award-level obligation).,operations-support,Partial,Unknown / multi-site
2024-07-18,"ATLANTIC DIVING SUPPLY, INC. (FL)",247001.5,operations-support,Verified,https://api.usaspending.gov/api/v2/search/spending_by_award/,ICE contract award 70CMSW24FC0000082 from USAspending (award-level obligation).,operations-support,Partial,Unknown / multi-site
2024-07-18,IRON MOUNTAIN INFORMATION MANAGEMENT LLC (CA),101228.66,operations-support,Verified,https://api.usaspending.gov/api/v2/search/spending_by_award/,ICE contract award 70CMSD24FC0000018 from USAspending (award-level obligation).,operations-support,Partial,Unknown / multi-site
2024-07-16,"AFFIGENT, LLC (VA)",43222.5,operations-support,Verified,https://api.usaspending.gov/api/v2/search/spending_by_award/,ICE contract award 70CMSD24FR0000067 from USAspending (award-level obligation).,operations-support,Partial,Unknown / multi-site
2024-07-15,"EMERGENT, LLC (DC)",2688108.75,it-services,Verified,https://api.usaspending.gov/api/v2/search/spending_by_award/,ICE contract award 70CTD024FC0000014 from USAspending (award-level obligation).,it-services,Partial,Unknown / multi-site
2024-07-15,"EMERGENT, LLC (DC)",1410329.04,operations-support,Verified,https://api.usaspending.gov/api/v2/search/spending_by_award/,ICE contract award 70CTD024FC0000013 from USAspending (award-level obligation).,operations-support,Partial,Unknown / multi-site
2024-07-15,"HARDIGG INDUSTRIES, LLC (GA)",139630.0,operations-support,Verified,https://api.usaspending.gov/api/v2/search/spending_by_award/,ICE contract award 70CMSW24FR0000077 from USAspending (award-level obligation).,operations-support,Partial,Unknown / multi-site
2024-07-15,PEGASUS SUPPORT SERVICES LLC (GA),5048358.93,operations-support,Verified,https://api.usaspending.gov/api/v2/search/spending_by_award/,ICE contract award 70CMSW24FR0000071 from USAspending (award-level obligation).,operations-support,Partial,Unknown / multi-site
2024-07-15,PRICE MODERN LLC (MD),249649.04,it-services,Verified,https://api.usaspending.gov/api/v2/search/spending_by_award/,ICE contract award 70CMSW24FC0000064 from USAspending (award-level obligation).,it-services,Partial,Unknown / multi-site
2024-07-15,"EMERGENT, LLC (VA)",208926.0,operations-support,Verified,https://api.usaspending.gov/api/v2/search/spending_by_award/,ICE contract award 70CMSD24FC0000016 from USAspending (award-level obligation).,operations-support,Partial,Unknown / multi-site
2024-07-12,"C & C INTERNATIONAL COMPUTERS & CONSULTANTS, INC. (DC)",16623.0,operations-support,Verified,https://api.usaspending.gov/api/v2/search/spending_by_award/,ICE contract award 70CTD024FR0000038 from USAspending (award-level obligation).,operations-support,Partial,Unknown / multi-site
2024-07-12,"HOLITNA CONSTRUCTION, LLC (WA)",23466.43,it-services,Verified,https://api.usaspending.gov/api/v2/search/spending_by_award/,ICE contract award 70CMSW24FR0000076 from USAspending (award-level obligation).,it-services,Partial,Unknown / multi-site
2024-07-12,"FCN, INC. (MD)",73980.39,operations-support,Verified,https://api.usaspending.gov/api/v2/search/spending_by_award/,ICE contract award 70CMSD24FC0000017 from USAspending (award-level obligation).,operations-support,Partial,Unknown / multi-site
2024-07-11,PRICE MODERN LLC (MD),28866.16,it-services,Verified,https://api.usaspending.gov/api/v2/search/spending_by_award/,ICE contract award 70CMSW24FC0000077 from USAspending (award-level obligation).,it-services,Partial,Unknown / multi-site
2024-07-11,HIBLER NEIL S PHD ABBP (DC),165000.0,operations-support,Verified,https://api.usaspending.gov/api/v2/search/spending_by_award/,ICE contract award 70CMSD24P00000067 from USAspending (award-level obligation).,operations-support,Partial,Unknown / multi-site
2024-07-10,PRICE MODERN LLC (CA),1006581.59,it-services,Verified,https://api.usaspending.gov/api/v2/search/spending_by_award/,ICE contract award 70CMSW24FC0000065 from USAspending (award-level obligation).,it-services,Partial,Unknown / multi-site
2024-07-10,"MAGNET FORENSICS, LLC (GA)",77976.0,operations-support,Verified,https://api.usaspending.gov/api/v2/search/spending_by_award/,ICE contract award 70CMSD24P00000016 from USAspending (award-level obligation).,operations-support,Partial,Unknown / multi-site
2024-07-10,"PANAMERICA COMPUTERS, INC. (VA)",23427.91,operations-support,Verified,https://api.usaspending.gov/api/v2/search/spending_by_award/,ICE contract award 70CMSD24FR0000066 from USAspending (award-level obligation).,operations-support,Partial,Unknown / multi-site
2024-07-09,"INTEGRATED SECURITY TECHNOLOGIES, INC (VA)",11734.32,air-transport,Verified,https://api.usaspending.gov/api/v2/search/spending_by_award/,ICE contract award 70CMSD24FR0000059 from USAspending (award-level obligation).,air-transport,Partial,Unknown / multi-site
2024-07-08,TIDEWATER DISTRIBUTORS LLC (GA),17678.88,operations-support,Verified,https://api.usaspending.gov/api/v2/search/spending_by_award/,ICE contract award 70CMSW24FR0000073 from USAspending (award-level obligation).,operations-support,Partial,Unknown / multi-site
2024-07-08,PRICE MODERN LLC (MD),1063792.29,it-services,Verified,https://api.usaspending.gov/api/v2/search/spending_by_award/,ICE contract award 70CMSW24FC0000063 from USAspending (award-level obligation).,it-services,Partial,Unknown / multi-site
2024-07-08,"OMNI BUSINESS SYSTEMS, INC (NY)",2656.08,operations-support,Verified,https://api.usaspending.gov/api/v2/search/spending_by_award/,ICE contract award 70CMSD24FR0000053 from USAspending (award-level obligation).,operations-support,Partial,Unknown / multi-site
2024-07-08,"GAP SOLUTIONS, INC. (VA)",14814310.94,it-services,Verified,https://api.usaspending.gov/api/v2/search/spending_by_award/,ICE contract award 70CMSD24FR0000047 from USAspending (award-level obligation).,it-services,Partial,Unknown / multi-site
2024-07-08,AMERITEL COMMUNICATIONS CORPORATION (NJ),3216.0,operations-support,Verified,https://api.usaspending.gov/api/v2/search/spending_by_award/,ICE contract award 70CMSD24FR0000045 from USAspending (award-level obligation).,operations-support,Partial,Unknown / multi-site
2024-07-07,"GUARDIAN CENTERS OF GEORGIA, LLC (GA)",162326.7,operations-support,Verified,https://api.usaspending.gov/api/v2/search/spending_by_award/,ICE contract award 70CMSD24P00000048 from USAspending (award-level obligation).,operations-support,Partial,Unknown / multi-site
2024-07-05,"THE MEDALCRAFT MINT, INC. (WI)",21357.93,operations-support,Verified,https://api.usaspending.gov/api/v2/search/spending_by_award/,ICE contract award 70CMSW24P00000021 from USAspending (award-level obligation).,operations-support,Partial,Unknown / multi-site
2024-07-05,THE KINETIC GROUP SALES LLC (MN),616807.1,it-services,Verified,https://api.usaspending.gov/api/v2/search/spending_by_award/,ICE contract award 70CMSW24FR0000074 from USAspending (award-level obligation).,it-services,Partial,Unknown / multi-site
2024-07-05,QUANTICO TACTICAL INCORPORATED (NC),44354.25,operations-support,Verified,https://api.usaspending.gov/api/v2/search/spending_by_award/,ICE contract award 70CMSW24FC0000076 from USAspending (award-level obligation).,operations-support,Partial,Unknown / multi-site
2024-07-05,QUANTICO TACTICAL INCORPORATED (NC),46187.04,it-services,Verified,https://api.usaspending.gov/api/v2/search/spending_by_award/,ICE contract award 70CMSW24FC0000075 from USAspending (award-level obligation).,it-services,Partial,Unknown / multi-site
2024-07-05,PRICE MODERN LLC (CO),229795.38,it-services,Verified,https://api.usaspending.gov/api/v2/search/spending_by_award/,ICE contract award 70CMSW24FC0000066 from USAspending (award-level obligation).,it-services,Partial,Unknown / multi-site
2024-07-02,"FCN, INC. (DC)",1397849.38,operations-support,Verified,https://api.usaspending.gov/api/v2/search/spending_by_award/,ICE contract award 70CTD024FR0000032 from USAspending (award-level obligation).,operations-support,Partial,Unknown / multi-site
2024-07-01,DATA SYSTEMS ANALYSTS INC (PA),8344285.45,operations-support,Verified,https://api.usaspending.gov/api/v2/search/spending_by_award/,ICE contract award 70CTD024FR0000031 from USAspending (award-level obligation).,operations-support,Partial,Unknown / multi-site
2024-07-01,"INTEGRITYONE PARTNERS, INC. (DC)",12127166.4,operations-support,Verified,https://api.usaspending.gov/api/v2/search/spending_by_award/,ICE contract award 70CTD024FC0000011 from USAspending (award-level obligation).,operations-support,Partial,Unknown / multi-site
2024-07-01,"K & M PRECISION RIFLE TRAINING, LLC (TN)",54200.0,operations-support,Verified,https://api.usaspending.gov/api/v2/search/spending_by_award/,ICE contract award 70CMSW24P00000017 from USAspending (award-level obligation).,operations-support,Partial,Unknown / multi-site
2024-07-01,"SYNOVIX, INC. (AL)",184284.0,operations-support,Verified,https://api.usaspending.gov/api/v2/search/spending_by_award/,ICE contract award 70CMSW24P00000016 from USAspending (award-level obligation).,operations-support,Partial,Unknown / multi-site
2024-07-01,PRICE MODERN LLC (TX),582990.51,it-services,Verified,https://api.usaspending.gov/api/v2/search/spending_by_award/,ICE contract award 70CMSW24FC0000071 from USAspending (award-level obligation).,it-services,Partial,Unknown / multi-site
2024-07-01,PRICE MODERN LLC (MD),24332.04,it-services,Verified,https://api.usaspending.gov/api/v2/search/spending_by_award/,ICE contract award 70CMSW24FC0000062 from USAspending (award-level obligation).,it-services,Partial,Unknown / multi-site
2024-07-01,COLLABWARE CORPORATION (VA),100800.0,operations-support,Verified,https://api.usaspending.gov/api/v2/search/spending_by_award/,ICE contract award 70CMSD24FR0000054 from USAspending (award-level obligation).,operations-support,Partial,Unknown / multi-site
2024-07-01,"LYME COMPUTER SYSTEMS, INC. (DC)",9624.55,operations-support,Verified,https://api.usaspending.gov/api/v2/search/spending_by_award/,ICE contract award 70CMSD24FR0000044 from USAspending (award-level obligation).,operations-support,Partial,Unknown / multi-site
2024-07-01,"CORECIVIC, INC. (TN)",19259521.0,operations-support,Verified,https://api.usaspending.gov/api/v2/search/spending_by_award/,ICE contract award 70CDCR24FR0000037 from USAspending (award-level obligation).,operations-support,Partial,Unknown / multi-site
2024-07-01,"AKIMA GLOBAL SERVICES, LLC (PR)",6051761.49,detention-operations,Verified,https://api.usaspending.gov/api/v2/search/spending_by_award/,ICE contract award 70CDCR24FR0000036 from USAspending (award-level obligation).,detention-operations,Partial,Unknown / multi-site
2024-06-30,BLUE TECH INC. (DC),12907.54,operations-support,Verified,https://api.usaspending.gov/api/v2/search/spending_by_award/,ICE contract award 70CTD024FR0000034 from USAspending (award-level obligation).,operations-support,Partial,Unknown / multi-site
2024-06-30,BGRS RELOCATION INC (DC),37050.0,operations-support,Verified,https://api.usaspending.gov/api/v2/search/spending_by_award/,ICE contract award 70CMSW24FC0000060 from USAspending (award-level obligation).,operations-support,Partial,Unknown / multi-site
2024-06-30,"ENVIRONMENTAL SYSTEMS RESEARCH INSTITUTE, INC. (VA)",580352.64,operations-support,Verified,https://api.usaspending.gov/api/v2/search/spending_by_award/,ICE contract award 70CMSD24FR0000064 from USAspending (award-level obligation).,operations-support,Partial,Unknown / multi-site
2024-06-28,QUANTICO TACTICAL INCORPORATED (NC),104589.71,it-services,Verified,https://api.usaspending.gov/api/v2/search/spending_by_award/,ICE contract award 70CMSW24P00000020 from USAspending (award-level obligation).,it-services,Partial,Unknown / multi-site
2024-06-28,"ATLANTIC DIVING SUPPLY, INC. (FL)",35977.68,operations-support,Verified,https://api.usaspending.gov/api/v2/search/spending_by_award/,ICE contract award 70CMSW24P00000018 from USAspending (award-level obligation).,operations-support,Partial,Unknown / multi-site
2024-06-28,PRICE MODERN LLC (MD),1324674.91,it-services,Verified,https://api.usaspending.gov/api/v2/search/spending_by_award/,ICE contract award 70CMSW24FC0000057 from USAspending (award-level obligation).,it-services,Partial,Unknown / multi-site
2024-06-28,"MAGNET FORENSICS, LLC (DC)",147378.6,operations-support,Verified,https://api.usaspending.gov/api/v2/search/spending_by_award/,ICE contract award 70CMSD24P00000064 from USAspending (award-level obligation).,operations-support,Partial,Unknown / multi-site
2024-06-28,THERMO SCIENTIFIC PORTABLE ANALYTICAL INSTRUMENTS INC. (UT),36246.35,operations-support,Verified,https://api.usaspending.gov/api/v2/search/spending_by_award/,ICE contract award 70CMSD24FR0000063 from USAspending (award-level obligation).,operations-support,Partial,Unknown / multi-site
2024-06-28,THERMO SCIENTIFIC PORTABLE ANALYTICAL INSTRUMENTS INC. (CO),34934.51,operations-support,Verified,https://api.usaspending.gov/api/v2/search/spending_by_award/,ICE contract award 70CMSD24FR0000062 from USAspending (award-level obligation).,operations-support,Partial,Unknown / multi-site
2024-06-28,THERMO SCIENTIFIC PORTABLE ANALYTICAL INSTRUMENTS INC. (VT),29751.86,operations-support,Verified,https://api.usaspending.gov/api/v2/search/spending_by_award/,ICE contract award 70CMSD24FR0000061 from USAspending (award-level obligation).,operations-support,Partial,Unknown / multi-site
2024-06-27,DELL FEDERAL SYSTEMS L.P (DC),9437.4,operations-support,Verified,https://api.usaspending.gov/api/v2/search/spending_by_award/,ICE contract award 70CTD024FC0000012 from USAspending (award-level obligation).,operations-support,Partial,Unknown / multi-site
2024-06-27,"ATLANTIC DIVING SUPPLY, INC. (FL)",104124.0,operations-support,Verified,https://api.usaspending.gov/api/v2/search/spending_by_award/,ICE contract award 70CMSW24FC0000070 from USAspending (award-level obligation).,operations-support,Partial,Unknown / multi-site
2024-06-27,PRICE MODERN LLC (MD),393643.77,it-services,Verified,https://api.usaspending.gov/api/v2/search/spending_by_award/,ICE contract award 70CMSW24FC0000067 from USAspending (award-level obligation).,it-services,Partial,Unknown / multi-site
2024-06-27,APPLIED FUNDAMENTALS CONSULTING LLC (DC),180000.0,operations-support,Verified,https://api.usaspending.gov/api/v2/search/spending_by_award/,ICE contract award 70CMSD24P00000061 from USAspending (award-level obligation).,operations-support,Partial,Unknown / multi-site
2024-06-27,OMNIPLEX WORLD SERVICES CORPORATION (TX),1748625.25,operations-support,Verified,https://api.usaspending.gov/api/v2/search/spending_by_award/,ICE contract award 70CMSD24FC0000014 from USAspending (award-level obligation).,operations-support,Partial,Unknown / multi-site
2024-06-27,PERATON RISK DECISION INC. (TX),5714375.95,operations-support,Verified,https://api.usaspending.gov/api/v2/search/spending_by_award/,ICE contract award 70CMSD24FC0000013 from USAspending (award-level obligation).,operations-support,Partial,Unknown / multi-site
2024-06-27,"GENERAL DYNAMICS INFORMATION TECHNOLOGY, INC. (TX)",9617438.85,operations-support,Verified,https://api.usaspending.gov/api/v2/search/spending_by_award/,ICE contract award 70CMSD24FC0000012 from USAspending (award-level obligation).,operations-support,Partial,Unknown / multi-site
2024-06-27,ADC LTD NM (TX),12240376.73,operations-support,Verified,https://api.usaspending.gov/api/v2/search/spending_by_award/,ICE contract award 70CMSD24FC0000011 from USAspending (award-level obligation).,operations-support,Partial,Unknown / multi-site
2024-06-27,"CACI, INC. - FEDERAL (TX)",6120188.37,operations-support,Verified,https://api.usaspending.gov/api/v2/search/spending_by_award/,ICE contract award 70CMSD24FC0000010 from USAspending (award-level obligation).,operations-support,Partial,Unknown / multi-site
2024-06-26,"GOLDEN KEY GROUP, LLC (VA)",72440.0,it-services,Verified,https://api.usaspending.gov/api/v2/search/spending_by_award/,ICE contract award 70CMSD24FC0000009 from USAspending (award-level obligation).,it-services,Partial,Unknown / multi-site
2024-06-26,"EMERGENCY SERVICES AND PUBLIC PROTECTION, DEPARTMENT OF (CT)",2400.0,it-services,Verified,https://api.usaspending.gov/api/v2/search/spending_by_award/,ICE contract award 70CDCR24P00000016 from USAspending (award-level obligation).,it-services,Partial,Unknown / multi-site
2024-06-25,AMERICAN PUBLIC TRAINING LLC (CA),39961.0,it-services,Verified,https://api.usaspending.gov/api/v2/search/spending_by_award/,ICE contract award 70CDCR24P00000017 from USAspending (award-level obligation).,it-services,Partial,Unknown / multi-site
2024-06-24,"FCN, INC. (DC)",1525809.25,operations-support,Verified,https://api.usaspending.gov/api/v2/search/spending_by_award/,ICE contract award 70CTD024FR0000030 from USAspending (award-level obligation).,operations-support,Partial,Unknown / multi-site
2024-06-21,BLUE TECH INC. (TX),55462.12,operations-support,Verified,https://api.usaspending.gov/api/v2/search/spending_by_award/,ICE contract award 70CTD024FR0000029 from USAspending (award-level obligation).,operations-support,Partial,Unknown / multi-site
2024-06-21,"ATLANTIC DIVING SUPPLY, INC. (FL)",235612.04,operations-support,Verified,https://api.usaspending.gov/api/v2/search/spending_by_award/,ICE contract award 70CMSW24FC0000061 from USAspending (award-level obligation).,operations-support,Partial,Unknown / multi-site
2024-06-21,PRICE MODERN LLC (CA),1152298.85,it-services,Verified,https://api.usaspending.gov/api/v2/search/spending_by_award/,ICE contract award 70CMSW24FC0000058 from USAspending (award-level obligation).,it-services,Partial,Unknown / multi-site
2024-06-20,"UNITED TACTICAL SYSTEMS, LLC (IL)",32026.2,operations-support,Verified,https://api.usaspending.gov/api/v2/search/spending_by_award/,ICE contract award 70CMSW24FR0000068 from USAspending (award-level obligation).,operations-support,Partial,Unknown / multi-site
2024-06-20,AKIRA TECHNOLOGIES INC. (VA),65785.3,operations-support,Verified,https://api.usaspending.gov/api/v2/search/spending_by_award/,ICE contract award 70CMSD24FR0000056 from USAspending (award-level obligation).,operations-support,Partial,Unknown / multi-site
2024-06-20,"THUNDERCAT TECHNOLOGY, LLC (VA)",5863905.12,it-services,Verified,https://api.usaspending.gov/api/v2/search/spending_by_award/,ICE contract award 70CMSD24FR0000041 from USAspending (award-level obligation).,it-services,Partial,Unknown / multi-site
2024-06-20,"BOB BARKER COMPANY, INC. (AZ)",101774.48,it-services,Verified,https://api.usaspending.gov/api/v2/search/spending_by_award/,ICE contract award 70CDCR24P00000012 from USAspending (award-level obligation).,it-services,Partial,Unknown / multi-site
2024-06-18,"NOBLE SUPPLY & LOGISTICS, LLC (MA)",46525.28,operations-support,Verified,https://api.usaspending.gov/api/v2/search/spending_by_award/,ICE contract award 70CMSW24P00000014 from USAspending (award-level obligation).,operations-support,Partial,Unknown / multi-site
2024-06-18,PRICE MODERN LLC (NY),7200.0,it-services,Verified,https://api.usaspending.gov/api/v2/search/spending_by_award/,ICE contract award 70CMSW24FC0000056 from USAspending (award-level obligation).,it-services,Partial,Unknown / multi-site
2024-06-18,AKIRA TECHNOLOGIES INC. (VA),314512.14,operations-support,Verified,https://api.usaspending.gov/api/v2/search/spending_by_award/,ICE contract award 70CMSD24FR0000060 from USAspending (award-level obligation).,operations-support,Partial,Unknown / multi-site
2024-06-17,AKIRA TECHNOLOGIES INC. (TX),13852.93,it-services,Verified,https://api.usaspending.gov/api/v2/search/spending_by_award/,ICE contract award 70CTD024FR0000028 from USAspending (award-level obligation).,it-services,Partial,Unknown / multi-site
2024-06-17,"ACCURACY 1ST, INC (TX)",20758.0,operations-support,Verified,https://api.usaspending.gov/api/v2/search/spending_by_award/,ICE contract award 70CMSW24P00000015 from USAspending (award-level obligation).,operations-support,Partial,Unknown / multi-site
2024-06-17,CENTRAL NETWORK RETAIL GROUP LLC (GA),26940.0,operations-support,Verified,https://api.usaspending.gov/api/v2/search/spending_by_award/,ICE contract award 70CMSW24P00000013 from USAspending (award-level obligation).,operations-support,Partial,Unknown / multi-site
2024-06-17,"NOBLE SUPPLY & LOGISTICS, LLC (GA)",31600.0,medical-services,Verified,https://api.usaspending.gov/api/v2/search/spending_by_award/,ICE contract award 70CMSW24P00000012 from USAspending (award-level obligation).,medical-services,Partial,Unknown / multi-site
2024-06-16,BURKE COURT REPORTING LLC (NJ),6131.43,operations-support,Verified,https://api.usaspending.gov/api/v2/search/spending_by_award/,ICE contract award 70CMSD24FR0000057 from USAspending (award-level obligation).,operations-support,Partial,Unknown / multi-site
2024-06-15,"BLUE STEEL RANGES, LLC (MI)",38850.0,operations-support,Verified,https://api.usaspending.gov/api/v2/search/spending_by_award/,ICE contract award 70CMSD24P00000050 from USAspending (award-level obligation).,operations-support,Partial,Unknown / multi-site
2024-06-15,"THUNDERCAT TECHNOLOGY, LLC (VA)",48207.54,operations-support,Verified,https://api.usaspending.gov/api/v2/search/spending_by_award/,ICE contract award 70CMSD24FR0000046 from USAspending (award-level obligation).,operations-support,Partial,Unknown / multi-site
2024-06-14,"CIH EQUIPMENT CO., INC. (DC)",18783.7,operations-support,Verified,https://api.usaspending.gov/api/v2/search/spending_by_award/,ICE contract award 70CMSW24P00000009 from USAspending (award-level obligation).,operations-support,Partial,Unknown / multi-site
2024-06-14,"ABSOLUTE STORAGE, LLC (GA)",14380.1,operations-support,Verified,https://api.usaspending.gov/api/v2/search/spending_by_award/,ICE contract award 70CMSW24FR0000065 from USAspending (award-level obligation).,operations-support,Partial,Unknown / multi-site
2024-06-14,"ACCESS COMMUNICATIONS GROUP, LLC (TX)",1167958.9,detention-operations,Verified,https://api.usaspending.gov/api/v2/search/spending_by_award/,ICE contract award 70CMSW24C00000010 from USAspending (award-level obligation).,detention-operations,Partial,Unknown / multi-site
2024-06-13,TIDEWATER DISTRIBUTORS LLC (VA),34828.2,operations-support,Verified,https://api.usaspending.gov/api/v2/search/spending_by_award/,ICE contract award 70CMSW24FR0000067 from USAspending (award-level obligation).,operations-support,Partial,Unknown / multi-site
2024-06-13,SOUTHERN BALLISTIC RESEARCH LLC (GA),14926.05,it-services,Verified,https://api.usaspending.gov/api/v2/search/spending_by_award/,ICE contract award 70CMSW24FR0000064 from USAspending (award-level obligation).,it-services,Partial,Unknown / multi-site
2024-06-12,EMPOWER VIRTUAL CONNECT LLC (IL),95880.0,operations-support,Verified,https://api.usaspending.gov/api/v2/search/spending_by_award/,ICE contract award 70CMSD24P00000047 from USAspending (award-level obligation).,operations-support,Partial,Unknown / multi-site
2024-06-12,"FCN, INC. (MD)",273705.01,operations-support,Verified,https://api.usaspending.gov/api/v2/search/spending_by_award/,ICE contract award 70CMSD24FC0000043 from USAspending (award-level obligation).,operations-support,Partial,Unknown / multi-site
2024-06-12,"FCN, INC. (TX)",146293.0,it-services,Verified,https://api.usaspending.gov/api/v2/search/spending_by_award/,ICE contract award 70CMSD24FC0000015 from USAspending (award-level obligation).,it-services,Partial,Unknown / multi-site
2024-06-12,"MINUTEMAN SECURITY TECHNOLOGIES, INC. (CT)",19948.36,air-transport,Verified,https://api.usaspending.gov/api/v2/search/spending_by_award/,ICE contract award 70CDCR24P00000015 from USAspending (award-level obligation).,air-transport,Partial,Unknown / multi-site
2024-06-11,THE KINETIC GROUP SALES LLC (MN),1100115.1,it-services,Verified,https://api.usaspending.gov/api/v2/search/spending_by_award/,ICE contract award 70CMSW24FR0000058 from USAspending (award-level obligation).,it-services,Partial,Unknown / multi-site
2024-06-11,BLUE TECH INC. (CA),98969.88,operations-support,Verified,https://api.usaspending.gov/api/v2/search/spending_by_award/,ICE contract award 70CMSD24FR0000055 from USAspending (award-level obligation).,operations-support,Partial,Unknown / multi-site
2024-06-11,THERMO SCIENTIFIC PORTABLE ANALYTICAL INSTRUMENTS INC. (FL),889790.34,operations-support,Verified,https://api.usaspending.gov/api/v2/search/spending_by_award/,ICE contract award 70CMSD24FR0000049 from USAspending (award-level obligation).,operations-support,Partial,Unknown / multi-site
2024-06-11,THERMO SCIENTIFIC PORTABLE ANALYTICAL INSTRUMENTS INC. (TN),378497.0,operations-support,Verified,https://api.usaspending.gov/api/v2/search/spending_by_award/,ICE contract award 70CMSD24FR0000048 from USAspending (award-level obligation).,operations-support,Partial,Unknown / multi-site
2024-06-10,AKIRA TECHNOLOGIES INC. (CA),64589.59,it-services,Verified,https://api.usaspending.gov/api/v2/search/spending_by_award/,ICE contract award 70CTD024FR0000024 from USAspending (award-level obligation).,it-services,Partial,Unknown / multi-site
2024-06-10,RPT CONSULTING LLC (VA),31919.4,operations-support,Verified,https://api.usaspending.gov/api/v2/search/spending_by_award/,ICE contract award 70CMSW24FR0000063 from USAspending (award-level obligation).,operations-support,Partial,Unknown / multi-site
2024-06-10,THE RAND CORPORATION (CA),208474.06,operations-support,Verified,https://api.usaspending.gov/api/v2/search/spending_by_award/,ICE contract award 70CMSW24FR0000062 from USAspending (award-level obligation).,operations-support,Partial,Unknown / multi-site
2024-06-10,"HARDIGG INDUSTRIES, LLC (GA)",33511.2,operations-support,Verified,https://api.usaspending.gov/api/v2/search/spending_by_award/,ICE contract award 70CMSW24FR0000060 from USAspending (award-level obligation).,operations-support,Partial,Unknown / multi-site
2024-06-10,PELICAN SALES INC (CA),17790.88,operations-support,Verified,https://api.usaspending.gov/api/v2/search/spending_by_award/,ICE contract award 70CMSW24FR0000050 from USAspending (award-level obligation).,operations-support,Partial,Unknown / multi-site
2024-06-10,"OMNI BUSINESS SYSTEMS, INC (VA)",6035.76,operations-support,Verified,https://api.usaspending.gov/api/v2/search/spending_by_award/,ICE contract award 70CMSD24FR0000035 from USAspending (award-level obligation).,operations-support,Partial,Unknown / multi-site
2024-06-07,"PANAMERICA COMPUTERS, INC. (DC)",45850.62,it-services,Verified,https://api.usaspending.gov/api/v2/search/spending_by_award/,ICE contract award 70CTD024FR0000027 from USAspending (award-level obligation).,it-services,Partial,Unknown / multi-site
2024-06-07,PRICE MODERN LLC (AL),12816.09,it-services,Verified,https://api.usaspending.gov/api/v2/search/spending_by_award/,ICE contract award 70CMSW24FC0000043 from USAspending (award-level obligation).,it-services,Partial,Unknown / multi-site
2024-06-07,ADVANTIX ENGINEERING CORP (VI),726456.03,it-services,Verified,https://api.usaspending.gov/api/v2/search/spending_by_award/,ICE contract award 70CMSW24C00000011 from USAspending (award-level obligation).,it-services,Partial,Unknown / multi-site
2024-06-07,"A-1 SCALE SERVICE, INC. (TX)",12648.96,operations-support,Verified,https://api.usaspending.gov/api/v2/search/spending_by_award/,ICE contract award 70CMSD24P00000056 from USAspending (award-level obligation).,operations-support,Partial,Unknown / multi-site
2024-06-07,"ITSC SECURE SOLUTIONS, LLC (DC)",3316091.76,operations-support,Verified,https://api.usaspending.gov/api/v2/search/spending_by_award/,ICE contract award 70CMSD24FR0000042 from USAspending (award-level obligation).,operations-support,Partial,Unknown / multi-site
2024-06-06,PROOF RESEARCH INC. (MT),32800.0,it-services,Verified,https://api.usaspending.gov/api/v2/search/spending_by_award/,ICE contract award 70CMSW24P00000010 from USAspending (award-level obligation).,it-services,Partial,Unknown / multi-site
2024-06-05,"NAR MEDICAL DEPOT, LLC (SC)",23919.62,medical-services,Verified,https://api.usaspending.gov/api/v2/search/spending_by_award/,ICE contract award 70CMSW24FC0000055 from USAspending (award-level obligation).,medical-services,Partial,Unknown / multi-site
2024-06-04,THE KINETIC GROUP SALES LLC (MN),262337.4,it-services,Verified,https://api.usaspending.gov/api/v2/search/spending_by_award/,ICE contract award 70CMSW24FR0000055 from USAspending (award-level obligation).,it-services,Partial,Unknown / multi-site
2024-06-04,"CONCUR TECHNOLOGIES, INC. (WA)",5406552.1,operations-support,Verified,https://api.usaspending.gov/api/v2/search/spending_by_award/,ICE contract award 70CMSW24FR0000049 from USAspending (award-level obligation).,operations-support,Partial,Unknown / multi-site
2024-06-04,"WESTERN DOOR FEDERAL, LLC (VA)",2504251.58,operations-support,Verified,https://api.usaspending.gov/api/v2/search/spending_by_award/,ICE contract award 70CMSW24FR0000044 from USAspending (award-level obligation).,operations-support,Partial,Unknown / multi-site
2024-06-03,"KOOLER ICE, INC (GA)",84880.0,operations-support,Verified,https://api.usaspending.gov/api/v2/search/spending_by_award/,ICE contract award 70CMSW24P00000008 from USAspending (award-level obligation).,operations-support,Partial,Unknown / multi-site
2024-06-03,OSS SUPPRESSORS LLC (UT),12650.0,operations-support,Verified,https://api.usaspending.gov/api/v2/search/spending_by_award/,ICE contract award 70CMSW24FR0000053 from USAspending (award-level obligation).,operations-support,Partial,Unknown / multi-site
2024-06-03,"HOMELAND SECURITY AND MANAGEMENT SOLUTIONS, INC. (NV)",15461.52,operations-support,Verified,https://api.usaspending.gov/api/v2/search/spending_by_award/,ICE contract award 70CMSD24P00000046 from USAspending (award-level obligation).,operations-support,Partial,Unknown / multi-site
2024-06-03,AMERITEL COMMUNICATIONS CORPORATION (NY),3001.44,operations-support,Verified,https://api.usaspending.gov/api/v2/search/spending_by_award/,ICE contract award 70CMSD24FR0000032 from USAspending (award-level obligation).,operations-support,Partial,Unknown / multi-site
2024-06-01,RESCUE INTERNATIONAL (PA),53340.0,operations-support,Verified,https://api.usaspending.gov/api/v2/search/spending_by_award/,ICE contract award 70CTD024P00000006 from USAspending (award-level obligation).,operations-support,Partial,Unknown / multi-site
2024-06-01,"FCN, INC. (DC)",710065.78,operations-support,Verified,https://api.usaspending.gov/api/v2/search/spending_by_award/,ICE contract award 70CTD024FR0000026 from USAspending (award-level obligation).,operations-support,Partial,Unknown / multi-site
2024-06-01,BLUE TECH INC. (VA),13518.5,operations-support,Verified,https://api.usaspending.gov/api/v2/search/spending_by_award/,ICE contract award 70CTD024FR0000025 from USAspending (award-level obligation).,operations-support,Partial,Unknown / multi-site
2024-06-01,BLUE TECH INC. (CA),75594.23,operations-support,Verified,https://api.usaspending.gov/api/v2/search/spending_by_award/,ICE contract award 70CTD024FR0000023 from USAspending (award-level obligation).,operations-support,Partial,Unknown / multi-site
2024-06-01,"METROTEC, INC. (DC)",12230.4,operations-support,Verified,https://api.usaspending.gov/api/v2/search/spending_by_award/,ICE contract award 70CMSW24P00000039 from USAspending (award-level obligation).,operations-support,Partial,Unknown / multi-site
2024-06-01,PRICE MODERN LLC (PA),33655.0,it-services,Verified,https://api.usaspending.gov/api/v2/search/spending_by_award/,ICE contract award 70CMSW24FC0000049 from USAspending (award-level obligation).,it-services,Partial,Unknown / multi-site
2024-06-01,POTOMAC CENTER NORTH INC (DC),2703732.44,operations-support,Verified,https://api.usaspending.gov/api/v2/search/spending_by_award/,ICE contract award 70CMSW24C00000009 from USAspending (award-level obligation).,operations-support,Partial,Unknown / multi-site
2024-06-01,"C & C INTERNATIONAL COMPUTERS & CONSULTANTS, INC. (VA)",32785.2,operations-support,Verified,https://api.usaspending.gov/api/v2/search/spending_by_award/,ICE contract award 70CMSD24FR0000038 from USAspending (award-level obligation).,operations-support,Partial,Unknown / multi-site
2024-06-01,IRON MOUNTAIN INFORMATION MANAGEMENT LLC (CA),7224.16,operations-support,Verified,https://api.usaspending.gov/api/v2/search/spending_by_award/,ICE contract award 70CMSD24FC0000007 from USAspending (award-level obligation).,operations-support,Partial,Unknown / multi-site
2024-06-01,PARAGON PROFESSIONAL SERVICES LLC (NJ),4694325.0,detention-operations,Verified,https://api.usaspending.gov/api/v2/search/spending_by_award/,ICE contract award 70CDCR24FR0000034 from USAspending (award-level obligation).,detention-operations,Partial,Unknown / multi-site
2024-05-31,"ATLANTIC DIVING SUPPLY, INC. (VA)",62250.0,operations-support,Verified,https://api.usaspending.gov/api/v2/search/spending_by_award/,ICE contract award 70CMSW24FR0000054 from USAspending (award-level obligation).,operations-support,Partial,Unknown / multi-site
2024-05-31,"ATLANTIC DIVING SUPPLY, INC. (FL)",138320.46,operations-support,Verified,https://api.usaspending.gov/api/v2/search/spending_by_award/,ICE contract award 70CMSW24FC0000053 from USAspending (award-level obligation).,operations-support,Partial,Unknown / multi-site
2024-05-31,"ATLANTIC DIVING SUPPLY, INC. (FL)",225548.9,operations-support,Verified,https://api.usaspending.gov/api/v2/search/spending_by_award/,ICE contract award 70CMSW24FC0000052 from USAspending (award-level obligation).,operations-support,Partial,Unknown / multi-site
2024-05-31,"SNAP, INC (VA)",38000.0,operations-support,Verified,https://api.usaspending.gov/api/v2/search/spending_by_award/,ICE contract award 70CMSD24FR0000043 from USAspending (award-level obligation).,operations-support,Partial,Unknown / multi-site
2024-05-30,BULFINCH UNIT A OWNER LLC (MA),62500.0,operations-support,Verified,https://api.usaspending.gov/api/v2/search/spending_by_award/,ICE contract award 70CMSW24P00000007 from USAspending (award-level obligation).,operations-support,Partial,Unknown / multi-site
2024-05-30,"AXON ENTERPRISE, INC. (AZ)",161595.0,operations-support,Verified,https://api.usaspending.gov/api/v2/search/spending_by_award/,ICE contract award 70CMSW24FR0000057 from USAspending (award-level obligation).,operations-support,Partial,Unknown / multi-site
2024-05-30,"AXON ENTERPRISE, INC. (AZ)",26649.0,operations-support,Verified,https://api.usaspending.gov/api/v2/search/spending_by_award/,ICE contract award 70CMSW24FR0000056 from USAspending (award-level obligation).,operations-support,Partial,Unknown / multi-site
2024-05-30,"AXON ENTERPRISE, INC. (AZ)",136013.54,operations-support,Verified,https://api.usaspending.gov/api/v2/search/spending_by_award/,ICE contract award 70CMSW24FR0000042 from USAspending (award-level obligation).,operations-support,Partial,Unknown / multi-site
2024-05-30,Z BAR SUPPLY COMPANY LLC (TX),18500.0,operations-support,Verified,https://api.usaspending.gov/api/v2/search/spending_by_award/,ICE contract award 70CMSD24P00000052 from USAspending (award-level obligation).,operations-support,Partial,Unknown / multi-site
2024-05-30,JTF BUSINESS SYSTEMS CORPORATION (VA),9792.0,operations-support,Verified,https://api.usaspending.gov/api/v2/search/spending_by_award/,ICE contract award 70CMSD24FR0000030 from USAspending (award-level obligation).,operations-support,Partial,Unknown / multi-site
2024-05-29,"NAR MEDICAL DEPOT, LLC (SC)",12397.25,medical-services,Verified,https://api.usaspending.gov/api/v2/search/spending_by_award/,ICE contract award 70CMSW24FC0000051 from USAspending (award-level obligation).,medical-services,Partial,Unknown / multi-site
2024-05-29,HIBLER NEIL S PHD ABBP (VA),4050.0,operations-support,Verified,https://api.usaspending.gov/api/v2/search/spending_by_award/,ICE contract award 70CMSD24P00000101 from USAspending (award-level obligation).,operations-support,Partial,Unknown / multi-site
2024-05-28,QUANTICO TACTICAL INCORPORATED (NC),85520.5,it-services,Verified,https://api.usaspending.gov/api/v2/search/spending_by_award/,ICE contract award 70CMSW24FR0000048 from USAspending (award-level obligation).,it-services,Partial,Unknown / multi-site
2024-05-28,"NAR MEDICAL DEPOT, LLC (SC)",16992.0,operations-support,Verified,https://api.usaspending.gov/api/v2/search/spending_by_award/,ICE contract award 70CMSW24FC0000050 from USAspending (award-level obligation).,operations-support,Partial,Unknown / multi-site
2024-05-28,"TRIMECH SOLUTIONS, LLC (VA)",56510.0,operations-support,Verified,https://api.usaspending.gov/api/v2/search/spending_by_award/,ICE contract award 70CMSD24P00000053 from USAspending (award-level obligation).,operations-support,Partial,Unknown / multi-site
2024-05-27,"HAMILTON ENTERPRISES, LLC (MD)",3373902.96,operations-support,Verified,https://api.usaspending.gov/api/v2/search/spending_by_award/,ICE contract award 70CMSW24FR0000041 from USAspending (award-level obligation).,operations-support,Partial,Unknown / multi-site
2024-05-24,"HOLITNA CONSTRUCTION, LLC (AZ)",8009.68,it-services,Verified,https://api.usaspending.gov/api/v2/search/spending_by_award/,ICE contract award 70CMSW24FR0000047 from USAspending (award-level obligation).,it-services,Partial,Unknown / multi-site
2024-05-24,"ALTEC INDUSTRIES, INC. (WA)",38444.57,air-transport,Verified,https://api.usaspending.gov/api/v2/search/spending_by_award/,ICE contract award 70CMSD24P00000051 from USAspending (award-level obligation).,air-transport,Partial,Unknown / multi-site
2024-05-23,"SRT SUPPLY, LLC (FL)",70102.4,it-services,Verified,https://api.usaspending.gov/api/v2/search/spending_by_award/,ICE contract award 70CMSW24FR0000051 from USAspending (award-level obligation).,it-services,Partial,Unknown / multi-site
2024-05-23,PRICE MODERN LLC (TX),775333.31,it-services,Verified,https://api.usaspending.gov/api/v2/search/spending_by_award/,ICE contract award 70CMSW24FC0000048 from USAspending (award-level obligation).,it-services,Partial,Unknown / multi-site
2024-05-22,"HOMELAND SECURITY AND MANAGEMENT SOLUTIONS, INC. (TX)",166783.56,operations-support,Verified,https://api.usaspending.gov/api/v2/search/spending_by_award/,ICE contract award 70CMSD24P00000043 from USAspending (award-level obligation).,operations-support,Partial,Unknown / multi-site
2024-05-22,"STRATASYS, INC (VA)",29200.0,air-transport,Verified,https://api.usaspending.gov/api/v2/search/spending_by_award/,ICE contract award 70CMSD24P00000041 from USAspending (award-level obligation).,air-transport,Partial,Unknown / multi-site
2024-05-22,"HOMELAND SECURITY AND MANAGEMENT SOLUTIONS, INC. (CO)",44496.0,operations-support,Verified,https://api.usaspending.gov/api/v2/search/spending_by_award/,ICE contract award 70CMSD24P00000034 from USAspending (award-level obligation).,operations-support,Partial,Unknown / multi-site
2024-05-20,PRICE MODERN LLC (CA),18425.0,it-services,Verified,https://api.usaspending.gov/api/v2/search/spending_by_award/,ICE contract award 70CMSW25FC0000037 from USAspending (award-level obligation).,it-services,Partial,Unknown / multi-site
2024-05-20,NATIONAL TACTICAL OFFICERS ASSOCIATION (CO),99360.0,operations-support,Verified,https://api.usaspending.gov/api/v2/search/spending_by_award/,ICE contract award 70CMSW24P00000003 from USAspending (award-level obligation).,operations-support,Partial,Unknown / multi-site
2024-05-17,"ANACAPA MICRO PRODUCTS, INC. (CA)",46455.86,it-services,Verified,https://api.usaspending.gov/api/v2/search/spending_by_award/,ICE contract award 70CTD024FR0000013 from USAspending (award-level obligation).,it-services,Partial,Unknown / multi-site
2024-05-17,"CONVERGEONE GOVERNMENT SOLUTIONS, LLC (CA)",32374.62,operations-support,Verified,https://api.usaspending.gov/api/v2/search/spending_by_award/,ICE contract award 70CTD024FC0000010 from USAspending (award-level obligation).,operations-support,Partial,Unknown / multi-site
2024-05-17,IRON MOUNTAIN INFORMATION MANAGEMENT LLC (DC),1839034.09,it-services,Verified,https://api.usaspending.gov/api/v2/search/spending_by_award/,ICE contract award 70CTD024FC0000009 from USAspending (award-level obligation).,it-services,Partial,Unknown / multi-site
2024-05-17,"BETTER DIRECT, LLC (VA)",147589.09,operations-support,Verified,https://api.usaspending.gov/api/v2/search/spending_by_award/,ICE contract award 70CMSD24FR0000031 from USAspending (award-level obligation).,operations-support,Partial,Unknown / multi-site
2024-05-16,PRICE MODERN LLC (NJ),4200.0,it-services,Verified,https://api.usaspending.gov/api/v2/search/spending_by_award/,ICE contract award 70CMSW24FC0000046 from USAspending (award-level obligation).,it-services,Partial,Unknown / multi-site
2024-05-16,AKIRA TECHNOLOGIES INC. (CA),29389.03,operations-support,Verified,https://api.usaspending.gov/api/v2/search/spending_by_award/,ICE contract award 70CMSD24FR0000040 from USAspending (award-level obligation).,operations-support,Partial,Unknown / multi-site
2024-05-16,"KCI-ACUITY, LLC (DC)",4512292.05,it-services,Verified,https://api.usaspending.gov/api/v2/search/spending_by_award/,ICE contract award 70CMSD24FR0000022 from USAspending (award-level obligation).,it-services,Partial,Unknown / multi-site
2024-05-15,AQUILA FITNESS CONSULTING SYSTEMS LTD (FL),246208.0,it-services,Verified,https://api.usaspending.gov/api/v2/search/spending_by_award/,ICE contract award 70CMSW24FR0000043 from USAspending (award-level obligation).,it-services,Partial,Unknown / multi-site
2024-05-15,PRICE MODERN LLC (MD),4500.0,it-services,Verified,https://api.usaspending.gov/api/v2/search/spending_by_award/,ICE contract award 70CMSW24FC0000047 from USAspending (award-level obligation).,it-services,Partial,Unknown / multi-site
2024-05-15,REDISHRED ACQUISITION INC (NY),28800.0,operations-support,Verified,https://api.usaspending.gov/api/v2/search/spending_by_award/,ICE contract award 70CMSD24P00000040 from USAspending (award-level obligation).,operations-support,Partial,Unknown / multi-site
2024-05-14,"ATLANTIC DIVING SUPPLY, INC. (VA)",551195.24,it-services,Verified,https://api.usaspending.gov/api/v2/search/spending_by_award/,ICE contract award 70CMSW24FC0000045 from USAspending (award-level obligation).,it-services,Partial,Unknown / multi-site
2024-05-14,"ATLANTIC DIVING SUPPLY, INC. (FL)",39204.3,operations-support,Verified,https://api.usaspending.gov/api/v2/search/spending_by_award/,ICE contract award 70CMSW24FC0000044 from USAspending (award-level obligation).,operations-support,Partial,Unknown / multi-site
2024-05-14,THE AMERICAN CORRECTIONAL ASSOCIATION (VA),22500.0,detention-operations,Verified,https://api.usaspending.gov/api/v2/search/spending_by_award/,ICE contract award 70CDCR24P00000014 from USAspending (award-level obligation).,detention-operations,Partial,Unknown / multi-site
2024-05-13,RESCUE PHONE INC (MD),14990.0,operations-support,Verified,https://api.usaspending.gov/api/v2/search/spending_by_award/,ICE contract award 70CMSW24P00000005 from USAspending (award-level obligation).,operations-support,Partial,Unknown / multi-site
2024-05-13,PRICE MODERN LLC (TX),5400.0,it-services,Verified,https://api.usaspending.gov/api/v2/search/spending_by_award/,ICE contract award 70CMSW24FC0000040 from USAspending (award-level obligation).,it-services,Partial,Unknown / multi-site
2024-05-13,BLUE TECH INC. (DC),105634.1,operations-support,Verified,https://api.usaspending.gov/api/v2/search/spending_by_award/,ICE contract award 70CMSD24FR0000037 from USAspending (award-level obligation).,operations-support,Partial,Unknown / multi-site
2024-05-12,REGENTS OF UNIVERSITY OF MINNESOTA (MN),18867.0,it-services,Verified,https://api.usaspending.gov/api/v2/search/spending_by_award/,ICE contract award 70CDCR24P00000013 from USAspending (award-level obligation).,it-services,Partial,Unknown / multi-site
2024-05-08,"CDS ANALYTICAL, LLC (VA)",60254.47,operations-support,Verified,https://api.usaspending.gov/api/v2/search/spending_by_award/,ICE contract award 70CMSD24P00000039 from USAspending (award-level obligation).,operations-support,Partial,Unknown / multi-site
2024-05-08,"SNAP, INC (VA)",12600.0,it-services,Verified,https://api.usaspending.gov/api/v2/search/spending_by_award/,ICE contract award 70CMSD24FR0000036 from USAspending (award-level obligation).,it-services,Partial,Unknown / multi-site
2024-05-07,"FCN, INC. (DC)",22315.69,it-services,Verified,https://api.usaspending.gov/api/v2/search/spending_by_award/,ICE contract award 70CTD024FC0000008 from USAspending (award-level obligation).,it-services,Partial,Unknown / multi-site
2024-05-06,ADVANCED MATERIAL HANDLING LLC (TX),70310.0,detention-operations,Verified,https://api.usaspending.gov/api/v2/search/spending_by_award/,ICE contract award 70CMSW24FR0000038 from USAspending (award-level obligation).,detention-operations,Partial,Unknown / multi-site
2024-05-06,MASTODON DESIGN LLC (NY),7906.43,air-transport,Verified,https://api.usaspending.gov/api/v2/search/spending_by_award/,ICE contract award 70CMSD24P00000031 from USAspending (award-level obligation).,air-transport,Partial,Unknown / multi-site
2024-05-03,Z BAR SUPPLY COMPANY LLC (WA),47745.0,operations-support,Verified,https://api.usaspending.gov/api/v2/search/spending_by_award/,ICE contract award 70CMSD24P00000037 from USAspending (award-level obligation).,operations-support,Partial,Unknown / multi-site
2024-05-02,QUANTICO TACTICAL INCORPORATED (NC),22111.75,operations-support,Verified,https://api.usaspending.gov/api/v2/search/spending_by_award/,ICE contract award 70CMSW24FC0000042 from USAspending (award-level obligation).,operations-support,Partial,Unknown / multi-site
2024-05-02,"ATLANTIC DIVING SUPPLY, INC. (FL)",34978.56,operations-support,Verified,https://api.usaspending.gov/api/v2/search/spending_by_award/,ICE contract award 70CMSW24FC0000041 from USAspending (award-level obligation).,operations-support,Partial,Unknown / multi-site
2024-05-02,"THUNDERCAT TECHNOLOGY, LLC (VA)",28000.0,operations-support,Verified,https://api.usaspending.gov/api/v2/search/spending_by_award/,ICE contract award 70CMSD24FR0000039 from USAspending (award-level obligation).,operations-support,Partial,Unknown / multi-site
2024-05-01,POWER FITNESS INC (SC),40064.45,operations-support,Verified,https://api.usaspending.gov/api/v2/search/spending_by_award/,ICE contract award 70CMSW24C00000008 from USAspending (award-level obligation).,operations-support,Partial,Unknown / multi-site
2024-05-01,CHARTER COMMUNICATIONS OPERATING LLC (NY),40327.81,operations-support,Verified,https://api.usaspending.gov/api/v2/search/spending_by_award/,ICE contract award 70CMSD25P00000005 from USAspending (award-level obligation).,operations-support,Partial,Unknown / multi-site
2024-05-01,THE MOUNT VERNON LADIES' ASSOCIATION OF THE UNION (VA),12000.0,operations-support,Verified,https://api.usaspending.gov/api/v2/search/spending_by_award/,ICE contract award 70CMSD24P00000042 from USAspending (award-level obligation).,operations-support,Partial,Unknown / multi-site
2024-05-01,JTF BUSINESS SYSTEMS CORPORATION (MA),3960.0,operations-support,Verified,https://api.usaspending.gov/api/v2/search/spending_by_award/,ICE contract award 70CMSD24P00000033 from USAspending (award-level obligation).,operations-support,Partial,Unknown / multi-site
2024-05-01,"PANAMERICA COMPUTERS, INC. (VA)",15275.5,it-services,Verified,https://api.usaspending.gov/api/v2/search/spending_by_award/,ICE contract award 70CMSD24FR0000034 from USAspending (award-level obligation).,it-services,Partial,Unknown / multi-site
2024-05-01,AMERITEL COMMUNICATIONS CORPORATION (TX),21269.04,it-services,Verified,https://api.usaspending.gov/api/v2/search/spending_by_award/,ICE contract award 70CMSD24FR0000025 from USAspending (award-level obligation).,it-services,Partial,Unknown / multi-site
2024-05-01,AMERITEL COMMUNICATIONS CORPORATION (MD),21275.28,operations-support,Verified,https://api.usaspending.gov/api/v2/search/spending_by_award/,ICE contract award 70CMSD24FR0000021 from USAspending (award-level obligation).,operations-support,Partial,Unknown / multi-site
2024-04-29,"OPTIVOR TECHNOLOGIES, LLC (NY)",56827.99,it-services,Verified,https://api.usaspending.gov/api/v2/search/spending_by_award/,ICE contract award 70CTD024FC0000007 from USAspending (award-level obligation).,it-services,Partial,Unknown / multi-site
2024-04-28,PARAGON PROFESSIONAL SERVICES LLC (MD),3375513.39,detention-operations,Verified,https://api.usaspending.gov/api/v2/search/spending_by_award/,ICE contract award 70CDCR24FR0000028 from USAspending (award-level obligation).,detention-operations,Partial,Unknown / multi-site
2024-04-27,DELL FEDERAL SYSTEMS L.P (DC),1797.6,operations-support,Verified,https://api.usaspending.gov/api/v2/search/spending_by_award/,ICE contract award 70CTD024FC0000006 from USAspending (award-level obligation).,operations-support,Partial,Unknown / multi-site
2024-04-26,QUANTICO TACTICAL INCORPORATED (NC),44213.85,operations-support,Verified,https://api.usaspending.gov/api/v2/search/spending_by_award/,ICE contract award 70CMSW24FC0000039 from USAspending (award-level obligation).,operations-support,Partial,Unknown / multi-site
2024-04-26,OCTASIC US INC. (DC),167530.0,operations-support,Verified,https://api.usaspending.gov/api/v2/search/spending_by_award/,ICE contract award 70CMSD24P00000036 from USAspending (award-level obligation).,operations-support,Partial,Unknown / multi-site
2024-04-26,"OHBG, INC (MO)",8644.32,air-transport,Verified,https://api.usaspending.gov/api/v2/search/spending_by_award/,ICE contract award 70CMSD24P00000035 from USAspending (award-level obligation).,air-transport,Partial,Unknown / multi-site
2024-04-26,"FCN, INC. (DC)",561800.8,operations-support,Verified,https://api.usaspending.gov/api/v2/search/spending_by_award/,ICE contract award 70CMSD24FR0000033 from USAspending (award-level obligation).,operations-support,Partial,Unknown / multi-site
2024-04-23,"AXON ENTERPRISE, INC. (AZ)",51223.76,operations-support,Verified,https://api.usaspending.gov/api/v2/search/spending_by_award/,ICE contract award 70CMSW24FR0000035 from USAspending (award-level obligation).,operations-support,Partial,Unknown / multi-site
2024-04-23,"AXON ENTERPRISE, INC. (AZ)",27279.0,operations-support,Verified,https://api.usaspending.gov/api/v2/search/spending_by_award/,ICE contract award 70CMSW24FR0000027 from USAspending (award-level obligation).,operations-support,Partial,Unknown / multi-site
2024-04-23,"FCN, INC. (DC)",134300.0,operations-support,Verified,https://api.usaspending.gov/api/v2/search/spending_by_award/,ICE contract award 70CMSD24FR0000029 from USAspending (award-level obligation).,operations-support,Partial,Unknown / multi-site
2024-04-23,"C & C INTERNATIONAL COMPUTERS & CONSULTANTS, INC. (VA)",32121.0,operations-support,Verified,https://api.usaspending.gov/api/v2/search/spending_by_award/,ICE contract award 70CMSD24FR0000027 from USAspending (award-level obligation).,operations-support,Partial,Unknown / multi-site
2024-04-22,SIG SAUER INC. (NH),13765.95,operations-support,Verified,https://api.usaspending.gov/api/v2/search/spending_by_award/,ICE contract award 70CMSW24FC0000038 from USAspending (award-level obligation).,operations-support,Partial,Unknown / multi-site
2024-04-20,BLUE TECH INC. (DC),18810.0,operations-support,Verified,https://api.usaspending.gov/api/v2/search/spending_by_award/,ICE contract award 70CTD024FR0000020 from USAspending (award-level obligation).,operations-support,Partial,Unknown / multi-site
2024-04-16,"HOLITNA CONSTRUCTION, LLC (AZ)",52420.14,it-services,Verified,https://api.usaspending.gov/api/v2/search/spending_by_award/,ICE contract award 70CMSW24FR0000029 from USAspending (award-level obligation).,it-services,Partial,Unknown / multi-site
2024-04-16,"TRIDANT SOLUTIONS, INC. (CA)",517836.12,medical-services,Verified,https://api.usaspending.gov/api/v2/search/spending_by_award/,ICE contract award 70CDCR24P00000007 from USAspending (award-level obligation).,medical-services,Partial,Unknown / multi-site
2024-04-15,DISSECT CYBER INC (VA),45600.0,operations-support,Verified,https://api.usaspending.gov/api/v2/search/spending_by_award/,ICE contract award 70CMSD24P00000030 from USAspending (award-level obligation).,operations-support,Partial,Unknown / multi-site
2024-04-15,"KONICA MINOLTA BUSINESS SOLUTIONS U.S.A, INC. (AZ)",6807.6,operations-support,Verified,https://api.usaspending.gov/api/v2/search/spending_by_award/,ICE contract award 70CMSD24FR0000012 from USAspending (award-level obligation).,operations-support,Partial,Unknown / multi-site
2024-04-15,METAPHASE CONSULTING LLC (VA),5416026.46,operations-support,Verified,https://api.usaspending.gov/api/v2/search/spending_by_award/,ICE contract award 70CMSD24FR0000011 from USAspending (award-level obligation).,operations-support,Partial,Unknown / multi-site
2024-04-14,"GETTYSBURG ADDRESSES, INC. (PA)",58600.0,operations-support,Verified,https://api.usaspending.gov/api/v2/search/spending_by_award/,ICE contract award 70CMSD25FR0000004 from USAspending (award-level obligation).,operations-support,Partial,Unknown / multi-site
2024-04-14,"GETTYSBURG ADDRESSES, INC. (PA)",330225.0,operations-support,Verified,https://api.usaspending.gov/api/v2/search/spending_by_award/,ICE contract award 70CMSD24FR0000028 from USAspending (award-level obligation).,operations-support,Partial,Unknown / multi-site
2024-04-12,"FCN, INC. (VA)",190934.2,operations-support,Verified,https://api.usaspending.gov/api/v2/search/spending_by_award/,ICE contract award 70CTD024FR0000019 from USAspending (award-level obligation).,operations-support,Partial,Unknown / multi-site
2024-04-11,CLARKE ELECTRIC LLC (SD),34195.98,it-services,Verified,https://api.usaspending.gov/api/v2/search/spending_by_award/,ICE contract award 70CMSD24P00000032 from USAspending (award-level obligation).,it-services,Partial,Unknown / multi-site
2024-04-11,RICOH USA INC (PA),5272.56,operations-support,Verified,https://api.usaspending.gov/api/v2/search/spending_by_award/,ICE contract award 70CMSD24FR0000026 from USAspending (award-level obligation).,operations-support,Partial,Unknown / multi-site
2024-04-09,"NAR MEDICAL DEPOT, LLC (SC)",80796.76,medical-services,Verified,https://api.usaspending.gov/api/v2/search/spending_by_award/,ICE contract award 70CMSW24FC0000036 from USAspending (award-level obligation).,medical-services,Partial,Unknown / multi-site
2024-04-08,"AVAYA FEDERAL SOLUTIONS, INC. (DC)",781553.28,operations-support,Verified,https://api.usaspending.gov/api/v2/search/spending_by_award/,ICE contract award 70CTD024FR0000018 from USAspending (award-level obligation).,operations-support,Partial,Unknown / multi-site
2024-04-08,TECHFOCUS LLC (DC),31770.0,it-services,Verified,https://api.usaspending.gov/api/v2/search/spending_by_award/,ICE contract award 70CMSW24FR0000040 from USAspending (award-level obligation).,it-services,Partial,Unknown / multi-site
2024-04-08,PRICE MODERN LLC (MD),5400.0,it-services,Verified,https://api.usaspending.gov/api/v2/search/spending_by_award/,ICE contract award 70CMSW24FC0000037 from USAspending (award-level obligation).,it-services,Partial,Unknown / multi-site
2024-04-08,"GRACIE GLOBAL, LLC (CA)",39000.0,operations-support,Verified,https://api.usaspending.gov/api/v2/search/spending_by_award/,ICE contract award 70CMSD24P00000024 from USAspending (award-level obligation).,operations-support,Partial,Unknown / multi-site
2024-04-05,QUANTICO TACTICAL INCORPORATED (GA),75859.8,it-services,Verified,https://api.usaspending.gov/api/v2/search/spending_by_award/,ICE contract award 70CMSW24FR0000039 from USAspending (award-level obligation).,it-services,Partial,Unknown / multi-site
2024-04-04,"CSI AVIATION, INC (AZ)",324216615.92,air-transport,Verified,https://api.usaspending.gov/api/v2/search/spending_by_award/,ICE contract award 70CDCR24FR0000024 from USAspending (award-level obligation).,air-transport,Verified,ICE Air / Removal Operations
2024-04-02,SIG SAUER INC. (GA),102252.0,operations-support,Verified,https://api.usaspending.gov/api/v2/search/spending_by_award/,ICE contract award 70CMSW24FC0000035 from USAspending (award-level obligation).,operations-support,Partial,Unknown / multi-site
2024-04-02,"WORKWEAR OUTFITTERS, LLC (TN)",60406.0,it-services,Verified,https://api.usaspending.gov/api/v2/search/spending_by_award/,ICE contract award 70CMSD24FR0000020 from USAspending (award-level obligation).,it-services,Partial,Unknown / multi-site
2024-04-01,"V3 GATE TEAM, LLP (AZ)",98846.15,it-services,Verified,https://api.usaspending.gov/api/v2/search/spending_by_award/,ICE contract award 70CTD024FR0000016 from USAspending (award-level obligation).,it-services,Partial,Unknown / multi-site
2024-04-01,"PANAMERICA COMPUTERS, INC. (VA)",2382713.07,operations-support,Verified,https://api.usaspending.gov/api/v2/search/spending_by_award/,ICE contract award 70CTD024FR0000015 from USAspending (award-level obligation).,operations-support,Partial,Unknown / multi-site
2024-04-01,"J'S COMMUNICATIONS, INC (CA)",10828.0,operations-support,Verified,https://api.usaspending.gov/api/v2/search/spending_by_award/,ICE contract award 70CMSD24P00000029 from USAspending (award-level obligation).,operations-support,Partial,Unknown / multi-site
2024-04-01,"FCN, INC. (MD)",49360.0,it-services,Verified,https://api.usaspending.gov/api/v2/search/spending_by_award/,ICE contract award 70CMSD24FC0000005 from USAspending (award-level obligation).,it-services,Partial,Unknown / multi-site
2024-04-01,"MVM, INC. (TX)",145096173.9,detention-operations,Verified,https://api.usaspending.gov/api/v2/search/spending_by_award/,ICE contract award 70CDCR25FR0000026 from USAspending (award-level obligation).,air-transport,Verified,ICE Air / Removal Operations
2024-04-01,COUNTY OF OAKLAND (MI),43057.0,it-services,Verified,https://api.usaspending.gov/api/v2/search/spending_by_award/,ICE contract award 70CDCR24P00000004 from USAspending (award-level obligation).,it-services,Partial,Unknown / multi-site
2024-04-01,PARAGON PROFESSIONAL SERVICES LLC (NY),5403207.11,detention-operations,Verified,https://api.usaspending.gov/api/v2/search/spending_by_award/,ICE contract award 70CDCR24FR0000027 from USAspending (award-level obligation).,detention-operations,Partial,Unknown / multi-site
2024-04-01,"MVM, INC. (TX)",142022108.11,detention-operations,Verified,https://api.usaspending.gov/api/v2/search/spending_by_award/,ICE contract award 70CDCR24FR0000026 from USAspending (award-level obligation).,air-transport,Verified,ICE Air / Removal Operations
2024-04-01,"WORKWEAR OUTFITTERS, LLC (TN)",1200000.0,it-services,Verified,https://api.usaspending.gov/api/v2/search/spending_by_award/,ICE contract award 70CDCR24FR0000023 from USAspending (award-level obligation).,it-services,Partial,Unknown / multi-site
2024-04-01,"THE GEO GROUP, INC. (TX)",6796406.43,detention-operations,Verified,https://api.usaspending.gov/api/v2/search/spending_by_award/,ICE contract award 70CDCR24FC0000004 from USAspending (award-level obligation).,detention-operations,Partial,Unknown / multi-site
2024-03-30,DELOITTE CONSULTING LLP (DC),12750331.4,it-services,Verified,https://api.usaspending.gov/api/v2/search/spending_by_award/,ICE contract award 70CMSW24FR0000037 from USAspending (award-level obligation).,it-services,Partial,Unknown / multi-site
2024-03-30,CREDENCE DYNAMO SOLUTIONS LLC (VA),3139379.45,it-services,Verified,https://api.usaspending.gov/api/v2/search/spending_by_award/,ICE contract award 70CMSD24FR0000019 from USAspending (award-level obligation).,it-services,Partial,Unknown / multi-site
2024-03-30,D&G SUPPORT SERVICES LLC (DC),1406314.81,it-services,Verified,https://api.usaspending.gov/api/v2/search/spending_by_award/,ICE contract award 70CMSD24FC0000003 from USAspending (award-level obligation).,it-services,Partial,Unknown / multi-site
2024-03-29,MAXIMINO RIVERA (PR),72000.0,operations-support,Verified,https://api.usaspending.gov/api/v2/search/spending_by_award/,ICE contract award 70CMSD24P00000028 from USAspending (award-level obligation).,operations-support,Partial,Unknown / multi-site
2024-03-29,CORP TEN INTERNATIONAL (VA),654280.95,it-services,Verified,https://api.usaspending.gov/api/v2/search/spending_by_award/,ICE contract award 70CMSD24P00000025 from USAspending (award-level obligation).,it-services,Partial,Unknown / multi-site
2024-03-27,DELL FEDERAL SYSTEMS L.P (DC),17595776.61,operations-support,Verified,https://api.usaspending.gov/api/v2/search/spending_by_award/,ICE contract award 70CTD024FC0000005 from USAspending (award-level obligation).,operations-support,Partial,Unknown / multi-site
2024-03-27,OPSEC SECURITY INC (PA),15840.0,operations-support,Verified,https://api.usaspending.gov/api/v2/search/spending_by_award/,ICE contract award 70CMSD24FR0000018 from USAspending (award-level obligation).,operations-support,Partial,Unknown / multi-site
2024-03-26,"CONVERGEONE GOVERNMENT SOLUTIONS, LLC (TX)",13981.17,it-services,Verified,https://api.usaspending.gov/api/v2/search/spending_by_award/,ICE contract award 70CTD024FC0000003 from USAspending (award-level obligation).,it-services,Partial,Unknown / multi-site
2024-03-26,CAMBIO CONSULTING GROUP LLC (NY),236052.0,operations-support,Verified,https://api.usaspending.gov/api/v2/search/spending_by_award/,ICE contract award 70CMSD24FR0000023 from USAspending (award-level obligation).,operations-support,Partial,Unknown / multi-site
2024-03-25,AKIRA TECHNOLOGIES INC. (DC),20128.05,it-services,Verified,https://api.usaspending.gov/api/v2/search/spending_by_award/,ICE contract award 70CTD024FR0000014 from USAspending (award-level obligation).,it-services,Partial,Unknown / multi-site
2024-03-25,PRICE MODERN LLC (MD),146697.85,it-services,Verified,https://api.usaspending.gov/api/v2/search/spending_by_award/,ICE contract award 70CMSW24FC0000034 from USAspending (award-level obligation).,it-services,Partial,Unknown / multi-site
2024-03-25,PRICE MODERN LLC (MD),22539.57,it-services,Verified,https://api.usaspending.gov/api/v2/search/spending_by_award/,ICE contract award 70CMSW24FC0000033 from USAspending (award-level obligation).,it-services,Partial,Unknown / multi-site
2024-03-25,AVMEDICAL LLC (DC),33000.0,operations-support,Verified,https://api.usaspending.gov/api/v2/search/spending_by_award/,ICE contract award 70CMSD24FC0000004 from USAspending (award-level obligation).,operations-support,Partial,Unknown / multi-site
2024-03-22,"OPTIVOR TECHNOLOGIES, LLC (DC)",150721.55,operations-support,Verified,https://api.usaspending.gov/api/v2/search/spending_by_award/,ICE contract award 70CTD024FC0000004 from USAspending (award-level obligation).,operations-support,Partial,Unknown / multi-site
2024-03-22,SOLV LLC (DC),1770771.0,it-services,Verified,https://api.usaspending.gov/api/v2/search/spending_by_award/,ICE contract award 70CMSW24FR0000034 from USAspending (award-level obligation).,it-services,Partial,Unknown / multi-site
2024-03-22,"SOUTHERN POLICE EQUIPMENT COMPANY, INC. (GA)",22866.48,operations-support,Verified,https://api.usaspending.gov/api/v2/search/spending_by_award/,ICE contract award 70CMSW24FR0000033 from USAspending (award-level obligation).,operations-support,Partial,Unknown / multi-site
2024-03-22,"XY-SYSTEMS, INC. (LA)",138271.0,operations-support,Verified,https://api.usaspending.gov/api/v2/search/spending_by_award/,ICE contract award 70CDCR24FR0000025 from USAspending (award-level obligation).,operations-support,Partial,Unknown / multi-site
2024-03-20,"AXON ENTERPRISE, INC. (PA)",14940.0,operations-support,Verified,https://api.usaspending.gov/api/v2/search/spending_by_award/,ICE contract award 70CMSD24P00000027 from USAspending (award-level obligation).,operations-support,Partial,Unknown / multi-site
2024-03-19,CREDENCE MANAGEMENT SOLUTIONS LIMITED LIABILITY COMPANY (DC),10016363.51,it-services,Verified,https://api.usaspending.gov/api/v2/search/spending_by_award/,ICE contract award 70CTD024FR0000012 from USAspending (award-level obligation).,it-services,Partial,Unknown / multi-site
2024-03-19,VH BLACKINTON & CO INC (VA),205640.0,operations-support,Verified,https://api.usaspending.gov/api/v2/search/spending_by_award/,ICE contract award 70CMSD24P00000026 from USAspending (award-level obligation).,operations-support,Partial,Unknown / multi-site
2024-03-16,BLUE TECH INC. (DC),16500.0,operations-support,Verified,https://api.usaspending.gov/api/v2/search/spending_by_award/,ICE contract award 70CTD024FR0000010 from USAspending (award-level obligation).,operations-support,Partial,Unknown / multi-site
2024-03-16,"MLINQS, LLC (VA)",1538051.04,operations-support,Verified,https://api.usaspending.gov/api/v2/search/spending_by_award/,ICE contract award 70CMSW24FR0000032 from USAspending (award-level obligation).,operations-support,Partial,Unknown / multi-site
2024-03-15,"SOUTHERN POLICE EQUIPMENT COMPANY, INC. (GA)",22182.64,operations-support,Verified,https://api.usaspending.gov/api/v2/search/spending_by_award/,ICE contract award 70CMSW24FR0000030 from USAspending (award-level obligation).,operations-support,Partial,Unknown / multi-site
2024-03-15,SP PLUS LLC (CA),585060.0,operations-support,Verified,https://api.usaspending.gov/api/v2/search/spending_by_award/,ICE contract award 70CMSD24P00000022 from USAspending (award-level obligation).,operations-support,Partial,Unknown / multi-site
2024-03-14,"HENRY SCHEIN, INC. (VA)",382829.0,medical-services,Verified,https://api.usaspending.gov/api/v2/search/spending_by_award/,ICE contract award 70CTD024P00000003 from USAspending (award-level obligation).,medical-services,Partial,Unknown / multi-site
2024-03-13,"ATLANTIC DIVING SUPPLY, INC. (FL)",24407.36,operations-support,Verified,https://api.usaspending.gov/api/v2/search/spending_by_award/,ICE contract award 70CMSW24FC0000032 from USAspending (award-level obligation).,operations-support,Partial,Unknown / multi-site
2024-03-12,PRICE MODERN LLC (TX),216295.36,it-services,Verified,https://api.usaspending.gov/api/v2/search/spending_by_award/,ICE contract award 70CMSW24FC0000030 from USAspending (award-level obligation).,it-services,Partial,Unknown / multi-site
2024-03-12,PERFECT FIT (ME),55615.0,operations-support,Verified,https://api.usaspending.gov/api/v2/search/spending_by_award/,ICE contract award 70CMSD24FR0000017 from USAspending (award-level obligation).,operations-support,Partial,Unknown / multi-site
2024-03-11,"SRT SUPPLY, LLC (FL)",20100.36,operations-support,Verified,https://api.usaspending.gov/api/v2/search/spending_by_award/,ICE contract award 70CMSW24FR0000031 from USAspending (award-level obligation).,operations-support,Partial,Unknown / multi-site
2024-03-11,INTERNATIONAL ASSOCIATION OF CHIEFS OF POLICE (DC),12200.0,operations-support,Verified,https://api.usaspending.gov/api/v2/search/spending_by_award/,ICE contract award 70CMSD24P00000023 from USAspending (award-level obligation).,operations-support,Partial,Unknown / multi-site
2024-03-07,"PANAMERICA COMPUTERS, INC. (DC)",23225.58,operations-support,Verified,https://api.usaspending.gov/api/v2/search/spending_by_award/,ICE contract award 70CMSD24FR0000016 from USAspending (award-level obligation).,operations-support,Partial,Unknown / multi-site
2024-03-06,"GENERAL DYNAMICS - OTS, INC. (ME)",198378.54,operations-support,Verified,https://api.usaspending.gov/api/v2/search/spending_by_award/,ICE contract award 70CMSW24FR0000028 from USAspending (award-level obligation).,operations-support,Partial,Unknown / multi-site
2024-03-06,"FEDERAL RESOURCES SUPPLY COMPANY, LLC (PA)",53064.19,operations-support,Verified,https://api.usaspending.gov/api/v2/search/spending_by_award/,ICE contract award 70CMSD24FR0000014 from USAspending (award-level obligation).,operations-support,Partial,Unknown / multi-site
2024-03-06,"C & C INTERNATIONAL COMPUTERS & CONSULTANTS, INC. (VA)",28752.0,operations-support,Verified,https://api.usaspending.gov/api/v2/search/spending_by_award/,ICE contract award 70CMSD24FR0000013 from USAspending (award-level obligation).,operations-support,Partial,Unknown / multi-site
2024-03-05,DELOITTE CONSULTING LLP (VA),3809192.5,it-services,Verified,https://api.usaspending.gov/api/v2/search/spending_by_award/,ICE contract award 70CMSW24FR0000024 from USAspending (award-level obligation).,it-services,Partial,Unknown / multi-site
2024-03-04,KELLEY CREATE CO (TX),5112.0,operations-support,Verified,https://api.usaspending.gov/api/v2/search/spending_by_award/,ICE contract award 70CMSD24FR0000007 from USAspending (award-level obligation).,operations-support,Partial,Unknown / multi-site
2024-03-03,AKIRA TECHNOLOGIES INC. (AZ),130402.96,operations-support,Verified,https://api.usaspending.gov/api/v2/search/spending_by_award/,ICE contract award 70CTD024FR0000008 from USAspending (award-level obligation).,operations-support,Partial,Unknown / multi-site
2024-03-01,AKIRA TECHNOLOGIES INC. (DC),16129.7,air-transport,Verified,https://api.usaspending.gov/api/v2/search/spending_by_award/,ICE contract award 70CTD024FR0000009 from USAspending (award-level obligation).,air-transport,Partial,Unknown / multi-site
2024-03-01,"HOLITNA CONSTRUCTION, LLC (VA)",32967.24,it-services,Verified,https://api.usaspending.gov/api/v2/search/spending_by_award/,ICE contract award 70CMSW24FR0000026 from USAspending (award-level obligation).,it-services,Partial,Unknown / multi-site
2024-03-01,ABM INDUSTRIES INC (HI),8960.0,operations-support,Verified,https://api.usaspending.gov/api/v2/search/spending_by_award/,ICE contract award 70CMSD24P00000021 from USAspending (award-level obligation).,operations-support,Partial,Unknown / multi-site
2024-03-01,KORE 125 JOHN CARPENTER LLC (TX),17400.0,operations-support,Verified,https://api.usaspending.gov/api/v2/search/spending_by_award/,ICE contract award 70CMSD24P00000020 from USAspending (award-level obligation).,operations-support,Partial,Unknown / multi-site
2024-03-01,AMERICAN IMMIGRATION LAWYERS ASSOCIATION (TX),18256.0,operations-support,Verified,https://api.usaspending.gov/api/v2/search/spending_by_award/,ICE contract award 70CMSD24P00000012 from USAspending (award-level obligation).,operations-support,Partial,Unknown / multi-site
2024-03-01,KELLEY CREATE CO (CA),7088.4,it-services,Verified,https://api.usaspending.gov/api/v2/search/spending_by_award/,ICE contract award 70CMSD24FR0000004 from USAspending (award-level obligation).,it-services,Partial,Unknown / multi-site
2024-03-01,MACQUEEN MICHAEL C (MD),10230.0,it-services,Verified,https://api.usaspending.gov/api/v2/search/spending_by_award/,ICE contract award 70CMSD24FC0000002 from USAspending (award-level obligation).,it-services,Partial,Unknown / multi-site
2024-02-28,PRICE MODERN LLC (CA),1076704.89,it-services,Verified,https://api.usaspending.gov/api/v2/search/spending_by_award/,ICE contract award 70CMSW24FC0000029 from USAspending (award-level obligation).,it-services,Partial,Unknown / multi-site
2024-02-26,"FOUR POINTS TECHNOLOGY, L.L.C. (DC)",1501050.65,operations-support,Verified,https://api.usaspending.gov/api/v2/search/spending_by_award/,ICE contract award 70CTD024FR0000007 from USAspending (award-level obligation).,operations-support,Partial,Unknown / multi-site
2024-02-26,"FEDERAL PRISON INDUSTRIES, INC (TX)",6825.0,detention-operations,Verified,https://api.usaspending.gov/api/v2/search/spending_by_award/,ICE contract award 70CDCR24P00000011 from USAspending (award-level obligation).,detention-operations,Partial,Unknown / multi-site
2024-02-20,"PHOENIX GENERAL CONTRACTORS, LLC (TX)",288152.49,detention-operations,Verified,https://api.usaspending.gov/api/v2/search/spending_by_award/,ICE contract award 70CMSW24C00000005 from USAspending (award-level obligation).,detention-operations,Partial,Unknown / multi-site
2024-02-20,"FEDERAL RESOURCES SUPPLY COMPANY, LLC (WA)",33640.0,operations-support,Verified,https://api.usaspending.gov/api/v2/search/spending_by_award/,ICE contract award 70CMSD24FR0000010 from USAspending (award-level obligation).,operations-support,Partial,Unknown / multi-site
2024-02-20,EVERYDAY HERO CPR LLC (TX),162907.79,operations-support,Verified,https://api.usaspending.gov/api/v2/search/spending_by_award/,ICE contract award 70CMSD24FR0000009 from USAspending (award-level obligation).,operations-support,Partial,Unknown / multi-site
2024-02-17,JTF BUSINESS SYSTEMS CORPORATION (FL),5328.0,operations-support,Verified,https://api.usaspending.gov/api/v2/search/spending_by_award/,ICE contract award 70CMSD24FR0000003 from USAspending (award-level obligation).,operations-support,Partial,Unknown / multi-site
2024-02-16,CGI FEDERAL INC. (VA),90656.0,operations-support,Verified,https://api.usaspending.gov/api/v2/search/spending_by_award/,ICE contract award 70CTD024P00000004 from USAspending (award-level obligation).,operations-support,Partial,Unknown / multi-site
2024-02-16,"FCN, INC. (MD)",51200.0,it-services,Verified,https://api.usaspending.gov/api/v2/search/spending_by_award/,ICE contract award 70CMSD24FC0000001 from USAspending (award-level obligation).,it-services,Partial,Unknown / multi-site
2024-02-15,PRICE MODERN LLC (CA),41408.49,it-services,Verified,https://api.usaspending.gov/api/v2/search/spending_by_award/,ICE contract award 70CMSW24FC0000027 from USAspending (award-level obligation).,it-services,Partial,Unknown / multi-site
2024-02-15,MARTYS AUTO BODY SERVICES LIMITED (NY),30845.7,air-transport,Verified,https://api.usaspending.gov/api/v2/search/spending_by_award/,ICE contract award 70CMSD24P00000018 from USAspending (award-level obligation).,air-transport,Partial,Unknown / multi-site
2024-02-15,"SD SHREDDING, INC. (CA)",14309.42,operations-support,Verified,https://api.usaspending.gov/api/v2/search/spending_by_award/,ICE contract award 70CMSD24P00000017 from USAspending (award-level obligation).,operations-support,Partial,Unknown / multi-site
2024-02-15,GRIFFEYE INC (VA),15000.0,operations-support,Verified,https://api.usaspending.gov/api/v2/search/spending_by_award/,ICE contract award 70CMSD24P00000011 from USAspending (award-level obligation).,operations-support,Partial,Unknown / multi-site
2024-02-15,EVERYDAY HERO CPR LLC (TX),126252.22,operations-support,Verified,https://api.usaspending.gov/api/v2/search/spending_by_award/,ICE contract award 70CMSD24FR0000008 from USAspending (award-level obligation).,operations-support,Partial,Unknown / multi-site
2024-02-14,"FCN, INC. (NY)",532620.0,it-services,Verified,https://api.usaspending.gov/api/v2/search/spending_by_award/,ICE contract award 70CTD024FC0000002 from USAspending (award-level obligation).,it-services,Partial,Unknown / multi-site
2024-02-14,TIDEWATER DISTRIBUTORS LLC (VA),34845.24,operations-support,Verified,https://api.usaspending.gov/api/v2/search/spending_by_award/,ICE contract award 70CMSW24FR0000025 from USAspending (award-level obligation).,operations-support,Partial,Unknown / multi-site
2024-02-14,PRICE MODERN LLC (MD),27574.2,it-services,Verified,https://api.usaspending.gov/api/v2/search/spending_by_award/,ICE contract award 70CMSW24FC0000028 from USAspending (award-level obligation).,it-services,Partial,Unknown / multi-site
2024-02-14,PRICE MODERN LLC (MD),10200.0,it-services,Verified,https://api.usaspending.gov/api/v2/search/spending_by_award/,ICE contract award 70CMSW24FC0000024 from USAspending (award-level obligation).,it-services,Partial,Unknown / multi-site
2024-02-13,"FEDERAL PRISON INDUSTRIES, INC (TX)",13413.0,detention-operations,Verified,https://api.usaspending.gov/api/v2/search/spending_by_award/,ICE contract award 70CDCR24P00000010 from USAspending (award-level obligation).,detention-operations,Partial,Unknown / multi-site
2024-02-12,THE KINETIC GROUP SALES LLC (MN),884100.0,it-services,Verified,https://api.usaspending.gov/api/v2/search/spending_by_award/,ICE contract award 70CMSW24FR0000023 from USAspending (award-level obligation).,it-services,Partial,Unknown / multi-site
2024-02-12,THE KINETIC GROUP SALES LLC (MN),701298.0,it-services,Verified,https://api.usaspending.gov/api/v2/search/spending_by_award/,ICE contract award 70CMSW24FR0000022 from USAspending (award-level obligation).,it-services,Partial,Unknown / multi-site
2024-02-12,"HOLITNA CONSTRUCTION, LLC (DC)",240375.16,it-services,Verified,https://api.usaspending.gov/api/v2/search/spending_by_award/,ICE contract award 70CMSW24FR0000021 from USAspending (award-level obligation).,it-services,Partial,Unknown / multi-site
2024-02-11,THE HIGHLANDS RANCH LAW ENFORCEMENT TRAINING FOUNDATION (CO),125600.0,it-services,Verified,https://api.usaspending.gov/api/v2/search/spending_by_award/,ICE contract award 70CMSW24P00000004 from USAspending (award-level obligation).,it-services,Partial,Unknown / multi-site
2024-02-10,LIONBRIDGE GLOBAL SOLUTIONS II INC. (DC),5324458.7,operations-support,Verified,https://api.usaspending.gov/api/v2/search/spending_by_award/,ICE contract award 70CDCR24FR0000022 from USAspending (award-level obligation).,operations-support,Partial,Unknown / multi-site
2024-02-09,LCEO LLC (GA),10559.04,operations-support,Verified,https://api.usaspending.gov/api/v2/search/spending_by_award/,ICE contract award 70CMSW24FR0000011 from USAspending (award-level obligation).,operations-support,Partial,Unknown / multi-site
2024-02-08,JTF BUSINESS SYSTEMS CORPORATION (VA),16704.0,operations-support,Verified,https://api.usaspending.gov/api/v2/search/spending_by_award/,ICE contract award 70CMSD24FR0000005 from USAspending (award-level obligation).,operations-support,Partial,Unknown / multi-site
2024-02-07,PRICE MODERN LLC (FL),378270.04,it-services,Verified,https://api.usaspending.gov/api/v2/search/spending_by_award/,ICE contract award 70CMSW24FC0000023 from USAspending (award-level obligation).,it-services,Partial,Unknown / multi-site
2024-02-07,CHARTER COMMUNICATIONS OPERATING LLC (TX),24720.0,operations-support,Verified,https://api.usaspending.gov/api/v2/search/spending_by_award/,ICE contract award 70CMSD24P00000003 from USAspending (award-level obligation).,operations-support,Partial,Unknown / multi-site
2024-02-06,THE KINETIC GROUP SALES LLC (MN),1298700.0,it-services,Verified,https://api.usaspending.gov/api/v2/search/spending_by_award/,ICE contract award 70CMSW24FR0000013 from USAspending (award-level obligation).,it-services,Partial,Unknown / multi-site
2024-02-05,"RANGE 54, LLC (KS)",20631.0,it-services,Verified,https://api.usaspending.gov/api/v2/search/spending_by_award/,ICE contract award 70CDCR24P00000009 from USAspending (award-level obligation).,it-services,Partial,Unknown / multi-site
2024-02-05,GLOBAL TRAVELER LLC (SC),61188.0,detention-operations,Verified,https://api.usaspending.gov/api/v2/search/spending_by_award/,ICE contract award 70CDCR24P00000008 from USAspending (award-level obligation).,detention-operations,Partial,Unknown / multi-site
2024-02-02,"ATLANTIC DIVING SUPPLY, INC. (VA)",246063.95,operations-support,Verified,https://api.usaspending.gov/api/v2/search/spending_by_award/,ICE contract award 70CMSW24FC0000026 from USAspending (award-level obligation).,operations-support,Partial,Unknown / multi-site
2024-02-02,"ECHELON FRONT, LLC (DC)",38640.0,operations-support,Verified,https://api.usaspending.gov/api/v2/search/spending_by_award/,ICE contract award 70CMSD24P00000015 from USAspending (award-level obligation).,operations-support,Partial,Unknown / multi-site
2024-02-01,"AXON ENTERPRISE, INC. (AZ)",50473.76,operations-support,Verified,https://api.usaspending.gov/api/v2/search/spending_by_award/,ICE contract award 70CMSW24FR0000012 from USAspending (award-level obligation).,operations-support,Partial,Unknown / multi-site
2024-02-01,"AKIMA GLOBAL SERVICES, LLC (NY)",30620614.52,detention-operations,Verified,https://api.usaspending.gov/api/v2/search/spending_by_award/,ICE contract award 70CDCR24FR0000019 from USAspending (award-level obligation).,detention-operations,Partial,Unknown / multi-site
2024-01-31,QUANTICO TACTICAL INCORPORATED (NC),46535.11,operations-support,Verified,https://api.usaspending.gov/api/v2/search/spending_by_award/,ICE contract award 70CMSW24FC0000025 from USAspending (award-level obligation).,operations-support,Partial,Unknown / multi-site
2024-01-31,"ATLANTIC DIVING SUPPLY, INC. (VA)",1549304.68,it-services,Verified,https://api.usaspending.gov/api/v2/search/spending_by_award/,ICE contract award 70CMSW24FC0000018 from USAspending (award-level obligation).,it-services,Partial,Unknown / multi-site
2024-01-29,"ATLANTIC DIVING SUPPLY, INC. (VA)",18144.0,operations-support,Verified,https://api.usaspending.gov/api/v2/search/spending_by_award/,ICE contract award 70CMSW24FC0000022 from USAspending (award-level obligation).,operations-support,Partial,Unknown / multi-site
2024-01-29,AMERITEL COMMUNICATIONS CORP (MD),4056.96,operations-support,Verified,https://api.usaspending.gov/api/v2/search/spending_by_award/,ICE contract award 70CMSD24P00000014 from USAspending (award-level obligation).,operations-support,Partial,Unknown / multi-site
2024-01-29,"HOMELAND SECURITY AND MANAGEMENT SOLUTIONS, INC. (FL)",24480.0,operations-support,Verified,https://api.usaspending.gov/api/v2/search/spending_by_award/,ICE contract award 70CMSD24P00000006 from USAspending (award-level obligation).,operations-support,Partial,Unknown / multi-site
2024-01-25,QUANTICO TACTICAL INCORPORATED (NC),82414.34,operations-support,Verified,https://api.usaspending.gov/api/v2/search/spending_by_award/,ICE contract award 70CMSW24FC0000021 from USAspending (award-level obligation).,operations-support,Partial,Unknown / multi-site
2024-01-25,QUANTICO TACTICAL INCORPORATED (NC),108451.8,operations-support,Verified,https://api.usaspending.gov/api/v2/search/spending_by_award/,ICE contract award 70CMSW24FC0000020 from USAspending (award-level obligation).,operations-support,Partial,Unknown / multi-site
2024-01-25,"OUTLOOK-NEBRASKA, INC. (TX)",18585.0,detention-operations,Verified,https://api.usaspending.gov/api/v2/search/spending_by_award/,ICE contract award 70CDCR24P00000005 from USAspending (award-level obligation).,detention-operations,Partial,Unknown / multi-site
2024-01-24,GLENNIE REPORTING SERVICES LLC (SC),6574.68,operations-support,Verified,https://api.usaspending.gov/api/v2/search/spending_by_award/,ICE contract award 70CDCR24FR0000017 from USAspending (award-level obligation).,operations-support,Partial,Unknown / multi-site
2024-01-22,GETDATA (VA),71631.15,operations-support,Verified,https://api.usaspending.gov/api/v2/search/spending_by_award/,ICE contract award 70CMSD24P00000013 from USAspending (award-level obligation).,operations-support,Partial,Unknown / multi-site
2024-01-22,BSK CONSULTING LLC (SC),60000.0,operations-support,Verified,https://api.usaspending.gov/api/v2/search/spending_by_award/,ICE contract award 70CMSD24P00000009 from USAspending (award-level obligation).,operations-support,Partial,Unknown / multi-site
2024-01-19,ADVANCED MATERIAL HANDLING LLC (TX),85400.0,detention-operations,Verified,https://api.usaspending.gov/api/v2/search/spending_by_award/,ICE contract award 70CMSW24FR0000010 from USAspending (award-level obligation).,detention-operations,Partial,Unknown / multi-site
2024-01-19,PRICE MODERN LLC (MD),9300.0,it-services,Verified,https://api.usaspending.gov/api/v2/search/spending_by_award/,ICE contract award 70CMSW24FC0000019 from USAspending (award-level obligation).,it-services,Partial,Unknown / multi-site
2024-01-15,CGI FEDERAL INC. (VA),79324.0,operations-support,Verified,https://api.usaspending.gov/api/v2/search/spending_by_award/,ICE contract award 70CMSD24P00000010 from USAspending (award-level obligation).,operations-support,Partial,Unknown / multi-site
2024-01-11,PRICE MODERN LLC (MD),12000.0,it-services,Verified,https://api.usaspending.gov/api/v2/search/spending_by_award/,ICE contract award 70CMSW24FC0000016 from USAspending (award-level obligation).,it-services,Partial,Unknown / multi-site
2024-01-10,"CAPITAL REPORTING COMPANY, LLC (DC)",2749.2,it-services,Verified,https://api.usaspending.gov/api/v2/search/spending_by_award/,ICE contract award 70CMSD24P00000007 from USAspending (award-level obligation).,it-services,Partial,Unknown / multi-site
2024-01-10,RAYSECUR INC (MA),68942.81,detention-operations,Verified,https://api.usaspending.gov/api/v2/search/spending_by_award/,ICE contract award 70CDCR24FR0000016 from USAspending (award-level obligation).,detention-operations,Partial,Unknown / multi-site
2024-01-09,"NAR MEDICAL DEPOT, LLC (GA)",67198.42,operations-support,Verified,https://api.usaspending.gov/api/v2/search/spending_by_award/,ICE contract award 70CMSW24FC0000017 from USAspending (award-level obligation).,operations-support,Partial,Unknown / multi-site
2024-01-08,GUIDEHOUSE INC. (VA),1309232.0,operations-support,Verified,https://api.usaspending.gov/api/v2/search/spending_by_award/,ICE contract award 70CMSD24FR0000002 from USAspending (award-level obligation).,operations-support,Partial,Unknown / multi-site
2024-01-03,QUANTICO TACTICAL INCORPORATED (NC),17291.52,it-services,Verified,https://api.usaspending.gov/api/v2/search/spending_by_award/,ICE contract award 70CMSW24FR0000009 from USAspending (award-level obligation).,it-services,Partial,Unknown / multi-site
2024-01-02,"HOLITNA CONSTRUCTION, LLC (AK)",124325.38,it-services,Verified,https://api.usaspending.gov/api/v2/search/spending_by_award/,ICE contract award 70CMSW24FR0000007 from USAspending (award-level obligation).,it-services,Partial,Unknown / multi-site
2024-01-01,BLUE TECH INC. (DC),108589.0,operations-support,Verified,https://api.usaspending.gov/api/v2/search/spending_by_award/,ICE contract award 70CTD024FR0000005 from USAspending (award-level obligation).,operations-support,Partial,Unknown / multi-site
2024-01-01,"SAVANTAGE FINANCIAL SERVICES, INC. (MD)",37466525.94,operations-support,Verified,https://api.usaspending.gov/api/v2/search/spending_by_award/,ICE contract award 70CTD024FR0000003 from USAspending (award-level obligation).,operations-support,Partial,Unknown / multi-site
2024-01-01,NAR TRAINING LLC (GA),320700.0,operations-support,Verified,https://api.usaspending.gov/api/v2/search/spending_by_award/,ICE contract award 70CMSW24P00000001 from USAspending (award-level obligation).,operations-support,Partial,Unknown / multi-site
2024-01-01,"HEALTHEQUITY, INC. (UT)",143019.99,medical-services,Verified,https://api.usaspending.gov/api/v2/search/spending_by_award/,ICE contract award 70CMSW24FR0000036 from USAspending (award-level obligation).,medical-services,Partial,Unknown / multi-site
2024-01-01,"NTT DATA FEDERAL SERVICES, INC. (GA)",203155.91,operations-support,Verified,https://api.usaspending.gov/api/v2/search/spending_by_award/,ICE contract award 70CMSW24FR0000005 from USAspending (award-level obligation).,operations-support,Partial,Unknown / multi-site
2024-01-01,"ESCONDIDO, CITY OF (CA)",26000.0,operations-support,Verified,https://api.usaspending.gov/api/v2/search/spending_by_award/,ICE contract award 70CMSD24P00000008 from USAspending (award-level obligation).,operations-support,Partial,Unknown / multi-site
2024-01-01,ANSI NATIONAL ACCREDITATION BOARD LLC (VA),38270.0,it-services,Verified,https://api.usaspending.gov/api/v2/search/spending_by_award/,ICE contract award 70CMSD24P00000005 from USAspending (award-level obligation).,it-services,Partial,Unknown / multi-site
2023-12-31,"GOVPLACE, LLC (DC)",440767.46,it-services,Verified,https://api.usaspending.gov/api/v2/search/spending_by_award/,ICE contract award 70CTD024FR0000006 from USAspending (award-level obligation).,it-services,Partial,Unknown / multi-site
2023-12-31,CAPGEMINI GOVERNMENT SOLUTIONS LLC (VA),22204787.68,operations-support,Verified,https://api.usaspending.gov/api/v2/search/spending_by_award/,ICE contract award 70CDCR24FR0000006 from USAspending (award-level obligation).,operations-support,Partial,Unknown / multi-site
2023-12-29,"SNAP, INC (DC)",82316.85,operations-support,Verified,https://api.usaspending.gov/api/v2/search/spending_by_award/,ICE contract award 70CTD024FR0000004 from USAspending (award-level obligation).,operations-support,Partial,Unknown / multi-site
